-- MySQL dump 10.13  Distrib 8.0.15, for Win64 (x86_64)
--
-- Host: localhost    Database: lakida_game_studio_v6
-- ------------------------------------------------------
-- Server version	8.0.15

/*!40101 SET @OLD_CHARACTER_SET_CLIENT=@@CHARACTER_SET_CLIENT */;
/*!40101 SET @OLD_CHARACTER_SET_RESULTS=@@CHARACTER_SET_RESULTS */;
/*!40101 SET @OLD_COLLATION_CONNECTION=@@COLLATION_CONNECTION */;
 SET NAMES utf8 ;
/*!40014 SET @OLD_UNIQUE_CHECKS=@@UNIQUE_CHECKS, UNIQUE_CHECKS=0 */;
/*!40014 SET @OLD_FOREIGN_KEY_CHECKS=@@FOREIGN_KEY_CHECKS, FOREIGN_KEY_CHECKS=0 */;
/*!40101 SET @OLD_SQL_MODE=@@SQL_MODE, SQL_MODE='NO_AUTO_VALUE_ON_ZERO' */;
/*!40111 SET @OLD_SQL_NOTES=@@SQL_NOTES, SQL_NOTES=0 */;

--
-- Table structure for table `availability_variation`
--

DROP TABLE IF EXISTS `availability_variation`;
/*!40101 SET @saved_cs_client     = @@character_set_client */;
 SET character_set_client = utf8mb4 ;
CREATE TABLE `availability_variation` (
  `PRODUCT_AVAIL_ID` bigint(20) NOT NULL,
  `PRODUCT_VARIANTION_ID` bigint(20) NOT NULL,
  PRIMARY KEY (`PRODUCT_AVAIL_ID`,`PRODUCT_VARIANTION_ID`),
  KEY `FK1gxel47p32k4xsnp72ooxd0ne` (`PRODUCT_VARIANTION_ID`),
  CONSTRAINT `FK1gxel47p32k4xsnp72ooxd0ne` FOREIGN KEY (`PRODUCT_VARIANTION_ID`) REFERENCES `product_variation` (`PRODUCT_VARIANTION_ID`),
  CONSTRAINT `FK2khsh7gvb4pf291j0oosnv7fs` FOREIGN KEY (`PRODUCT_AVAIL_ID`) REFERENCES `product_availability` (`PRODUCT_AVAIL_ID`)
) ENGINE=InnoDB DEFAULT CHARSET=utf8;
/*!40101 SET character_set_client = @saved_cs_client */;

--
-- Dumping data for table `availability_variation`
--


--
-- Table structure for table `catalog`
--

DROP TABLE IF EXISTS `catalog`;
/*!40101 SET @saved_cs_client     = @@character_set_client */;
 SET character_set_client = utf8mb4 ;
CREATE TABLE `catalog` (
  `id` bigint(20) NOT NULL,
  `DATE_CREATED` datetime DEFAULT NULL,
  `DATE_MODIFIED` datetime DEFAULT NULL,
  `UPDT_ID` varchar(60) DEFAULT NULL,
  `CODE` varchar(100) NOT NULL,
  `DEFAULT_CATALOG` bit(1) DEFAULT NULL,
  `SORT_ORDER` int(11) DEFAULT NULL,
  `VISIBLE` bit(1) DEFAULT NULL,
  `MERCHANT_ID` int(11) NOT NULL,
  PRIMARY KEY (`id`),
  UNIQUE KEY `UK32mubpubtaqu30n34bwl7xiis` (`MERCHANT_ID`,`CODE`),
  CONSTRAINT `FKranq0rweb0r6j31j565ak51g8` FOREIGN KEY (`MERCHANT_ID`) REFERENCES `merchant_store` (`MERCHANT_ID`)
) ENGINE=InnoDB DEFAULT CHARSET=utf8;
/*!40101 SET character_set_client = @saved_cs_client */;

--
-- Dumping data for table `catalog`
--


--
-- Table structure for table `catalog_entry`
--

DROP TABLE IF EXISTS `catalog_entry`;
/*!40101 SET @saved_cs_client     = @@character_set_client */;
 SET character_set_client = utf8mb4 ;
CREATE TABLE `catalog_entry` (
  `id` bigint(20) NOT NULL,
  `DATE_CREATED` datetime DEFAULT NULL,
  `DATE_MODIFIED` datetime DEFAULT NULL,
  `UPDT_ID` varchar(60) DEFAULT NULL,
  `VISIBLE` bit(1) DEFAULT NULL,
  `CATALOG_ID` bigint(20) NOT NULL,
  `CATEGORY_ID` bigint(20) NOT NULL,
  PRIMARY KEY (`id`),
  UNIQUE KEY `UK5q8159i414r299kia2w9re90k` (`CATEGORY_ID`,`CATALOG_ID`),
  KEY `FKqp2j48hb3vodovb8gn2o4gox` (`CATALOG_ID`),
  CONSTRAINT `FK374wks7em54d0oghju0earttl` FOREIGN KEY (`CATEGORY_ID`) REFERENCES `category` (`CATEGORY_ID`),
  CONSTRAINT `FKqp2j48hb3vodovb8gn2o4gox` FOREIGN KEY (`CATALOG_ID`) REFERENCES `catalog` (`id`)
) ENGINE=InnoDB DEFAULT CHARSET=utf8;
/*!40101 SET character_set_client = @saved_cs_client */;

--
-- Dumping data for table `catalog_entry`
--


--
-- Table structure for table `category`
--

DROP TABLE IF EXISTS `category`;
/*!40101 SET @saved_cs_client     = @@character_set_client */;
 SET character_set_client = utf8mb4 ;
CREATE TABLE `category` (
  `CATEGORY_ID` bigint(20) NOT NULL,
  `DATE_CREATED` datetime DEFAULT NULL,
  `DATE_MODIFIED` datetime DEFAULT NULL,
  `UPDT_ID` varchar(60) DEFAULT NULL,
  `CATEGORY_IMAGE` varchar(100) DEFAULT NULL,
  `CATEGORY_STATUS` bit(1) DEFAULT NULL,
  `CODE` varchar(100) NOT NULL,
  `DEPTH` int(11) DEFAULT NULL,
  `FEATURED` bit(1) DEFAULT NULL,
  `LINEAGE` varchar(255) DEFAULT NULL,
  `SORT_ORDER` int(11) DEFAULT NULL,
  `VISIBLE` bit(1) DEFAULT NULL,
  `MERCHANT_ID` int(11) NOT NULL,
  `PARENT_ID` bigint(20) DEFAULT NULL,
  PRIMARY KEY (`CATEGORY_ID`),
  UNIQUE KEY `UK3mq9i6qmgquvoieslx39pej6x` (`MERCHANT_ID`,`CODE`),
  KEY `FKn3kekntr7pm8g9v8ask698ato` (`PARENT_ID`),
  CONSTRAINT `FK8a09asq5fcx0a88i4m8nsixy` FOREIGN KEY (`MERCHANT_ID`) REFERENCES `merchant_store` (`MERCHANT_ID`),
  CONSTRAINT `FKn3kekntr7pm8g9v8ask698ato` FOREIGN KEY (`PARENT_ID`) REFERENCES `category` (`CATEGORY_ID`)
) ENGINE=InnoDB DEFAULT CHARSET=utf8;
/*!40101 SET character_set_client = @saved_cs_client */;

--
-- Dumping data for table `category`
--

INSERT INTO `category` (`CATEGORY_ID`, `DATE_CREATED`, `DATE_MODIFIED`, `UPDT_ID`, `CATEGORY_IMAGE`, `CATEGORY_STATUS`, `CODE`, `DEPTH`, `FEATURED`, `LINEAGE`, `SORT_ORDER`, `VISIBLE`, `MERCHANT_ID`, `PARENT_ID`) VALUES (1,'2022-05-10 09:15:16','2022-05-10 16:58:05','Api',NULL,_binary '\0','livingroom',0,_binary '\0','/1/',200,_binary '',1,NULL);
INSERT INTO `category` (`CATEGORY_ID`, `DATE_CREATED`, `DATE_MODIFIED`, `UPDT_ID`, `CATEGORY_IMAGE`, `CATEGORY_STATUS`, `CODE`, `DEPTH`, `FEATURED`, `LINEAGE`, `SORT_ORDER`, `VISIBLE`, `MERCHANT_ID`, `PARENT_ID`) VALUES (2,'2022-05-10 09:15:16','2022-05-10 09:15:16',NULL,NULL,_binary '\0','cabinet',1,_binary '\0','/1/2/',210,_binary '',1,1);
INSERT INTO `category` (`CATEGORY_ID`, `DATE_CREATED`, `DATE_MODIFIED`, `UPDT_ID`, `CATEGORY_IMAGE`, `CATEGORY_STATUS`, `CODE`, `DEPTH`, `FEATURED`, `LINEAGE`, `SORT_ORDER`, `VISIBLE`, `MERCHANT_ID`, `PARENT_ID`) VALUES (3,'2022-05-10 09:15:16','2022-05-10 09:15:16',NULL,NULL,_binary '\0','lrconsole',1,_binary '\0','/1/3/',220,_binary '',1,1);
INSERT INTO `category` (`CATEGORY_ID`, `DATE_CREATED`, `DATE_MODIFIED`, `UPDT_ID`, `CATEGORY_IMAGE`, `CATEGORY_STATUS`, `CODE`, `DEPTH`, `FEATURED`, `LINEAGE`, `SORT_ORDER`, `VISIBLE`, `MERCHANT_ID`, `PARENT_ID`) VALUES (4,'2022-05-10 09:15:16','2022-05-10 09:15:16',NULL,NULL,_binary '\0','sofas',1,_binary '\0','/1/4/',230,_binary '',1,1);
INSERT INTO `category` (`CATEGORY_ID`, `DATE_CREATED`, `DATE_MODIFIED`, `UPDT_ID`, `CATEGORY_IMAGE`, `CATEGORY_STATUS`, `CODE`, `DEPTH`, `FEATURED`, `LINEAGE`, `SORT_ORDER`, `VISIBLE`, `MERCHANT_ID`, `PARENT_ID`) VALUES (5,'2022-05-10 09:15:16','2022-05-10 09:15:16',NULL,NULL,_binary '\0','storage',1,_binary '\0','/1/5/',240,_binary '',1,1);
INSERT INTO `category` (`CATEGORY_ID`, `DATE_CREATED`, `DATE_MODIFIED`, `UPDT_ID`, `CATEGORY_IMAGE`, `CATEGORY_STATUS`, `CODE`, `DEPTH`, `FEATURED`, `LINEAGE`, `SORT_ORDER`, `VISIBLE`, `MERCHANT_ID`, `PARENT_ID`) VALUES (6,'2022-05-10 09:15:16','2022-05-10 09:15:16',NULL,NULL,_binary '\0','mediaunits',1,_binary '\0','/1/6/',250,_binary '',1,1);
INSERT INTO `category` (`CATEGORY_ID`, `DATE_CREATED`, `DATE_MODIFIED`, `UPDT_ID`, `CATEGORY_IMAGE`, `CATEGORY_STATUS`, `CODE`, `DEPTH`, `FEATURED`, `LINEAGE`, `SORT_ORDER`, `VISIBLE`, `MERCHANT_ID`, `PARENT_ID`) VALUES (7,'2022-05-10 09:15:16','2022-05-10 09:15:16',NULL,NULL,_binary '\0','roomdividers',1,_binary '\0','/1/7/',260,_binary '',1,1);
INSERT INTO `category` (`CATEGORY_ID`, `DATE_CREATED`, `DATE_MODIFIED`, `UPDT_ID`, `CATEGORY_IMAGE`, `CATEGORY_STATUS`, `CODE`, `DEPTH`, `FEATURED`, `LINEAGE`, `SORT_ORDER`, `VISIBLE`, `MERCHANT_ID`, `PARENT_ID`) VALUES (8,'2022-05-10 09:15:16','2022-05-10 09:15:16',NULL,NULL,_binary '\0','ottomans',1,_binary '\0','/1/8/',270,_binary '',1,1);
INSERT INTO `category` (`CATEGORY_ID`, `DATE_CREATED`, `DATE_MODIFIED`, `UPDT_ID`, `CATEGORY_IMAGE`, `CATEGORY_STATUS`, `CODE`, `DEPTH`, `FEATURED`, `LINEAGE`, `SORT_ORDER`, `VISIBLE`, `MERCHANT_ID`, `PARENT_ID`) VALUES (9,'2022-05-10 09:15:16','2022-05-10 09:15:16',NULL,NULL,_binary '\0','coffetables',1,_binary '\0','/1/9/',280,_binary '',1,1);
INSERT INTO `category` (`CATEGORY_ID`, `DATE_CREATED`, `DATE_MODIFIED`, `UPDT_ID`, `CATEGORY_IMAGE`, `CATEGORY_STATUS`, `CODE`, `DEPTH`, `FEATURED`, `LINEAGE`, `SORT_ORDER`, `VISIBLE`, `MERCHANT_ID`, `PARENT_ID`) VALUES (10,'2022-05-10 09:15:16','2022-05-10 16:49:26',NULL,NULL,_binary '\0','livingroomtables',3,_binary '\0','/1/11/12//10/',290,_binary '',1,12);
INSERT INTO `category` (`CATEGORY_ID`, `DATE_CREATED`, `DATE_MODIFIED`, `UPDT_ID`, `CATEGORY_IMAGE`, `CATEGORY_STATUS`, `CODE`, `DEPTH`, `FEATURED`, `LINEAGE`, `SORT_ORDER`, `VISIBLE`, `MERCHANT_ID`, `PARENT_ID`) VALUES (11,'2022-05-10 09:15:16','2022-05-10 09:15:16',NULL,NULL,_binary '\0','decoration',1,_binary '\0','/1/11/',600,_binary '',1,1);
INSERT INTO `category` (`CATEGORY_ID`, `DATE_CREATED`, `DATE_MODIFIED`, `UPDT_ID`, `CATEGORY_IMAGE`, `CATEGORY_STATUS`, `CODE`, `DEPTH`, `FEATURED`, `LINEAGE`, `SORT_ORDER`, `VISIBLE`, `MERCHANT_ID`, `PARENT_ID`) VALUES (12,'2022-05-10 09:15:16','2022-05-10 16:58:06','Api',NULL,_binary '\0','dcorativeboxes',1,_binary '\0','/1//12/',610,_binary '',1,1);
INSERT INTO `category` (`CATEGORY_ID`, `DATE_CREATED`, `DATE_MODIFIED`, `UPDT_ID`, `CATEGORY_IMAGE`, `CATEGORY_STATUS`, `CODE`, `DEPTH`, `FEATURED`, `LINEAGE`, `SORT_ORDER`, `VISIBLE`, `MERCHANT_ID`, `PARENT_ID`) VALUES (13,'2022-05-10 09:15:16','2022-05-10 09:15:16',NULL,NULL,_binary '\0','frames',2,_binary '\0','/1/11/13/',620,_binary '',1,11);
INSERT INTO `category` (`CATEGORY_ID`, `DATE_CREATED`, `DATE_MODIFIED`, `UPDT_ID`, `CATEGORY_IMAGE`, `CATEGORY_STATUS`, `CODE`, `DEPTH`, `FEATURED`, `LINEAGE`, `SORT_ORDER`, `VISIBLE`, `MERCHANT_ID`, `PARENT_ID`) VALUES (14,'2022-05-10 09:15:16','2022-05-10 09:15:16',NULL,NULL,_binary '\0','dcstorageboxes',2,_binary '\0','/1/11/14/',630,_binary '',1,11);
INSERT INTO `category` (`CATEGORY_ID`, `DATE_CREATED`, `DATE_MODIFIED`, `UPDT_ID`, `CATEGORY_IMAGE`, `CATEGORY_STATUS`, `CODE`, `DEPTH`, `FEATURED`, `LINEAGE`, `SORT_ORDER`, `VISIBLE`, `MERCHANT_ID`, `PARENT_ID`) VALUES (15,'2022-05-10 09:15:16','2022-05-10 09:15:16',NULL,NULL,_binary '\0','cussions',2,_binary '\0','/1/11/15/',640,_binary '',1,11);
INSERT INTO `category` (`CATEGORY_ID`, `DATE_CREATED`, `DATE_MODIFIED`, `UPDT_ID`, `CATEGORY_IMAGE`, `CATEGORY_STATUS`, `CODE`, `DEPTH`, `FEATURED`, `LINEAGE`, `SORT_ORDER`, `VISIBLE`, `MERCHANT_ID`, `PARENT_ID`) VALUES (16,'2022-05-10 09:15:16','2022-05-10 09:15:16',NULL,NULL,_binary '\0','wallhooks',2,_binary '\0','/1/11/16/',650,_binary '',1,11);
INSERT INTO `category` (`CATEGORY_ID`, `DATE_CREATED`, `DATE_MODIFIED`, `UPDT_ID`, `CATEGORY_IMAGE`, `CATEGORY_STATUS`, `CODE`, `DEPTH`, `FEATURED`, `LINEAGE`, `SORT_ORDER`, `VISIBLE`, `MERCHANT_ID`, `PARENT_ID`) VALUES (17,'2022-05-10 09:15:16','2022-05-10 09:15:16',NULL,NULL,_binary '\0','figures',2,_binary '\0','/1/11/17/',660,_binary '',1,11);
INSERT INTO `category` (`CATEGORY_ID`, `DATE_CREATED`, `DATE_MODIFIED`, `UPDT_ID`, `CATEGORY_IMAGE`, `CATEGORY_STATUS`, `CODE`, `DEPTH`, `FEATURED`, `LINEAGE`, `SORT_ORDER`, `VISIBLE`, `MERCHANT_ID`, `PARENT_ID`) VALUES (18,'2022-05-10 09:15:16','2022-05-10 09:15:17',NULL,NULL,_binary '\0','clocks',2,_binary '\0','/1/11/18/',670,_binary '',1,11);
INSERT INTO `category` (`CATEGORY_ID`, `DATE_CREATED`, `DATE_MODIFIED`, `UPDT_ID`, `CATEGORY_IMAGE`, `CATEGORY_STATUS`, `CODE`, `DEPTH`, `FEATURED`, `LINEAGE`, `SORT_ORDER`, `VISIBLE`, `MERCHANT_ID`, `PARENT_ID`) VALUES (19,'2022-05-10 09:15:17','2022-05-10 09:15:17',NULL,NULL,_binary '\0','mirrors',2,_binary '\0','/1/11/19/',680,_binary '',1,11);
INSERT INTO `category` (`CATEGORY_ID`, `DATE_CREATED`, `DATE_MODIFIED`, `UPDT_ID`, `CATEGORY_IMAGE`, `CATEGORY_STATUS`, `CODE`, `DEPTH`, `FEATURED`, `LINEAGE`, `SORT_ORDER`, `VISIBLE`, `MERCHANT_ID`, `PARENT_ID`) VALUES (20,'2022-05-10 09:15:17','2022-05-10 09:15:17',NULL,NULL,_binary '\0','choppingboard',2,_binary '\0','/1/11/20/',690,_binary '',1,11);
INSERT INTO `category` (`CATEGORY_ID`, `DATE_CREATED`, `DATE_MODIFIED`, `UPDT_ID`, `CATEGORY_IMAGE`, `CATEGORY_STATUS`, `CODE`, `DEPTH`, `FEATURED`, `LINEAGE`, `SORT_ORDER`, `VISIBLE`, `MERCHANT_ID`, `PARENT_ID`) VALUES (21,'2022-05-10 09:15:17','2022-05-10 09:15:17',NULL,NULL,_binary '\0','board',2,_binary '\0','/1/11/21/',700,_binary '',1,11);
INSERT INTO `category` (`CATEGORY_ID`, `DATE_CREATED`, `DATE_MODIFIED`, `UPDT_ID`, `CATEGORY_IMAGE`, `CATEGORY_STATUS`, `CODE`, `DEPTH`, `FEATURED`, `LINEAGE`, `SORT_ORDER`, `VISIBLE`, `MERCHANT_ID`, `PARENT_ID`) VALUES (22,'2022-05-10 09:15:17','2022-05-10 09:15:17',NULL,NULL,_binary '\0','statue',2,_binary '\0','/1/11/22/',710,_binary '',1,11);
INSERT INTO `category` (`CATEGORY_ID`, `DATE_CREATED`, `DATE_MODIFIED`, `UPDT_ID`, `CATEGORY_IMAGE`, `CATEGORY_STATUS`, `CODE`, `DEPTH`, `FEATURED`, `LINEAGE`, `SORT_ORDER`, `VISIBLE`, `MERCHANT_ID`, `PARENT_ID`) VALUES (23,'2022-05-10 09:15:17','2022-05-10 09:15:17',NULL,NULL,_binary '\0','accessories',2,_binary '\0','/1/11/23/',720,_binary '',1,11);
INSERT INTO `category` (`CATEGORY_ID`, `DATE_CREATED`, `DATE_MODIFIED`, `UPDT_ID`, `CATEGORY_IMAGE`, `CATEGORY_STATUS`, `CODE`, `DEPTH`, `FEATURED`, `LINEAGE`, `SORT_ORDER`, `VISIBLE`, `MERCHANT_ID`, `PARENT_ID`) VALUES (24,'2022-05-10 09:15:17','2022-05-10 09:15:17',NULL,NULL,_binary '\0','bags',3,_binary '\0','/1/11/23/24/',1510,_binary '',1,23);
INSERT INTO `category` (`CATEGORY_ID`, `DATE_CREATED`, `DATE_MODIFIED`, `UPDT_ID`, `CATEGORY_IMAGE`, `CATEGORY_STATUS`, `CODE`, `DEPTH`, `FEATURED`, `LINEAGE`, `SORT_ORDER`, `VISIBLE`, `MERCHANT_ID`, `PARENT_ID`) VALUES (25,'2022-05-10 09:15:17','2022-05-10 09:15:17',NULL,NULL,_binary '\0','office',1,_binary '\0','/1/25/',1200,_binary '',1,1);
INSERT INTO `category` (`CATEGORY_ID`, `DATE_CREATED`, `DATE_MODIFIED`, `UPDT_ID`, `CATEGORY_IMAGE`, `CATEGORY_STATUS`, `CODE`, `DEPTH`, `FEATURED`, `LINEAGE`, `SORT_ORDER`, `VISIBLE`, `MERCHANT_ID`, `PARENT_ID`) VALUES (26,'2022-05-10 09:15:17','2022-05-10 09:15:17',NULL,NULL,_binary '\0','officestorage',2,_binary '\0','/1/25/26/',1210,_binary '',1,25);
INSERT INTO `category` (`CATEGORY_ID`, `DATE_CREATED`, `DATE_MODIFIED`, `UPDT_ID`, `CATEGORY_IMAGE`, `CATEGORY_STATUS`, `CODE`, `DEPTH`, `FEATURED`, `LINEAGE`, `SORT_ORDER`, `VISIBLE`, `MERCHANT_ID`, `PARENT_ID`) VALUES (27,'2022-05-10 09:15:17','2022-05-10 09:15:17',NULL,NULL,_binary '\0','officetables',2,_binary '\0','/1/25/27/',1220,_binary '',1,25);
INSERT INTO `category` (`CATEGORY_ID`, `DATE_CREATED`, `DATE_MODIFIED`, `UPDT_ID`, `CATEGORY_IMAGE`, `CATEGORY_STATUS`, `CODE`, `DEPTH`, `FEATURED`, `LINEAGE`, `SORT_ORDER`, `VISIBLE`, `MERCHANT_ID`, `PARENT_ID`) VALUES (28,'2022-05-10 09:15:17','2022-05-10 09:15:17',NULL,NULL,_binary '\0','shelves',2,_binary '\0','/1/25/28/',1230,_binary '',1,25);
INSERT INTO `category` (`CATEGORY_ID`, `DATE_CREATED`, `DATE_MODIFIED`, `UPDT_ID`, `CATEGORY_IMAGE`, `CATEGORY_STATUS`, `CODE`, `DEPTH`, `FEATURED`, `LINEAGE`, `SORT_ORDER`, `VISIBLE`, `MERCHANT_ID`, `PARENT_ID`) VALUES (29,'2022-05-10 09:15:17','2022-05-10 09:15:17',NULL,NULL,_binary '\0','filingcabinet',2,_binary '\0','/1/25/29/',1240,_binary '',1,25);
INSERT INTO `category` (`CATEGORY_ID`, `DATE_CREATED`, `DATE_MODIFIED`, `UPDT_ID`, `CATEGORY_IMAGE`, `CATEGORY_STATUS`, `CODE`, `DEPTH`, `FEATURED`, `LINEAGE`, `SORT_ORDER`, `VISIBLE`, `MERCHANT_ID`, `PARENT_ID`) VALUES (30,'2022-05-10 09:15:17','2022-05-10 09:15:17',NULL,NULL,_binary '\0','officechairs',2,_binary '\0','/1/25/30/',1250,_binary '',1,25);
INSERT INTO `category` (`CATEGORY_ID`, `DATE_CREATED`, `DATE_MODIFIED`, `UPDT_ID`, `CATEGORY_IMAGE`, `CATEGORY_STATUS`, `CODE`, `DEPTH`, `FEATURED`, `LINEAGE`, `SORT_ORDER`, `VISIBLE`, `MERCHANT_ID`, `PARENT_ID`) VALUES (31,'2022-05-10 09:16:08','2022-05-10 09:16:08','admin@shopizer.com',NULL,_binary '\0','dining',0,_binary '\0','/31/',5,_binary '',1,1);
INSERT INTO `category` (`CATEGORY_ID`, `DATE_CREATED`, `DATE_MODIFIED`, `UPDT_ID`, `CATEGORY_IMAGE`, `CATEGORY_STATUS`, `CODE`, `DEPTH`, `FEATURED`, `LINEAGE`, `SORT_ORDER`, `VISIBLE`, `MERCHANT_ID`, `PARENT_ID`) VALUES (32,'2022-05-10 09:16:08','2022-05-10 09:16:08',NULL,NULL,_binary '\0','diningcabinet',1,_binary '\0','/31/32/',50,_binary '',1,31);
INSERT INTO `category` (`CATEGORY_ID`, `DATE_CREATED`, `DATE_MODIFIED`, `UPDT_ID`, `CATEGORY_IMAGE`, `CATEGORY_STATUS`, `CODE`, `DEPTH`, `FEATURED`, `LINEAGE`, `SORT_ORDER`, `VISIBLE`, `MERCHANT_ID`, `PARENT_ID`) VALUES (33,'2022-05-10 09:16:08','2022-05-10 09:16:08',NULL,NULL,_binary '\0','buffets',1,_binary '\0','/31/33/',55,_binary '',1,31);
INSERT INTO `category` (`CATEGORY_ID`, `DATE_CREATED`, `DATE_MODIFIED`, `UPDT_ID`, `CATEGORY_IMAGE`, `CATEGORY_STATUS`, `CODE`, `DEPTH`, `FEATURED`, `LINEAGE`, `SORT_ORDER`, `VISIBLE`, `MERCHANT_ID`, `PARENT_ID`) VALUES (34,'2022-05-10 09:16:08','2022-05-10 09:16:08',NULL,NULL,_binary '\0','benches',1,_binary '\0','/31/34/',60,_binary '',1,31);
INSERT INTO `category` (`CATEGORY_ID`, `DATE_CREATED`, `DATE_MODIFIED`, `UPDT_ID`, `CATEGORY_IMAGE`, `CATEGORY_STATUS`, `CODE`, `DEPTH`, `FEATURED`, `LINEAGE`, `SORT_ORDER`, `VISIBLE`, `MERCHANT_ID`, `PARENT_ID`) VALUES (35,'2022-05-10 09:16:08','2022-05-10 09:16:08',NULL,NULL,_binary '\0','chairs',1,_binary '\0','/31/35/',70,_binary '',1,31);
INSERT INTO `category` (`CATEGORY_ID`, `DATE_CREATED`, `DATE_MODIFIED`, `UPDT_ID`, `CATEGORY_IMAGE`, `CATEGORY_STATUS`, `CODE`, `DEPTH`, `FEATURED`, `LINEAGE`, `SORT_ORDER`, `VISIBLE`, `MERCHANT_ID`, `PARENT_ID`) VALUES (36,'2022-05-10 09:16:08','2022-05-10 09:16:08',NULL,NULL,_binary '\0','consoletables',1,_binary '\0','/31/36/',80,_binary '',1,31);
INSERT INTO `category` (`CATEGORY_ID`, `DATE_CREATED`, `DATE_MODIFIED`, `UPDT_ID`, `CATEGORY_IMAGE`, `CATEGORY_STATUS`, `CODE`, `DEPTH`, `FEATURED`, `LINEAGE`, `SORT_ORDER`, `VISIBLE`, `MERCHANT_ID`, `PARENT_ID`) VALUES (37,'2022-05-10 09:16:08','2022-05-10 09:16:08',NULL,NULL,_binary '\0','tables',1,_binary '\0','/31/37/',90,_binary '',1,31);
INSERT INTO `category` (`CATEGORY_ID`, `DATE_CREATED`, `DATE_MODIFIED`, `UPDT_ID`, `CATEGORY_IMAGE`, `CATEGORY_STATUS`, `CODE`, `DEPTH`, `FEATURED`, `LINEAGE`, `SORT_ORDER`, `VISIBLE`, `MERCHANT_ID`, `PARENT_ID`) VALUES (38,'2022-05-10 09:16:08','2022-05-10 09:16:08',NULL,NULL,_binary '\0','stools',1,_binary '\0','/31/38/',100,_binary '',1,31);
INSERT INTO `category` (`CATEGORY_ID`, `DATE_CREATED`, `DATE_MODIFIED`, `UPDT_ID`, `CATEGORY_IMAGE`, `CATEGORY_STATUS`, `CODE`, `DEPTH`, `FEATURED`, `LINEAGE`, `SORT_ORDER`, `VISIBLE`, `MERCHANT_ID`, `PARENT_ID`) VALUES (39,'2022-05-10 09:16:10','2022-05-10 09:16:10','admin@shopizer.com',NULL,_binary '\0','lighting',0,_binary '\0','/39/',601,_binary '',1,1);
INSERT INTO `category` (`CATEGORY_ID`, `DATE_CREATED`, `DATE_MODIFIED`, `UPDT_ID`, `CATEGORY_IMAGE`, `CATEGORY_STATUS`, `CODE`, `DEPTH`, `FEATURED`, `LINEAGE`, `SORT_ORDER`, `VISIBLE`, `MERCHANT_ID`, `PARENT_ID`) VALUES (40,'2022-05-10 09:16:10','2022-05-10 09:16:10',NULL,NULL,_binary '\0','floorlamps',1,_binary '\0','/39/40/',602,_binary '',1,39);
INSERT INTO `category` (`CATEGORY_ID`, `DATE_CREATED`, `DATE_MODIFIED`, `UPDT_ID`, `CATEGORY_IMAGE`, `CATEGORY_STATUS`, `CODE`, `DEPTH`, `FEATURED`, `LINEAGE`, `SORT_ORDER`, `VISIBLE`, `MERCHANT_ID`, `PARENT_ID`) VALUES (41,'2022-05-10 09:16:10','2022-05-10 09:16:10',NULL,NULL,_binary '\0','tablelamps',1,_binary '\0','/39/41/',603,_binary '',1,39);
INSERT INTO `category` (`CATEGORY_ID`, `DATE_CREATED`, `DATE_MODIFIED`, `UPDT_ID`, `CATEGORY_IMAGE`, `CATEGORY_STATUS`, `CODE`, `DEPTH`, `FEATURED`, `LINEAGE`, `SORT_ORDER`, `VISIBLE`, `MERCHANT_ID`, `PARENT_ID`) VALUES (42,'2022-05-10 09:16:10','2022-05-10 09:16:10',NULL,NULL,_binary '\0','pendants',1,_binary '\0','/39/42/',604,_binary '',1,39);
INSERT INTO `category` (`CATEGORY_ID`, `DATE_CREATED`, `DATE_MODIFIED`, `UPDT_ID`, `CATEGORY_IMAGE`, `CATEGORY_STATUS`, `CODE`, `DEPTH`, `FEATURED`, `LINEAGE`, `SORT_ORDER`, `VISIBLE`, `MERCHANT_ID`, `PARENT_ID`) VALUES (43,'2022-05-10 09:16:11','2022-05-10 09:16:11','admin@shopizer.com',NULL,_binary '\0','bedroom',0,_binary '\0','/43/',400,_binary '',1,1);
INSERT INTO `category` (`CATEGORY_ID`, `DATE_CREATED`, `DATE_MODIFIED`, `UPDT_ID`, `CATEGORY_IMAGE`, `CATEGORY_STATUS`, `CODE`, `DEPTH`, `FEATURED`, `LINEAGE`, `SORT_ORDER`, `VISIBLE`, `MERCHANT_ID`, `PARENT_ID`) VALUES (44,'2022-05-10 09:16:11','2022-05-10 09:16:11',NULL,NULL,_binary '\0','wardrobe',1,_binary '\0','/43/44/',410,_binary '',1,43);
INSERT INTO `category` (`CATEGORY_ID`, `DATE_CREATED`, `DATE_MODIFIED`, `UPDT_ID`, `CATEGORY_IMAGE`, `CATEGORY_STATUS`, `CODE`, `DEPTH`, `FEATURED`, `LINEAGE`, `SORT_ORDER`, `VISIBLE`, `MERCHANT_ID`, `PARENT_ID`) VALUES (45,'2022-05-10 09:16:11','2022-05-10 09:16:11',NULL,NULL,_binary '\0','storagebox',1,_binary '\0','/43/45/',420,_binary '',1,43);
INSERT INTO `category` (`CATEGORY_ID`, `DATE_CREATED`, `DATE_MODIFIED`, `UPDT_ID`, `CATEGORY_IMAGE`, `CATEGORY_STATUS`, `CODE`, `DEPTH`, `FEATURED`, `LINEAGE`, `SORT_ORDER`, `VISIBLE`, `MERCHANT_ID`, `PARENT_ID`) VALUES (46,'2022-05-10 09:16:11','2022-05-10 09:16:11',NULL,NULL,_binary '\0','brroomdividers',1,_binary '\0','/43/46/',430,_binary '',1,43);
INSERT INTO `category` (`CATEGORY_ID`, `DATE_CREATED`, `DATE_MODIFIED`, `UPDT_ID`, `CATEGORY_IMAGE`, `CATEGORY_STATUS`, `CODE`, `DEPTH`, `FEATURED`, `LINEAGE`, `SORT_ORDER`, `VISIBLE`, `MERCHANT_ID`, `PARENT_ID`) VALUES (47,'2022-05-10 09:16:11','2022-05-10 09:16:11',NULL,NULL,_binary '\0','brottomans',1,_binary '\0','/43/47/',440,_binary '',1,43);
INSERT INTO `category` (`CATEGORY_ID`, `DATE_CREATED`, `DATE_MODIFIED`, `UPDT_ID`, `CATEGORY_IMAGE`, `CATEGORY_STATUS`, `CODE`, `DEPTH`, `FEATURED`, `LINEAGE`, `SORT_ORDER`, `VISIBLE`, `MERCHANT_ID`, `PARENT_ID`) VALUES (48,'2022-05-10 09:16:11','2022-05-10 09:16:11',NULL,NULL,_binary '\0','bedsidetables',1,_binary '\0','/43/48/',450,_binary '',1,43);
INSERT INTO `category` (`CATEGORY_ID`, `DATE_CREATED`, `DATE_MODIFIED`, `UPDT_ID`, `CATEGORY_IMAGE`, `CATEGORY_STATUS`, `CODE`, `DEPTH`, `FEATURED`, `LINEAGE`, `SORT_ORDER`, `VISIBLE`, `MERCHANT_ID`, `PARENT_ID`) VALUES (50,'2022-05-10 15:30:17','2022-05-10 15:30:17',NULL,NULL,_binary '\0','computerbooks',0,_binary '\0','/50/',0,_binary '',1,1);
INSERT INTO `category` (`CATEGORY_ID`, `DATE_CREATED`, `DATE_MODIFIED`, `UPDT_ID`, `CATEGORY_IMAGE`, `CATEGORY_STATUS`, `CODE`, `DEPTH`, `FEATURED`, `LINEAGE`, `SORT_ORDER`, `VISIBLE`, `MERCHANT_ID`, `PARENT_ID`) VALUES (51,'2022-05-10 15:30:17','2022-05-10 16:51:15',NULL,NULL,_binary '\0','novels',0,_binary '\0','/51/',0,_binary '',1,1);
INSERT INTO `category` (`CATEGORY_ID`, `DATE_CREATED`, `DATE_MODIFIED`, `UPDT_ID`, `CATEGORY_IMAGE`, `CATEGORY_STATUS`, `CODE`, `DEPTH`, `FEATURED`, `LINEAGE`, `SORT_ORDER`, `VISIBLE`, `MERCHANT_ID`, `PARENT_ID`) VALUES (52,'2022-05-10 15:30:17','2022-05-10 15:30:18',NULL,NULL,_binary '\0','tech',1,_binary '\0','/1/50/52/',0,_binary '\0',1,50);
INSERT INTO `category` (`CATEGORY_ID`, `DATE_CREATED`, `DATE_MODIFIED`, `UPDT_ID`, `CATEGORY_IMAGE`, `CATEGORY_STATUS`, `CODE`, `DEPTH`, `FEATURED`, `LINEAGE`, `SORT_ORDER`, `VISIBLE`, `MERCHANT_ID`, `PARENT_ID`) VALUES (53,'2022-05-10 15:30:18','2022-05-10 15:30:18',NULL,NULL,_binary '\0','web',1,_binary '\0','/1/50/53/',0,_binary '',1,50);
INSERT INTO `category` (`CATEGORY_ID`, `DATE_CREATED`, `DATE_MODIFIED`, `UPDT_ID`, `CATEGORY_IMAGE`, `CATEGORY_STATUS`, `CODE`, `DEPTH`, `FEATURED`, `LINEAGE`, `SORT_ORDER`, `VISIBLE`, `MERCHANT_ID`, `PARENT_ID`) VALUES (54,'2022-05-10 15:30:18','2022-05-10 15:30:18',NULL,NULL,_binary '\0','fiction',1,_binary '\0','/51//54/',0,_binary '',1,51);
INSERT INTO `category` (`CATEGORY_ID`, `DATE_CREATED`, `DATE_MODIFIED`, `UPDT_ID`, `CATEGORY_IMAGE`, `CATEGORY_STATUS`, `CODE`, `DEPTH`, `FEATURED`, `LINEAGE`, `SORT_ORDER`, `VISIBLE`, `MERCHANT_ID`, `PARENT_ID`) VALUES (55,'2022-05-10 15:30:18','2022-05-10 15:30:18',NULL,NULL,_binary '\0','business',0,_binary '\0','/55/',0,_binary '',1,1);
INSERT INTO `category` (`CATEGORY_ID`, `DATE_CREATED`, `DATE_MODIFIED`, `UPDT_ID`, `CATEGORY_IMAGE`, `CATEGORY_STATUS`, `CODE`, `DEPTH`, `FEATURED`, `LINEAGE`, `SORT_ORDER`, `VISIBLE`, `MERCHANT_ID`, `PARENT_ID`) VALUES (56,'2022-05-10 15:30:18','2022-05-10 15:30:18',NULL,NULL,_binary '\0','cloud',2,_binary '\0','/50//52//56/',0,_binary '',1,52);
INSERT INTO `category` (`CATEGORY_ID`, `DATE_CREATED`, `DATE_MODIFIED`, `UPDT_ID`, `CATEGORY_IMAGE`, `CATEGORY_STATUS`, `CODE`, `DEPTH`, `FEATURED`, `LINEAGE`, `SORT_ORDER`, `VISIBLE`, `MERCHANT_ID`, `PARENT_ID`) VALUES (100,'2022-05-10 16:54:28','2022-05-10 17:00:08','admin@shopizer.com',NULL,_binary '\0','Kobieta',1,_binary '\0','/1/100/',1,_binary '',1,1);

--
-- Table structure for table `category_description`
--

DROP TABLE IF EXISTS `category_description`;
/*!40101 SET @saved_cs_client     = @@character_set_client */;
 SET character_set_client = utf8mb4 ;
CREATE TABLE `category_description` (
  `DESCRIPTION_ID` bigint(20) NOT NULL,
  `DATE_CREATED` datetime DEFAULT NULL,
  `DATE_MODIFIED` datetime DEFAULT NULL,
  `UPDT_ID` varchar(60) DEFAULT NULL,
  `DESCRIPTION` longtext,
  `NAME` varchar(120) NOT NULL,
  `TITLE` varchar(100) DEFAULT NULL,
  `CATEGORY_HIGHLIGHT` varchar(255) DEFAULT NULL,
  `META_DESCRIPTION` varchar(255) DEFAULT NULL,
  `META_KEYWORDS` varchar(255) DEFAULT NULL,
  `META_TITLE` varchar(120) DEFAULT NULL,
  `SEF_URL` varchar(120) DEFAULT NULL,
  `LANGUAGE_ID` int(11) NOT NULL,
  `CATEGORY_ID` bigint(20) NOT NULL,
  PRIMARY KEY (`DESCRIPTION_ID`),
  UNIQUE KEY `UKbuesqq6cyx7e5hy3mf30cfieq` (`CATEGORY_ID`,`LANGUAGE_ID`),
  KEY `FKl4j5boteutpu1p8f67kydpnmd` (`LANGUAGE_ID`),
  CONSTRAINT `FKa58u7d0ydfgref1iaux5efyov` FOREIGN KEY (`CATEGORY_ID`) REFERENCES `category` (`CATEGORY_ID`),
  CONSTRAINT `FKl4j5boteutpu1p8f67kydpnmd` FOREIGN KEY (`LANGUAGE_ID`) REFERENCES `language` (`LANGUAGE_ID`)
) ENGINE=InnoDB DEFAULT CHARSET=utf8;
/*!40101 SET character_set_client = @saved_cs_client */;

--
-- Dumping data for table `category_description`
--

INSERT INTO `category_description` (`DESCRIPTION_ID`, `DATE_CREATED`, `DATE_MODIFIED`, `UPDT_ID`, `DESCRIPTION`, `NAME`, `TITLE`, `CATEGORY_HIGHLIGHT`, `META_DESCRIPTION`, `META_KEYWORDS`, `META_TITLE`, `SEF_URL`, `LANGUAGE_ID`, `CATEGORY_ID`) VALUES (1,'2022-05-10 09:15:16','2022-05-10 09:15:16',NULL,'Living room','Living room',NULL,NULL,NULL,NULL,'Living room','living-room',1,1);
INSERT INTO `category_description` (`DESCRIPTION_ID`, `DATE_CREATED`, `DATE_MODIFIED`, `UPDT_ID`, `DESCRIPTION`, `NAME`, `TITLE`, `CATEGORY_HIGHLIGHT`, `META_DESCRIPTION`, `META_KEYWORDS`, `META_TITLE`, `SEF_URL`, `LANGUAGE_ID`, `CATEGORY_ID`) VALUES (2,'2022-05-10 09:15:16','2022-05-10 09:15:16',NULL,'Salon','Salon',NULL,NULL,NULL,NULL,'Salon','salon',2,1);
INSERT INTO `category_description` (`DESCRIPTION_ID`, `DATE_CREATED`, `DATE_MODIFIED`, `UPDT_ID`, `DESCRIPTION`, `NAME`, `TITLE`, `CATEGORY_HIGHLIGHT`, `META_DESCRIPTION`, `META_KEYWORDS`, `META_TITLE`, `SEF_URL`, `LANGUAGE_ID`, `CATEGORY_ID`) VALUES (3,'2022-05-10 09:15:16','2022-05-10 09:15:16',NULL,'Cabinets','Cabinets',NULL,NULL,NULL,NULL,'Cabinets','cabinets',1,2);
INSERT INTO `category_description` (`DESCRIPTION_ID`, `DATE_CREATED`, `DATE_MODIFIED`, `UPDT_ID`, `DESCRIPTION`, `NAME`, `TITLE`, `CATEGORY_HIGHLIGHT`, `META_DESCRIPTION`, `META_KEYWORDS`, `META_TITLE`, `SEF_URL`, `LANGUAGE_ID`, `CATEGORY_ID`) VALUES (4,'2022-05-10 09:15:16','2022-05-10 09:15:16',NULL,'Armoires','Armoires',NULL,NULL,NULL,NULL,'Armoires','armoires-de-salon',2,2);
INSERT INTO `category_description` (`DESCRIPTION_ID`, `DATE_CREATED`, `DATE_MODIFIED`, `UPDT_ID`, `DESCRIPTION`, `NAME`, `TITLE`, `CATEGORY_HIGHLIGHT`, `META_DESCRIPTION`, `META_KEYWORDS`, `META_TITLE`, `SEF_URL`, `LANGUAGE_ID`, `CATEGORY_ID`) VALUES (5,'2022-05-10 09:15:16','2022-05-10 09:15:16',NULL,'Consoles','Consoles',NULL,NULL,NULL,NULL,'Consoles','consoles-de-salon',2,3);
INSERT INTO `category_description` (`DESCRIPTION_ID`, `DATE_CREATED`, `DATE_MODIFIED`, `UPDT_ID`, `DESCRIPTION`, `NAME`, `TITLE`, `CATEGORY_HIGHLIGHT`, `META_DESCRIPTION`, `META_KEYWORDS`, `META_TITLE`, `SEF_URL`, `LANGUAGE_ID`, `CATEGORY_ID`) VALUES (6,'2022-05-10 09:15:16','2022-05-10 09:15:16',NULL,'Console tables','Console tables',NULL,NULL,NULL,NULL,'Console tables','living-room-consoles',1,3);
INSERT INTO `category_description` (`DESCRIPTION_ID`, `DATE_CREATED`, `DATE_MODIFIED`, `UPDT_ID`, `DESCRIPTION`, `NAME`, `TITLE`, `CATEGORY_HIGHLIGHT`, `META_DESCRIPTION`, `META_KEYWORDS`, `META_TITLE`, `SEF_URL`, `LANGUAGE_ID`, `CATEGORY_ID`) VALUES (7,'2022-05-10 09:15:16','2022-05-10 09:15:16',NULL,'Sofas','Sofas',NULL,NULL,NULL,NULL,'Sofas','sofas',1,4);
INSERT INTO `category_description` (`DESCRIPTION_ID`, `DATE_CREATED`, `DATE_MODIFIED`, `UPDT_ID`, `DESCRIPTION`, `NAME`, `TITLE`, `CATEGORY_HIGHLIGHT`, `META_DESCRIPTION`, `META_KEYWORDS`, `META_TITLE`, `SEF_URL`, `LANGUAGE_ID`, `CATEGORY_ID`) VALUES (8,'2022-05-10 09:15:16','2022-05-10 09:15:16',NULL,'Sofas','Sofas',NULL,NULL,NULL,NULL,'Sofas','sofas',2,4);
INSERT INTO `category_description` (`DESCRIPTION_ID`, `DATE_CREATED`, `DATE_MODIFIED`, `UPDT_ID`, `DESCRIPTION`, `NAME`, `TITLE`, `CATEGORY_HIGHLIGHT`, `META_DESCRIPTION`, `META_KEYWORDS`, `META_TITLE`, `SEF_URL`, `LANGUAGE_ID`, `CATEGORY_ID`) VALUES (9,'2022-05-10 09:15:16','2022-05-10 09:15:16',NULL,'Étagères','Étagères',NULL,NULL,NULL,NULL,'Étagères','etageres',2,5);
INSERT INTO `category_description` (`DESCRIPTION_ID`, `DATE_CREATED`, `DATE_MODIFIED`, `UPDT_ID`, `DESCRIPTION`, `NAME`, `TITLE`, `CATEGORY_HIGHLIGHT`, `META_DESCRIPTION`, `META_KEYWORDS`, `META_TITLE`, `SEF_URL`, `LANGUAGE_ID`, `CATEGORY_ID`) VALUES (10,'2022-05-10 09:15:16','2022-05-10 09:15:16',NULL,'Storage','Storage',NULL,NULL,NULL,NULL,'Storage','storage',1,5);
INSERT INTO `category_description` (`DESCRIPTION_ID`, `DATE_CREATED`, `DATE_MODIFIED`, `UPDT_ID`, `DESCRIPTION`, `NAME`, `TITLE`, `CATEGORY_HIGHLIGHT`, `META_DESCRIPTION`, `META_KEYWORDS`, `META_TITLE`, `SEF_URL`, `LANGUAGE_ID`, `CATEGORY_ID`) VALUES (11,'2022-05-10 09:15:16','2022-05-10 09:15:16',NULL,'Meubles pour télévision','Meubles pour télévision',NULL,NULL,NULL,NULL,'Meubles pour télévision','meubles-pour-television',2,6);
INSERT INTO `category_description` (`DESCRIPTION_ID`, `DATE_CREATED`, `DATE_MODIFIED`, `UPDT_ID`, `DESCRIPTION`, `NAME`, `TITLE`, `CATEGORY_HIGHLIGHT`, `META_DESCRIPTION`, `META_KEYWORDS`, `META_TITLE`, `SEF_URL`, `LANGUAGE_ID`, `CATEGORY_ID`) VALUES (12,'2022-05-10 09:15:16','2022-05-10 09:15:16',NULL,'Media units','Media units',NULL,NULL,NULL,NULL,'Media units','media-units',1,6);
INSERT INTO `category_description` (`DESCRIPTION_ID`, `DATE_CREATED`, `DATE_MODIFIED`, `UPDT_ID`, `DESCRIPTION`, `NAME`, `TITLE`, `CATEGORY_HIGHLIGHT`, `META_DESCRIPTION`, `META_KEYWORDS`, `META_TITLE`, `SEF_URL`, `LANGUAGE_ID`, `CATEGORY_ID`) VALUES (13,'2022-05-10 09:15:16','2022-05-10 09:15:16',NULL,'Room dividers','Room dividers',NULL,NULL,NULL,NULL,'Room dividers','room-dividers',1,7);
INSERT INTO `category_description` (`DESCRIPTION_ID`, `DATE_CREATED`, `DATE_MODIFIED`, `UPDT_ID`, `DESCRIPTION`, `NAME`, `TITLE`, `CATEGORY_HIGHLIGHT`, `META_DESCRIPTION`, `META_KEYWORDS`, `META_TITLE`, `SEF_URL`, `LANGUAGE_ID`, `CATEGORY_ID`) VALUES (14,'2022-05-10 09:15:16','2022-05-10 09:15:16',NULL,'Paravents','Paravents',NULL,NULL,NULL,NULL,'Paravents','paravents',2,7);
INSERT INTO `category_description` (`DESCRIPTION_ID`, `DATE_CREATED`, `DATE_MODIFIED`, `UPDT_ID`, `DESCRIPTION`, `NAME`, `TITLE`, `CATEGORY_HIGHLIGHT`, `META_DESCRIPTION`, `META_KEYWORDS`, `META_TITLE`, `SEF_URL`, `LANGUAGE_ID`, `CATEGORY_ID`) VALUES (15,'2022-05-10 09:15:16','2022-05-10 09:15:16',NULL,'Poufs','Poufs',NULL,NULL,NULL,NULL,'Poufs','poufs',2,8);
INSERT INTO `category_description` (`DESCRIPTION_ID`, `DATE_CREATED`, `DATE_MODIFIED`, `UPDT_ID`, `DESCRIPTION`, `NAME`, `TITLE`, `CATEGORY_HIGHLIGHT`, `META_DESCRIPTION`, `META_KEYWORDS`, `META_TITLE`, `SEF_URL`, `LANGUAGE_ID`, `CATEGORY_ID`) VALUES (16,'2022-05-10 09:15:16','2022-05-10 09:15:16',NULL,'Ottomans','Ottomans',NULL,NULL,NULL,NULL,'Ottomans','ottomans',1,8);
INSERT INTO `category_description` (`DESCRIPTION_ID`, `DATE_CREATED`, `DATE_MODIFIED`, `UPDT_ID`, `DESCRIPTION`, `NAME`, `TITLE`, `CATEGORY_HIGHLIGHT`, `META_DESCRIPTION`, `META_KEYWORDS`, `META_TITLE`, `SEF_URL`, `LANGUAGE_ID`, `CATEGORY_ID`) VALUES (17,'2022-05-10 09:15:16','2022-05-10 09:15:16',NULL,'Tables à café','Tables à café',NULL,NULL,NULL,NULL,'Tables à café','coffee-tables',2,9);
INSERT INTO `category_description` (`DESCRIPTION_ID`, `DATE_CREATED`, `DATE_MODIFIED`, `UPDT_ID`, `DESCRIPTION`, `NAME`, `TITLE`, `CATEGORY_HIGHLIGHT`, `META_DESCRIPTION`, `META_KEYWORDS`, `META_TITLE`, `SEF_URL`, `LANGUAGE_ID`, `CATEGORY_ID`) VALUES (18,'2022-05-10 09:15:16','2022-05-10 09:15:16',NULL,'Coffee tables','Coffee tables',NULL,NULL,NULL,NULL,'Coffee tables','coffee-tables',1,9);
INSERT INTO `category_description` (`DESCRIPTION_ID`, `DATE_CREATED`, `DATE_MODIFIED`, `UPDT_ID`, `DESCRIPTION`, `NAME`, `TITLE`, `CATEGORY_HIGHLIGHT`, `META_DESCRIPTION`, `META_KEYWORDS`, `META_TITLE`, `SEF_URL`, `LANGUAGE_ID`, `CATEGORY_ID`) VALUES (19,'2022-05-10 09:15:16','2022-05-10 09:15:16',NULL,'Living room tables','Living room tables',NULL,NULL,NULL,NULL,'Living room tables','living-room-tables',1,10);
INSERT INTO `category_description` (`DESCRIPTION_ID`, `DATE_CREATED`, `DATE_MODIFIED`, `UPDT_ID`, `DESCRIPTION`, `NAME`, `TITLE`, `CATEGORY_HIGHLIGHT`, `META_DESCRIPTION`, `META_KEYWORDS`, `META_TITLE`, `SEF_URL`, `LANGUAGE_ID`, `CATEGORY_ID`) VALUES (20,'2022-05-10 09:15:16','2022-05-10 09:15:16',NULL,'Tables de salon','Tables de salon',NULL,NULL,NULL,NULL,'Tables de salon','tables-de-salon',2,10);
INSERT INTO `category_description` (`DESCRIPTION_ID`, `DATE_CREATED`, `DATE_MODIFIED`, `UPDT_ID`, `DESCRIPTION`, `NAME`, `TITLE`, `CATEGORY_HIGHLIGHT`, `META_DESCRIPTION`, `META_KEYWORDS`, `META_TITLE`, `SEF_URL`, `LANGUAGE_ID`, `CATEGORY_ID`) VALUES (21,'2022-05-10 09:15:16','2022-05-10 09:15:16',NULL,'Decorations','Decorations',NULL,NULL,NULL,NULL,'Decorations','decorations',1,11);
INSERT INTO `category_description` (`DESCRIPTION_ID`, `DATE_CREATED`, `DATE_MODIFIED`, `UPDT_ID`, `DESCRIPTION`, `NAME`, `TITLE`, `CATEGORY_HIGHLIGHT`, `META_DESCRIPTION`, `META_KEYWORDS`, `META_TITLE`, `SEF_URL`, `LANGUAGE_ID`, `CATEGORY_ID`) VALUES (22,'2022-05-10 09:15:16','2022-05-10 09:15:16',NULL,'Décorations','Décorations',NULL,NULL,NULL,NULL,'Décorations','decorations',2,11);
INSERT INTO `category_description` (`DESCRIPTION_ID`, `DATE_CREATED`, `DATE_MODIFIED`, `UPDT_ID`, `DESCRIPTION`, `NAME`, `TITLE`, `CATEGORY_HIGHLIGHT`, `META_DESCRIPTION`, `META_KEYWORDS`, `META_TITLE`, `SEF_URL`, `LANGUAGE_ID`, `CATEGORY_ID`) VALUES (23,'2022-05-10 09:15:16','2022-05-10 09:15:16',NULL,'Boîtes décoratives','Boîtes décoratives',NULL,NULL,NULL,NULL,'Boîtes décoratives','boites-decoratives',2,12);
INSERT INTO `category_description` (`DESCRIPTION_ID`, `DATE_CREATED`, `DATE_MODIFIED`, `UPDT_ID`, `DESCRIPTION`, `NAME`, `TITLE`, `CATEGORY_HIGHLIGHT`, `META_DESCRIPTION`, `META_KEYWORDS`, `META_TITLE`, `SEF_URL`, `LANGUAGE_ID`, `CATEGORY_ID`) VALUES (24,'2022-05-10 09:15:16','2022-05-10 09:15:16',NULL,'Decorative boxes','Decorative boxes',NULL,NULL,NULL,NULL,'Decorative boxes','decorative-boxes',1,12);
INSERT INTO `category_description` (`DESCRIPTION_ID`, `DATE_CREATED`, `DATE_MODIFIED`, `UPDT_ID`, `DESCRIPTION`, `NAME`, `TITLE`, `CATEGORY_HIGHLIGHT`, `META_DESCRIPTION`, `META_KEYWORDS`, `META_TITLE`, `SEF_URL`, `LANGUAGE_ID`, `CATEGORY_ID`) VALUES (25,'2022-05-10 09:15:16','2022-05-10 09:15:16',NULL,'Cadres en bois','Cadres en bois',NULL,NULL,NULL,NULL,'Cadres en bois','cadres-en-bois',2,13);
INSERT INTO `category_description` (`DESCRIPTION_ID`, `DATE_CREATED`, `DATE_MODIFIED`, `UPDT_ID`, `DESCRIPTION`, `NAME`, `TITLE`, `CATEGORY_HIGHLIGHT`, `META_DESCRIPTION`, `META_KEYWORDS`, `META_TITLE`, `SEF_URL`, `LANGUAGE_ID`, `CATEGORY_ID`) VALUES (26,'2022-05-10 09:15:16','2022-05-10 09:15:16',NULL,'Wooden frames','Wooden frames',NULL,NULL,NULL,NULL,'Wooden frames','wooden-frames',1,13);
INSERT INTO `category_description` (`DESCRIPTION_ID`, `DATE_CREATED`, `DATE_MODIFIED`, `UPDT_ID`, `DESCRIPTION`, `NAME`, `TITLE`, `CATEGORY_HIGHLIGHT`, `META_DESCRIPTION`, `META_KEYWORDS`, `META_TITLE`, `SEF_URL`, `LANGUAGE_ID`, `CATEGORY_ID`) VALUES (27,'2022-05-10 09:15:16','2022-05-10 09:15:16',NULL,'Storage boxes','Storage boxes',NULL,NULL,NULL,NULL,'Storage boxes','bedroom-storage-boxes',1,14);
INSERT INTO `category_description` (`DESCRIPTION_ID`, `DATE_CREATED`, `DATE_MODIFIED`, `UPDT_ID`, `DESCRIPTION`, `NAME`, `TITLE`, `CATEGORY_HIGHLIGHT`, `META_DESCRIPTION`, `META_KEYWORDS`, `META_TITLE`, `SEF_URL`, `LANGUAGE_ID`, `CATEGORY_ID`) VALUES (28,'2022-05-10 09:15:16','2022-05-10 09:15:16',NULL,'Boîtes de rangement','Boîtes de rangement',NULL,NULL,NULL,NULL,'Boîtes de rangement','boite-rangement',2,14);
INSERT INTO `category_description` (`DESCRIPTION_ID`, `DATE_CREATED`, `DATE_MODIFIED`, `UPDT_ID`, `DESCRIPTION`, `NAME`, `TITLE`, `CATEGORY_HIGHLIGHT`, `META_DESCRIPTION`, `META_KEYWORDS`, `META_TITLE`, `SEF_URL`, `LANGUAGE_ID`, `CATEGORY_ID`) VALUES (29,'2022-05-10 09:15:16','2022-05-10 09:15:16',NULL,'Coussins','Coussins',NULL,NULL,NULL,NULL,'Coussins','cussions',2,15);
INSERT INTO `category_description` (`DESCRIPTION_ID`, `DATE_CREATED`, `DATE_MODIFIED`, `UPDT_ID`, `DESCRIPTION`, `NAME`, `TITLE`, `CATEGORY_HIGHLIGHT`, `META_DESCRIPTION`, `META_KEYWORDS`, `META_TITLE`, `SEF_URL`, `LANGUAGE_ID`, `CATEGORY_ID`) VALUES (30,'2022-05-10 09:15:16','2022-05-10 09:15:16',NULL,'Cussions','Cussions',NULL,NULL,NULL,NULL,'Cussions','cussions',1,15);
INSERT INTO `category_description` (`DESCRIPTION_ID`, `DATE_CREATED`, `DATE_MODIFIED`, `UPDT_ID`, `DESCRIPTION`, `NAME`, `TITLE`, `CATEGORY_HIGHLIGHT`, `META_DESCRIPTION`, `META_KEYWORDS`, `META_TITLE`, `SEF_URL`, `LANGUAGE_ID`, `CATEGORY_ID`) VALUES (31,'2022-05-10 09:15:16','2022-05-10 09:15:16',NULL,'Wall hooks','Wall hooks',NULL,NULL,NULL,NULL,'Wall hooks','wall-hooks',1,16);
INSERT INTO `category_description` (`DESCRIPTION_ID`, `DATE_CREATED`, `DATE_MODIFIED`, `UPDT_ID`, `DESCRIPTION`, `NAME`, `TITLE`, `CATEGORY_HIGHLIGHT`, `META_DESCRIPTION`, `META_KEYWORDS`, `META_TITLE`, `SEF_URL`, `LANGUAGE_ID`, `CATEGORY_ID`) VALUES (32,'2022-05-10 09:15:16','2022-05-10 09:15:16',NULL,'Crochets muraux','Crochets muraux',NULL,NULL,NULL,NULL,'Crochets mureaux','crochets-muraux',2,16);
INSERT INTO `category_description` (`DESCRIPTION_ID`, `DATE_CREATED`, `DATE_MODIFIED`, `UPDT_ID`, `DESCRIPTION`, `NAME`, `TITLE`, `CATEGORY_HIGHLIGHT`, `META_DESCRIPTION`, `META_KEYWORDS`, `META_TITLE`, `SEF_URL`, `LANGUAGE_ID`, `CATEGORY_ID`) VALUES (33,'2022-05-10 09:15:16','2022-05-10 09:15:16',NULL,'Figures','Figures',NULL,NULL,NULL,NULL,'Figures','figures',1,17);
INSERT INTO `category_description` (`DESCRIPTION_ID`, `DATE_CREATED`, `DATE_MODIFIED`, `UPDT_ID`, `DESCRIPTION`, `NAME`, `TITLE`, `CATEGORY_HIGHLIGHT`, `META_DESCRIPTION`, `META_KEYWORDS`, `META_TITLE`, `SEF_URL`, `LANGUAGE_ID`, `CATEGORY_ID`) VALUES (34,'2022-05-10 09:15:16','2022-05-10 09:15:16',NULL,'Figurines','Figurines',NULL,NULL,NULL,NULL,'Figurines','figurines',2,17);
INSERT INTO `category_description` (`DESCRIPTION_ID`, `DATE_CREATED`, `DATE_MODIFIED`, `UPDT_ID`, `DESCRIPTION`, `NAME`, `TITLE`, `CATEGORY_HIGHLIGHT`, `META_DESCRIPTION`, `META_KEYWORDS`, `META_TITLE`, `SEF_URL`, `LANGUAGE_ID`, `CATEGORY_ID`) VALUES (35,'2022-05-10 09:15:16','2022-05-10 09:15:16',NULL,'Clocks','Clocks',NULL,NULL,NULL,NULL,'Clocks','clocks',1,18);
INSERT INTO `category_description` (`DESCRIPTION_ID`, `DATE_CREATED`, `DATE_MODIFIED`, `UPDT_ID`, `DESCRIPTION`, `NAME`, `TITLE`, `CATEGORY_HIGHLIGHT`, `META_DESCRIPTION`, `META_KEYWORDS`, `META_TITLE`, `SEF_URL`, `LANGUAGE_ID`, `CATEGORY_ID`) VALUES (36,'2022-05-10 09:15:17','2022-05-10 09:15:17',NULL,'Horloges','Horloges',NULL,NULL,NULL,NULL,'Horloges','horloges',2,18);
INSERT INTO `category_description` (`DESCRIPTION_ID`, `DATE_CREATED`, `DATE_MODIFIED`, `UPDT_ID`, `DESCRIPTION`, `NAME`, `TITLE`, `CATEGORY_HIGHLIGHT`, `META_DESCRIPTION`, `META_KEYWORDS`, `META_TITLE`, `SEF_URL`, `LANGUAGE_ID`, `CATEGORY_ID`) VALUES (37,'2022-05-10 09:15:17','2022-05-10 09:15:17',NULL,'Miroirs','Miroirs',NULL,NULL,NULL,NULL,'Miroirs','miroirs',2,19);
INSERT INTO `category_description` (`DESCRIPTION_ID`, `DATE_CREATED`, `DATE_MODIFIED`, `UPDT_ID`, `DESCRIPTION`, `NAME`, `TITLE`, `CATEGORY_HIGHLIGHT`, `META_DESCRIPTION`, `META_KEYWORDS`, `META_TITLE`, `SEF_URL`, `LANGUAGE_ID`, `CATEGORY_ID`) VALUES (38,'2022-05-10 09:15:17','2022-05-10 09:15:17',NULL,'Mirrors','Mirrors',NULL,NULL,NULL,NULL,'Mirrors','mirrors',1,19);
INSERT INTO `category_description` (`DESCRIPTION_ID`, `DATE_CREATED`, `DATE_MODIFIED`, `UPDT_ID`, `DESCRIPTION`, `NAME`, `TITLE`, `CATEGORY_HIGHLIGHT`, `META_DESCRIPTION`, `META_KEYWORDS`, `META_TITLE`, `SEF_URL`, `LANGUAGE_ID`, `CATEGORY_ID`) VALUES (39,'2022-05-10 09:15:17','2022-05-10 09:15:17',NULL,'Chopping board','Chopping board',NULL,NULL,NULL,NULL,'Chopping board','chopping-board',1,20);
INSERT INTO `category_description` (`DESCRIPTION_ID`, `DATE_CREATED`, `DATE_MODIFIED`, `UPDT_ID`, `DESCRIPTION`, `NAME`, `TITLE`, `CATEGORY_HIGHLIGHT`, `META_DESCRIPTION`, `META_KEYWORDS`, `META_TITLE`, `SEF_URL`, `LANGUAGE_ID`, `CATEGORY_ID`) VALUES (40,'2022-05-10 09:15:17','2022-05-10 09:15:17',NULL,'Planche à découper','Planche à découper',NULL,NULL,NULL,NULL,'Planches à découper','planche-a-decouper',2,20);
INSERT INTO `category_description` (`DESCRIPTION_ID`, `DATE_CREATED`, `DATE_MODIFIED`, `UPDT_ID`, `DESCRIPTION`, `NAME`, `TITLE`, `CATEGORY_HIGHLIGHT`, `META_DESCRIPTION`, `META_KEYWORDS`, `META_TITLE`, `SEF_URL`, `LANGUAGE_ID`, `CATEGORY_ID`) VALUES (41,'2022-05-10 09:15:17','2022-05-10 09:15:17',NULL,'Board','Board',NULL,NULL,NULL,NULL,'Board','board',1,21);
INSERT INTO `category_description` (`DESCRIPTION_ID`, `DATE_CREATED`, `DATE_MODIFIED`, `UPDT_ID`, `DESCRIPTION`, `NAME`, `TITLE`, `CATEGORY_HIGHLIGHT`, `META_DESCRIPTION`, `META_KEYWORDS`, `META_TITLE`, `SEF_URL`, `LANGUAGE_ID`, `CATEGORY_ID`) VALUES (42,'2022-05-10 09:15:17','2022-05-10 09:15:17',NULL,'Plateau','Plateau',NULL,NULL,NULL,NULL,'Plateau','plateau',2,21);
INSERT INTO `category_description` (`DESCRIPTION_ID`, `DATE_CREATED`, `DATE_MODIFIED`, `UPDT_ID`, `DESCRIPTION`, `NAME`, `TITLE`, `CATEGORY_HIGHLIGHT`, `META_DESCRIPTION`, `META_KEYWORDS`, `META_TITLE`, `SEF_URL`, `LANGUAGE_ID`, `CATEGORY_ID`) VALUES (43,'2022-05-10 09:15:17','2022-05-10 09:15:17',NULL,'Statue','Statue',NULL,NULL,NULL,NULL,'Statue','statue',1,22);
INSERT INTO `category_description` (`DESCRIPTION_ID`, `DATE_CREATED`, `DATE_MODIFIED`, `UPDT_ID`, `DESCRIPTION`, `NAME`, `TITLE`, `CATEGORY_HIGHLIGHT`, `META_DESCRIPTION`, `META_KEYWORDS`, `META_TITLE`, `SEF_URL`, `LANGUAGE_ID`, `CATEGORY_ID`) VALUES (44,'2022-05-10 09:15:17','2022-05-10 09:15:17',NULL,'Statue','Statue',NULL,NULL,NULL,NULL,'Statue','statue',2,22);
INSERT INTO `category_description` (`DESCRIPTION_ID`, `DATE_CREATED`, `DATE_MODIFIED`, `UPDT_ID`, `DESCRIPTION`, `NAME`, `TITLE`, `CATEGORY_HIGHLIGHT`, `META_DESCRIPTION`, `META_KEYWORDS`, `META_TITLE`, `SEF_URL`, `LANGUAGE_ID`, `CATEGORY_ID`) VALUES (45,'2022-05-10 09:15:17','2022-05-10 09:15:17',NULL,'Accessories','Accessories',NULL,NULL,NULL,NULL,'Accessories','accessoires',1,23);
INSERT INTO `category_description` (`DESCRIPTION_ID`, `DATE_CREATED`, `DATE_MODIFIED`, `UPDT_ID`, `DESCRIPTION`, `NAME`, `TITLE`, `CATEGORY_HIGHLIGHT`, `META_DESCRIPTION`, `META_KEYWORDS`, `META_TITLE`, `SEF_URL`, `LANGUAGE_ID`, `CATEGORY_ID`) VALUES (46,'2022-05-10 09:15:17','2022-05-10 09:15:17',NULL,'Accessoires','Accessoires',NULL,NULL,NULL,NULL,'Accessoires','accessoires',2,23);
INSERT INTO `category_description` (`DESCRIPTION_ID`, `DATE_CREATED`, `DATE_MODIFIED`, `UPDT_ID`, `DESCRIPTION`, `NAME`, `TITLE`, `CATEGORY_HIGHLIGHT`, `META_DESCRIPTION`, `META_KEYWORDS`, `META_TITLE`, `SEF_URL`, `LANGUAGE_ID`, `CATEGORY_ID`) VALUES (47,'2022-05-10 09:15:17','2022-05-10 09:15:17',NULL,'Bags','Bags',NULL,NULL,NULL,NULL,'Bags','bags',1,24);
INSERT INTO `category_description` (`DESCRIPTION_ID`, `DATE_CREATED`, `DATE_MODIFIED`, `UPDT_ID`, `DESCRIPTION`, `NAME`, `TITLE`, `CATEGORY_HIGHLIGHT`, `META_DESCRIPTION`, `META_KEYWORDS`, `META_TITLE`, `SEF_URL`, `LANGUAGE_ID`, `CATEGORY_ID`) VALUES (48,'2022-05-10 09:15:17','2022-05-10 09:15:17',NULL,'Sacs','Sacs',NULL,NULL,NULL,NULL,'Sacs','bags',2,24);
INSERT INTO `category_description` (`DESCRIPTION_ID`, `DATE_CREATED`, `DATE_MODIFIED`, `UPDT_ID`, `DESCRIPTION`, `NAME`, `TITLE`, `CATEGORY_HIGHLIGHT`, `META_DESCRIPTION`, `META_KEYWORDS`, `META_TITLE`, `SEF_URL`, `LANGUAGE_ID`, `CATEGORY_ID`) VALUES (49,'2022-05-10 09:15:17','2022-05-10 09:15:17',NULL,'Office','Office',NULL,NULL,NULL,NULL,'Office','office-furniture',1,25);
INSERT INTO `category_description` (`DESCRIPTION_ID`, `DATE_CREATED`, `DATE_MODIFIED`, `UPDT_ID`, `DESCRIPTION`, `NAME`, `TITLE`, `CATEGORY_HIGHLIGHT`, `META_DESCRIPTION`, `META_KEYWORDS`, `META_TITLE`, `SEF_URL`, `LANGUAGE_ID`, `CATEGORY_ID`) VALUES (50,'2022-05-10 09:15:17','2022-05-10 09:15:17',NULL,'Bureau','Bureau',NULL,NULL,NULL,NULL,'Bureau','mobilier-de-bureau',2,25);
INSERT INTO `category_description` (`DESCRIPTION_ID`, `DATE_CREATED`, `DATE_MODIFIED`, `UPDT_ID`, `DESCRIPTION`, `NAME`, `TITLE`, `CATEGORY_HIGHLIGHT`, `META_DESCRIPTION`, `META_KEYWORDS`, `META_TITLE`, `SEF_URL`, `LANGUAGE_ID`, `CATEGORY_ID`) VALUES (51,'2022-05-10 09:15:17','2022-05-10 09:15:17',NULL,'Library','Library',NULL,NULL,NULL,NULL,'Library','library',1,26);
INSERT INTO `category_description` (`DESCRIPTION_ID`, `DATE_CREATED`, `DATE_MODIFIED`, `UPDT_ID`, `DESCRIPTION`, `NAME`, `TITLE`, `CATEGORY_HIGHLIGHT`, `META_DESCRIPTION`, `META_KEYWORDS`, `META_TITLE`, `SEF_URL`, `LANGUAGE_ID`, `CATEGORY_ID`) VALUES (52,'2022-05-10 09:15:17','2022-05-10 09:15:17',NULL,'Bibliothèque','Bibliothèque',NULL,NULL,NULL,NULL,'Bibliothèque','bibliotheque',2,26);
INSERT INTO `category_description` (`DESCRIPTION_ID`, `DATE_CREATED`, `DATE_MODIFIED`, `UPDT_ID`, `DESCRIPTION`, `NAME`, `TITLE`, `CATEGORY_HIGHLIGHT`, `META_DESCRIPTION`, `META_KEYWORDS`, `META_TITLE`, `SEF_URL`, `LANGUAGE_ID`, `CATEGORY_ID`) VALUES (53,'2022-05-10 09:15:17','2022-05-10 09:15:17',NULL,'Office tables','Office tables',NULL,NULL,NULL,NULL,'Office tables','office-table',1,27);
INSERT INTO `category_description` (`DESCRIPTION_ID`, `DATE_CREATED`, `DATE_MODIFIED`, `UPDT_ID`, `DESCRIPTION`, `NAME`, `TITLE`, `CATEGORY_HIGHLIGHT`, `META_DESCRIPTION`, `META_KEYWORDS`, `META_TITLE`, `SEF_URL`, `LANGUAGE_ID`, `CATEGORY_ID`) VALUES (54,'2022-05-10 09:15:17','2022-05-10 09:15:17',NULL,'Bureau de travail','Bureau de travail',NULL,NULL,NULL,NULL,'Bureau de travail','bureau-de-travail',2,27);
INSERT INTO `category_description` (`DESCRIPTION_ID`, `DATE_CREATED`, `DATE_MODIFIED`, `UPDT_ID`, `DESCRIPTION`, `NAME`, `TITLE`, `CATEGORY_HIGHLIGHT`, `META_DESCRIPTION`, `META_KEYWORDS`, `META_TITLE`, `SEF_URL`, `LANGUAGE_ID`, `CATEGORY_ID`) VALUES (55,'2022-05-10 09:15:17','2022-05-10 09:15:17',NULL,'Shelves','Shelves',NULL,NULL,NULL,NULL,'Shelves','shelves',1,28);
INSERT INTO `category_description` (`DESCRIPTION_ID`, `DATE_CREATED`, `DATE_MODIFIED`, `UPDT_ID`, `DESCRIPTION`, `NAME`, `TITLE`, `CATEGORY_HIGHLIGHT`, `META_DESCRIPTION`, `META_KEYWORDS`, `META_TITLE`, `SEF_URL`, `LANGUAGE_ID`, `CATEGORY_ID`) VALUES (56,'2022-05-10 09:15:17','2022-05-10 09:15:17',NULL,'Étagères','Étagères',NULL,NULL,NULL,NULL,'Étagères','etageres',2,28);
INSERT INTO `category_description` (`DESCRIPTION_ID`, `DATE_CREATED`, `DATE_MODIFIED`, `UPDT_ID`, `DESCRIPTION`, `NAME`, `TITLE`, `CATEGORY_HIGHLIGHT`, `META_DESCRIPTION`, `META_KEYWORDS`, `META_TITLE`, `SEF_URL`, `LANGUAGE_ID`, `CATEGORY_ID`) VALUES (57,'2022-05-10 09:15:17','2022-05-10 09:15:17',NULL,'Classeurs','Classeurs',NULL,NULL,NULL,NULL,'Classeurs','classeurs',2,29);
INSERT INTO `category_description` (`DESCRIPTION_ID`, `DATE_CREATED`, `DATE_MODIFIED`, `UPDT_ID`, `DESCRIPTION`, `NAME`, `TITLE`, `CATEGORY_HIGHLIGHT`, `META_DESCRIPTION`, `META_KEYWORDS`, `META_TITLE`, `SEF_URL`, `LANGUAGE_ID`, `CATEGORY_ID`) VALUES (58,'2022-05-10 09:15:17','2022-05-10 09:15:17',NULL,'Filing cabinet','Filing cabinet',NULL,NULL,NULL,NULL,'Filing cabinet','filing-cabinet',1,29);
INSERT INTO `category_description` (`DESCRIPTION_ID`, `DATE_CREATED`, `DATE_MODIFIED`, `UPDT_ID`, `DESCRIPTION`, `NAME`, `TITLE`, `CATEGORY_HIGHLIGHT`, `META_DESCRIPTION`, `META_KEYWORDS`, `META_TITLE`, `SEF_URL`, `LANGUAGE_ID`, `CATEGORY_ID`) VALUES (59,'2022-05-10 09:15:17','2022-05-10 09:15:17',NULL,'Office chairs','Office chairs',NULL,NULL,NULL,NULL,'Office chairs','office-chairs',1,30);
INSERT INTO `category_description` (`DESCRIPTION_ID`, `DATE_CREATED`, `DATE_MODIFIED`, `UPDT_ID`, `DESCRIPTION`, `NAME`, `TITLE`, `CATEGORY_HIGHLIGHT`, `META_DESCRIPTION`, `META_KEYWORDS`, `META_TITLE`, `SEF_URL`, `LANGUAGE_ID`, `CATEGORY_ID`) VALUES (60,'2022-05-10 09:15:17','2022-05-10 09:15:17',NULL,'Chaises de bureau','Chaises de bureau',NULL,NULL,NULL,NULL,'Chaises de bureau','chaises-de-bureau',2,30);
INSERT INTO `category_description` (`DESCRIPTION_ID`, `DATE_CREATED`, `DATE_MODIFIED`, `UPDT_ID`, `DESCRIPTION`, `NAME`, `TITLE`, `CATEGORY_HIGHLIGHT`, `META_DESCRIPTION`, `META_KEYWORDS`, `META_TITLE`, `SEF_URL`, `LANGUAGE_ID`, `CATEGORY_ID`) VALUES (61,'2022-05-10 09:16:08','2022-05-10 09:16:08',NULL,'Salle à manger','Salle à manger',NULL,NULL,NULL,NULL,'Salle à manger','salle-a-manger',2,31);
INSERT INTO `category_description` (`DESCRIPTION_ID`, `DATE_CREATED`, `DATE_MODIFIED`, `UPDT_ID`, `DESCRIPTION`, `NAME`, `TITLE`, `CATEGORY_HIGHLIGHT`, `META_DESCRIPTION`, `META_KEYWORDS`, `META_TITLE`, `SEF_URL`, `LANGUAGE_ID`, `CATEGORY_ID`) VALUES (62,'2022-05-10 09:16:08','2022-05-10 09:16:08',NULL,'Dining room','Dining room',NULL,NULL,NULL,NULL,'Dining room','dining-room',1,31);
INSERT INTO `category_description` (`DESCRIPTION_ID`, `DATE_CREATED`, `DATE_MODIFIED`, `UPDT_ID`, `DESCRIPTION`, `NAME`, `TITLE`, `CATEGORY_HIGHLIGHT`, `META_DESCRIPTION`, `META_KEYWORDS`, `META_TITLE`, `SEF_URL`, `LANGUAGE_ID`, `CATEGORY_ID`) VALUES (63,'2022-05-10 09:16:08','2022-05-10 09:16:08',NULL,'Dining cabinet','Dining cabinet',NULL,NULL,NULL,NULL,'Dining cabinet','dining-cabinet',1,32);
INSERT INTO `category_description` (`DESCRIPTION_ID`, `DATE_CREATED`, `DATE_MODIFIED`, `UPDT_ID`, `DESCRIPTION`, `NAME`, `TITLE`, `CATEGORY_HIGHLIGHT`, `META_DESCRIPTION`, `META_KEYWORDS`, `META_TITLE`, `SEF_URL`, `LANGUAGE_ID`, `CATEGORY_ID`) VALUES (64,'2022-05-10 09:16:08','2022-05-10 09:16:08',NULL,'Armoires','Armoires',NULL,NULL,NULL,NULL,'Armoires','armoires',2,32);
INSERT INTO `category_description` (`DESCRIPTION_ID`, `DATE_CREATED`, `DATE_MODIFIED`, `UPDT_ID`, `DESCRIPTION`, `NAME`, `TITLE`, `CATEGORY_HIGHLIGHT`, `META_DESCRIPTION`, `META_KEYWORDS`, `META_TITLE`, `SEF_URL`, `LANGUAGE_ID`, `CATEGORY_ID`) VALUES (65,'2022-05-10 09:16:08','2022-05-10 09:16:08',NULL,'Buffets','Buffets',NULL,NULL,NULL,NULL,'Buffets','buffets',1,33);
INSERT INTO `category_description` (`DESCRIPTION_ID`, `DATE_CREATED`, `DATE_MODIFIED`, `UPDT_ID`, `DESCRIPTION`, `NAME`, `TITLE`, `CATEGORY_HIGHLIGHT`, `META_DESCRIPTION`, `META_KEYWORDS`, `META_TITLE`, `SEF_URL`, `LANGUAGE_ID`, `CATEGORY_ID`) VALUES (66,'2022-05-10 09:16:08','2022-05-10 09:16:08',NULL,'Buffets','Buffets',NULL,NULL,NULL,NULL,'Buffets','buffets',2,33);
INSERT INTO `category_description` (`DESCRIPTION_ID`, `DATE_CREATED`, `DATE_MODIFIED`, `UPDT_ID`, `DESCRIPTION`, `NAME`, `TITLE`, `CATEGORY_HIGHLIGHT`, `META_DESCRIPTION`, `META_KEYWORDS`, `META_TITLE`, `SEF_URL`, `LANGUAGE_ID`, `CATEGORY_ID`) VALUES (67,'2022-05-10 09:16:08','2022-05-10 09:16:08',NULL,'Benches','Benches',NULL,NULL,NULL,NULL,'Benches','benches',1,34);
INSERT INTO `category_description` (`DESCRIPTION_ID`, `DATE_CREATED`, `DATE_MODIFIED`, `UPDT_ID`, `DESCRIPTION`, `NAME`, `TITLE`, `CATEGORY_HIGHLIGHT`, `META_DESCRIPTION`, `META_KEYWORDS`, `META_TITLE`, `SEF_URL`, `LANGUAGE_ID`, `CATEGORY_ID`) VALUES (68,'2022-05-10 09:16:08','2022-05-10 09:16:08',NULL,'Bancs','Bancs',NULL,NULL,NULL,NULL,'Bancs','bancs',2,34);
INSERT INTO `category_description` (`DESCRIPTION_ID`, `DATE_CREATED`, `DATE_MODIFIED`, `UPDT_ID`, `DESCRIPTION`, `NAME`, `TITLE`, `CATEGORY_HIGHLIGHT`, `META_DESCRIPTION`, `META_KEYWORDS`, `META_TITLE`, `SEF_URL`, `LANGUAGE_ID`, `CATEGORY_ID`) VALUES (69,'2022-05-10 09:16:08','2022-05-10 09:16:08',NULL,'Chaises','Chaises',NULL,NULL,NULL,NULL,'Chaises','chaises',2,35);
INSERT INTO `category_description` (`DESCRIPTION_ID`, `DATE_CREATED`, `DATE_MODIFIED`, `UPDT_ID`, `DESCRIPTION`, `NAME`, `TITLE`, `CATEGORY_HIGHLIGHT`, `META_DESCRIPTION`, `META_KEYWORDS`, `META_TITLE`, `SEF_URL`, `LANGUAGE_ID`, `CATEGORY_ID`) VALUES (70,'2022-05-10 09:16:08','2022-05-10 09:16:08',NULL,'Chairs','Chairs',NULL,NULL,NULL,NULL,'Chairs','chairs',1,35);
INSERT INTO `category_description` (`DESCRIPTION_ID`, `DATE_CREATED`, `DATE_MODIFIED`, `UPDT_ID`, `DESCRIPTION`, `NAME`, `TITLE`, `CATEGORY_HIGHLIGHT`, `META_DESCRIPTION`, `META_KEYWORDS`, `META_TITLE`, `SEF_URL`, `LANGUAGE_ID`, `CATEGORY_ID`) VALUES (71,'2022-05-10 09:16:08','2022-05-10 09:16:08',NULL,'Console tables','Console tables',NULL,NULL,NULL,NULL,'Console tables','consoles-tables',1,36);
INSERT INTO `category_description` (`DESCRIPTION_ID`, `DATE_CREATED`, `DATE_MODIFIED`, `UPDT_ID`, `DESCRIPTION`, `NAME`, `TITLE`, `CATEGORY_HIGHLIGHT`, `META_DESCRIPTION`, `META_KEYWORDS`, `META_TITLE`, `SEF_URL`, `LANGUAGE_ID`, `CATEGORY_ID`) VALUES (72,'2022-05-10 09:16:08','2022-05-10 09:16:08',NULL,'Consoles','Consoles',NULL,NULL,NULL,NULL,'Consoles','consoles',2,36);
INSERT INTO `category_description` (`DESCRIPTION_ID`, `DATE_CREATED`, `DATE_MODIFIED`, `UPDT_ID`, `DESCRIPTION`, `NAME`, `TITLE`, `CATEGORY_HIGHLIGHT`, `META_DESCRIPTION`, `META_KEYWORDS`, `META_TITLE`, `SEF_URL`, `LANGUAGE_ID`, `CATEGORY_ID`) VALUES (73,'2022-05-10 09:16:08','2022-05-10 09:16:08',NULL,'Tables','Tables',NULL,NULL,NULL,NULL,'Tables','tables',1,37);
INSERT INTO `category_description` (`DESCRIPTION_ID`, `DATE_CREATED`, `DATE_MODIFIED`, `UPDT_ID`, `DESCRIPTION`, `NAME`, `TITLE`, `CATEGORY_HIGHLIGHT`, `META_DESCRIPTION`, `META_KEYWORDS`, `META_TITLE`, `SEF_URL`, `LANGUAGE_ID`, `CATEGORY_ID`) VALUES (74,'2022-05-10 09:16:08','2022-05-10 09:16:08',NULL,'Tables','Tables',NULL,NULL,NULL,NULL,'Tables','tables',2,37);
INSERT INTO `category_description` (`DESCRIPTION_ID`, `DATE_CREATED`, `DATE_MODIFIED`, `UPDT_ID`, `DESCRIPTION`, `NAME`, `TITLE`, `CATEGORY_HIGHLIGHT`, `META_DESCRIPTION`, `META_KEYWORDS`, `META_TITLE`, `SEF_URL`, `LANGUAGE_ID`, `CATEGORY_ID`) VALUES (75,'2022-05-10 09:16:08','2022-05-10 09:16:08',NULL,'Tabourets','Tabourets',NULL,NULL,NULL,NULL,'Tabourets','tabourets',2,38);
INSERT INTO `category_description` (`DESCRIPTION_ID`, `DATE_CREATED`, `DATE_MODIFIED`, `UPDT_ID`, `DESCRIPTION`, `NAME`, `TITLE`, `CATEGORY_HIGHLIGHT`, `META_DESCRIPTION`, `META_KEYWORDS`, `META_TITLE`, `SEF_URL`, `LANGUAGE_ID`, `CATEGORY_ID`) VALUES (76,'2022-05-10 09:16:08','2022-05-10 09:16:08',NULL,'Stools','Stools',NULL,NULL,NULL,NULL,'Stools','stools',1,38);
INSERT INTO `category_description` (`DESCRIPTION_ID`, `DATE_CREATED`, `DATE_MODIFIED`, `UPDT_ID`, `DESCRIPTION`, `NAME`, `TITLE`, `CATEGORY_HIGHLIGHT`, `META_DESCRIPTION`, `META_KEYWORDS`, `META_TITLE`, `SEF_URL`, `LANGUAGE_ID`, `CATEGORY_ID`) VALUES (77,'2022-05-10 09:16:10','2022-05-10 09:16:10',NULL,'Éclairage','Éclairage',NULL,NULL,NULL,NULL,'Éclairage','eclairage',2,39);
INSERT INTO `category_description` (`DESCRIPTION_ID`, `DATE_CREATED`, `DATE_MODIFIED`, `UPDT_ID`, `DESCRIPTION`, `NAME`, `TITLE`, `CATEGORY_HIGHLIGHT`, `META_DESCRIPTION`, `META_KEYWORDS`, `META_TITLE`, `SEF_URL`, `LANGUAGE_ID`, `CATEGORY_ID`) VALUES (78,'2022-05-10 09:16:10','2022-05-10 09:16:10',NULL,'Lighting','Lighting',NULL,NULL,NULL,NULL,'Lighting','lighting',1,39);
INSERT INTO `category_description` (`DESCRIPTION_ID`, `DATE_CREATED`, `DATE_MODIFIED`, `UPDT_ID`, `DESCRIPTION`, `NAME`, `TITLE`, `CATEGORY_HIGHLIGHT`, `META_DESCRIPTION`, `META_KEYWORDS`, `META_TITLE`, `SEF_URL`, `LANGUAGE_ID`, `CATEGORY_ID`) VALUES (79,'2022-05-10 09:16:10','2022-05-10 09:16:10',NULL,'Lampes sur pied','Lampes sur pied',NULL,NULL,NULL,NULL,'Lampes sur pied','lampes-sur-pied',2,40);
INSERT INTO `category_description` (`DESCRIPTION_ID`, `DATE_CREATED`, `DATE_MODIFIED`, `UPDT_ID`, `DESCRIPTION`, `NAME`, `TITLE`, `CATEGORY_HIGHLIGHT`, `META_DESCRIPTION`, `META_KEYWORDS`, `META_TITLE`, `SEF_URL`, `LANGUAGE_ID`, `CATEGORY_ID`) VALUES (80,'2022-05-10 09:16:10','2022-05-10 09:16:10',NULL,'Floor lamps','Floor lamps',NULL,NULL,NULL,NULL,'Floor lamps','floor-lamps',1,40);
INSERT INTO `category_description` (`DESCRIPTION_ID`, `DATE_CREATED`, `DATE_MODIFIED`, `UPDT_ID`, `DESCRIPTION`, `NAME`, `TITLE`, `CATEGORY_HIGHLIGHT`, `META_DESCRIPTION`, `META_KEYWORDS`, `META_TITLE`, `SEF_URL`, `LANGUAGE_ID`, `CATEGORY_ID`) VALUES (81,'2022-05-10 09:16:10','2022-05-10 09:16:10',NULL,'Table lamps','Table lamps',NULL,NULL,NULL,NULL,'Table lamps','table-lamps',1,41);
INSERT INTO `category_description` (`DESCRIPTION_ID`, `DATE_CREATED`, `DATE_MODIFIED`, `UPDT_ID`, `DESCRIPTION`, `NAME`, `TITLE`, `CATEGORY_HIGHLIGHT`, `META_DESCRIPTION`, `META_KEYWORDS`, `META_TITLE`, `SEF_URL`, `LANGUAGE_ID`, `CATEGORY_ID`) VALUES (82,'2022-05-10 09:16:10','2022-05-10 09:16:10',NULL,'Lampes de tables','Lampes de tables',NULL,NULL,NULL,NULL,'Lampes de tables','lampes-de-table',2,41);
INSERT INTO `category_description` (`DESCRIPTION_ID`, `DATE_CREATED`, `DATE_MODIFIED`, `UPDT_ID`, `DESCRIPTION`, `NAME`, `TITLE`, `CATEGORY_HIGHLIGHT`, `META_DESCRIPTION`, `META_KEYWORDS`, `META_TITLE`, `SEF_URL`, `LANGUAGE_ID`, `CATEGORY_ID`) VALUES (83,'2022-05-10 09:16:10','2022-05-10 09:16:10',NULL,'Luminaires','Luminaires',NULL,NULL,NULL,NULL,'Luminaires','luninaires',2,42);
INSERT INTO `category_description` (`DESCRIPTION_ID`, `DATE_CREATED`, `DATE_MODIFIED`, `UPDT_ID`, `DESCRIPTION`, `NAME`, `TITLE`, `CATEGORY_HIGHLIGHT`, `META_DESCRIPTION`, `META_KEYWORDS`, `META_TITLE`, `SEF_URL`, `LANGUAGE_ID`, `CATEGORY_ID`) VALUES (84,'2022-05-10 09:16:10','2022-05-10 09:16:10',NULL,'Pendants','Pendants',NULL,NULL,NULL,NULL,'Pendants','pendant',1,42);
INSERT INTO `category_description` (`DESCRIPTION_ID`, `DATE_CREATED`, `DATE_MODIFIED`, `UPDT_ID`, `DESCRIPTION`, `NAME`, `TITLE`, `CATEGORY_HIGHLIGHT`, `META_DESCRIPTION`, `META_KEYWORDS`, `META_TITLE`, `SEF_URL`, `LANGUAGE_ID`, `CATEGORY_ID`) VALUES (85,'2022-05-10 09:16:11','2022-05-10 09:16:11',NULL,'Chambre','Chambre',NULL,NULL,NULL,NULL,'Chambre','chambre',2,43);
INSERT INTO `category_description` (`DESCRIPTION_ID`, `DATE_CREATED`, `DATE_MODIFIED`, `UPDT_ID`, `DESCRIPTION`, `NAME`, `TITLE`, `CATEGORY_HIGHLIGHT`, `META_DESCRIPTION`, `META_KEYWORDS`, `META_TITLE`, `SEF_URL`, `LANGUAGE_ID`, `CATEGORY_ID`) VALUES (86,'2022-05-10 09:16:11','2022-05-10 09:16:11',NULL,'Bedroom','Bedroom',NULL,NULL,NULL,NULL,'Bedroom','bedroom',1,43);
INSERT INTO `category_description` (`DESCRIPTION_ID`, `DATE_CREATED`, `DATE_MODIFIED`, `UPDT_ID`, `DESCRIPTION`, `NAME`, `TITLE`, `CATEGORY_HIGHLIGHT`, `META_DESCRIPTION`, `META_KEYWORDS`, `META_TITLE`, `SEF_URL`, `LANGUAGE_ID`, `CATEGORY_ID`) VALUES (87,'2022-05-10 09:16:11','2022-05-10 09:16:11',NULL,'Armoires','Armoires',NULL,NULL,NULL,NULL,'Armoires','armoires-chambre',2,44);
INSERT INTO `category_description` (`DESCRIPTION_ID`, `DATE_CREATED`, `DATE_MODIFIED`, `UPDT_ID`, `DESCRIPTION`, `NAME`, `TITLE`, `CATEGORY_HIGHLIGHT`, `META_DESCRIPTION`, `META_KEYWORDS`, `META_TITLE`, `SEF_URL`, `LANGUAGE_ID`, `CATEGORY_ID`) VALUES (88,'2022-05-10 09:16:11','2022-05-10 09:16:11',NULL,'Armoires','Armoires',NULL,NULL,NULL,NULL,'Armoires','bedroom-armoires',1,44);
INSERT INTO `category_description` (`DESCRIPTION_ID`, `DATE_CREATED`, `DATE_MODIFIED`, `UPDT_ID`, `DESCRIPTION`, `NAME`, `TITLE`, `CATEGORY_HIGHLIGHT`, `META_DESCRIPTION`, `META_KEYWORDS`, `META_TITLE`, `SEF_URL`, `LANGUAGE_ID`, `CATEGORY_ID`) VALUES (89,'2022-05-10 09:16:11','2022-05-10 09:16:11',NULL,'Storage box','Storage box',NULL,NULL,NULL,NULL,'Storage box','storage-box',1,45);
INSERT INTO `category_description` (`DESCRIPTION_ID`, `DATE_CREATED`, `DATE_MODIFIED`, `UPDT_ID`, `DESCRIPTION`, `NAME`, `TITLE`, `CATEGORY_HIGHLIGHT`, `META_DESCRIPTION`, `META_KEYWORDS`, `META_TITLE`, `SEF_URL`, `LANGUAGE_ID`, `CATEGORY_ID`) VALUES (90,'2022-05-10 09:16:11','2022-05-10 09:16:11',NULL,'Coffres de rangement','Coffres de rangement',NULL,NULL,NULL,NULL,'Coffre de rangement','coffre-rangement',2,45);
INSERT INTO `category_description` (`DESCRIPTION_ID`, `DATE_CREATED`, `DATE_MODIFIED`, `UPDT_ID`, `DESCRIPTION`, `NAME`, `TITLE`, `CATEGORY_HIGHLIGHT`, `META_DESCRIPTION`, `META_KEYWORDS`, `META_TITLE`, `SEF_URL`, `LANGUAGE_ID`, `CATEGORY_ID`) VALUES (91,'2022-05-10 09:16:11','2022-05-10 09:16:11',NULL,'Room dividers','Room dividers',NULL,NULL,NULL,NULL,'Room dividers','bedroom-room-dividers',1,46);
INSERT INTO `category_description` (`DESCRIPTION_ID`, `DATE_CREATED`, `DATE_MODIFIED`, `UPDT_ID`, `DESCRIPTION`, `NAME`, `TITLE`, `CATEGORY_HIGHLIGHT`, `META_DESCRIPTION`, `META_KEYWORDS`, `META_TITLE`, `SEF_URL`, `LANGUAGE_ID`, `CATEGORY_ID`) VALUES (92,'2022-05-10 09:16:11','2022-05-10 09:16:11',NULL,'Paravents','Paravents',NULL,NULL,NULL,NULL,'Paravents','paravents-chambre',2,46);
INSERT INTO `category_description` (`DESCRIPTION_ID`, `DATE_CREATED`, `DATE_MODIFIED`, `UPDT_ID`, `DESCRIPTION`, `NAME`, `TITLE`, `CATEGORY_HIGHLIGHT`, `META_DESCRIPTION`, `META_KEYWORDS`, `META_TITLE`, `SEF_URL`, `LANGUAGE_ID`, `CATEGORY_ID`) VALUES (93,'2022-05-10 09:16:11','2022-05-10 09:16:11',NULL,'Poufs','Poufs',NULL,NULL,NULL,NULL,'Poufs','poufs-chambre',2,47);
INSERT INTO `category_description` (`DESCRIPTION_ID`, `DATE_CREATED`, `DATE_MODIFIED`, `UPDT_ID`, `DESCRIPTION`, `NAME`, `TITLE`, `CATEGORY_HIGHLIGHT`, `META_DESCRIPTION`, `META_KEYWORDS`, `META_TITLE`, `SEF_URL`, `LANGUAGE_ID`, `CATEGORY_ID`) VALUES (94,'2022-05-10 09:16:11','2022-05-10 09:16:11',NULL,'Ottomans','Ottomans',NULL,NULL,NULL,NULL,'Ottomans','bedroom-ottomans',1,47);
INSERT INTO `category_description` (`DESCRIPTION_ID`, `DATE_CREATED`, `DATE_MODIFIED`, `UPDT_ID`, `DESCRIPTION`, `NAME`, `TITLE`, `CATEGORY_HIGHLIGHT`, `META_DESCRIPTION`, `META_KEYWORDS`, `META_TITLE`, `SEF_URL`, `LANGUAGE_ID`, `CATEGORY_ID`) VALUES (95,'2022-05-10 09:16:11','2022-05-10 09:16:11',NULL,'Tables de chevet','Tables de chevet',NULL,NULL,NULL,NULL,'Tables de chevet','tables-de-chevet',2,48);
INSERT INTO `category_description` (`DESCRIPTION_ID`, `DATE_CREATED`, `DATE_MODIFIED`, `UPDT_ID`, `DESCRIPTION`, `NAME`, `TITLE`, `CATEGORY_HIGHLIGHT`, `META_DESCRIPTION`, `META_KEYWORDS`, `META_TITLE`, `SEF_URL`, `LANGUAGE_ID`, `CATEGORY_ID`) VALUES (96,'2022-05-10 09:16:11','2022-05-10 09:16:11',NULL,'Bedside tables','Bedside tables',NULL,NULL,NULL,NULL,'Bedside tables','bedside-tables',1,48);
INSERT INTO `category_description` (`DESCRIPTION_ID`, `DATE_CREATED`, `DATE_MODIFIED`, `UPDT_ID`, `DESCRIPTION`, `NAME`, `TITLE`, `CATEGORY_HIGHLIGHT`, `META_DESCRIPTION`, `META_KEYWORDS`, `META_TITLE`, `SEF_URL`, `LANGUAGE_ID`, `CATEGORY_ID`) VALUES (97,'2022-05-10 15:30:17','2022-05-10 15:30:17',NULL,NULL,'Computer Books',NULL,NULL,NULL,NULL,NULL,'computer-books',1,50);
INSERT INTO `category_description` (`DESCRIPTION_ID`, `DATE_CREATED`, `DATE_MODIFIED`, `UPDT_ID`, `DESCRIPTION`, `NAME`, `TITLE`, `CATEGORY_HIGHLIGHT`, `META_DESCRIPTION`, `META_KEYWORDS`, `META_TITLE`, `SEF_URL`, `LANGUAGE_ID`, `CATEGORY_ID`) VALUES (98,'2022-05-10 15:30:17','2022-05-10 15:30:17',NULL,NULL,'Livres d\'informatique',NULL,NULL,NULL,NULL,NULL,'livres-informatiques',2,50);
INSERT INTO `category_description` (`DESCRIPTION_ID`, `DATE_CREATED`, `DATE_MODIFIED`, `UPDT_ID`, `DESCRIPTION`, `NAME`, `TITLE`, `CATEGORY_HIGHLIGHT`, `META_DESCRIPTION`, `META_KEYWORDS`, `META_TITLE`, `SEF_URL`, `LANGUAGE_ID`, `CATEGORY_ID`) VALUES (99,'2022-05-10 15:30:17','2022-05-10 15:30:17',NULL,NULL,'Novels',NULL,NULL,NULL,NULL,NULL,'novels',1,51);
INSERT INTO `category_description` (`DESCRIPTION_ID`, `DATE_CREATED`, `DATE_MODIFIED`, `UPDT_ID`, `DESCRIPTION`, `NAME`, `TITLE`, `CATEGORY_HIGHLIGHT`, `META_DESCRIPTION`, `META_KEYWORDS`, `META_TITLE`, `SEF_URL`, `LANGUAGE_ID`, `CATEGORY_ID`) VALUES (100,'2022-05-10 15:30:17','2022-05-10 15:30:17',NULL,NULL,'Romans',NULL,NULL,NULL,NULL,NULL,'romans',2,51);
INSERT INTO `category_description` (`DESCRIPTION_ID`, `DATE_CREATED`, `DATE_MODIFIED`, `UPDT_ID`, `DESCRIPTION`, `NAME`, `TITLE`, `CATEGORY_HIGHLIGHT`, `META_DESCRIPTION`, `META_KEYWORDS`, `META_TITLE`, `SEF_URL`, `LANGUAGE_ID`, `CATEGORY_ID`) VALUES (101,'2022-05-10 15:30:17','2022-05-10 15:30:17',NULL,NULL,'Technologie',NULL,NULL,NULL,NULL,NULL,'technologie',2,52);
INSERT INTO `category_description` (`DESCRIPTION_ID`, `DATE_CREATED`, `DATE_MODIFIED`, `UPDT_ID`, `DESCRIPTION`, `NAME`, `TITLE`, `CATEGORY_HIGHLIGHT`, `META_DESCRIPTION`, `META_KEYWORDS`, `META_TITLE`, `SEF_URL`, `LANGUAGE_ID`, `CATEGORY_ID`) VALUES (102,'2022-05-10 15:30:17','2022-05-10 15:30:17',NULL,NULL,'Technology',NULL,NULL,NULL,NULL,NULL,'technology',1,52);
INSERT INTO `category_description` (`DESCRIPTION_ID`, `DATE_CREATED`, `DATE_MODIFIED`, `UPDT_ID`, `DESCRIPTION`, `NAME`, `TITLE`, `CATEGORY_HIGHLIGHT`, `META_DESCRIPTION`, `META_KEYWORDS`, `META_TITLE`, `SEF_URL`, `LANGUAGE_ID`, `CATEGORY_ID`) VALUES (103,'2022-05-10 15:30:18','2022-05-10 15:30:18',NULL,NULL,'Web',NULL,NULL,NULL,NULL,NULL,'the-web',1,53);
INSERT INTO `category_description` (`DESCRIPTION_ID`, `DATE_CREATED`, `DATE_MODIFIED`, `UPDT_ID`, `DESCRIPTION`, `NAME`, `TITLE`, `CATEGORY_HIGHLIGHT`, `META_DESCRIPTION`, `META_KEYWORDS`, `META_TITLE`, `SEF_URL`, `LANGUAGE_ID`, `CATEGORY_ID`) VALUES (104,'2022-05-10 15:30:18','2022-05-10 15:30:18',NULL,NULL,'Web',NULL,NULL,NULL,NULL,NULL,'le-web',2,53);
INSERT INTO `category_description` (`DESCRIPTION_ID`, `DATE_CREATED`, `DATE_MODIFIED`, `UPDT_ID`, `DESCRIPTION`, `NAME`, `TITLE`, `CATEGORY_HIGHLIGHT`, `META_DESCRIPTION`, `META_KEYWORDS`, `META_TITLE`, `SEF_URL`, `LANGUAGE_ID`, `CATEGORY_ID`) VALUES (105,'2022-05-10 15:30:18','2022-05-10 15:30:18',NULL,NULL,'Fiction',NULL,NULL,NULL,NULL,NULL,'fiction',1,54);
INSERT INTO `category_description` (`DESCRIPTION_ID`, `DATE_CREATED`, `DATE_MODIFIED`, `UPDT_ID`, `DESCRIPTION`, `NAME`, `TITLE`, `CATEGORY_HIGHLIGHT`, `META_DESCRIPTION`, `META_KEYWORDS`, `META_TITLE`, `SEF_URL`, `LANGUAGE_ID`, `CATEGORY_ID`) VALUES (106,'2022-05-10 15:30:18','2022-05-10 15:30:18',NULL,NULL,'Sc Fiction',NULL,NULL,NULL,NULL,NULL,'fiction',2,54);
INSERT INTO `category_description` (`DESCRIPTION_ID`, `DATE_CREATED`, `DATE_MODIFIED`, `UPDT_ID`, `DESCRIPTION`, `NAME`, `TITLE`, `CATEGORY_HIGHLIGHT`, `META_DESCRIPTION`, `META_KEYWORDS`, `META_TITLE`, `SEF_URL`, `LANGUAGE_ID`, `CATEGORY_ID`) VALUES (107,'2022-05-10 15:30:18','2022-05-10 15:30:18',NULL,NULL,'Business',NULL,NULL,NULL,NULL,NULL,'business',1,55);
INSERT INTO `category_description` (`DESCRIPTION_ID`, `DATE_CREATED`, `DATE_MODIFIED`, `UPDT_ID`, `DESCRIPTION`, `NAME`, `TITLE`, `CATEGORY_HIGHLIGHT`, `META_DESCRIPTION`, `META_KEYWORDS`, `META_TITLE`, `SEF_URL`, `LANGUAGE_ID`, `CATEGORY_ID`) VALUES (108,'2022-05-10 15:30:18','2022-05-10 15:30:18',NULL,NULL,'Affaires',NULL,NULL,NULL,NULL,NULL,'affaires',2,55);
INSERT INTO `category_description` (`DESCRIPTION_ID`, `DATE_CREATED`, `DATE_MODIFIED`, `UPDT_ID`, `DESCRIPTION`, `NAME`, `TITLE`, `CATEGORY_HIGHLIGHT`, `META_DESCRIPTION`, `META_KEYWORDS`, `META_TITLE`, `SEF_URL`, `LANGUAGE_ID`, `CATEGORY_ID`) VALUES (109,'2022-05-10 15:30:18','2022-05-10 15:30:18',NULL,NULL,'Cloud computing',NULL,NULL,NULL,NULL,NULL,'cloud-computing',1,56);
INSERT INTO `category_description` (`DESCRIPTION_ID`, `DATE_CREATED`, `DATE_MODIFIED`, `UPDT_ID`, `DESCRIPTION`, `NAME`, `TITLE`, `CATEGORY_HIGHLIGHT`, `META_DESCRIPTION`, `META_KEYWORDS`, `META_TITLE`, `SEF_URL`, `LANGUAGE_ID`, `CATEGORY_ID`) VALUES (110,'2022-05-10 15:30:18','2022-05-10 15:30:18',NULL,NULL,'Programmation pour le cloud',NULL,NULL,NULL,NULL,NULL,'programmation-cloud',2,56);
INSERT INTO `category_description` (`DESCRIPTION_ID`, `DATE_CREATED`, `DATE_MODIFIED`, `UPDT_ID`, `DESCRIPTION`, `NAME`, `TITLE`, `CATEGORY_HIGHLIGHT`, `META_DESCRIPTION`, `META_KEYWORDS`, `META_TITLE`, `SEF_URL`, `LANGUAGE_ID`, `CATEGORY_ID`) VALUES (111,'2022-05-10 16:54:28','2022-05-10 16:54:28',NULL,'','Kobieta',NULL,'','',NULL,'Kobieta','kobieta',1,100);

--
-- Table structure for table `content`
--

DROP TABLE IF EXISTS `content`;
/*!40101 SET @saved_cs_client     = @@character_set_client */;
 SET character_set_client = utf8mb4 ;
CREATE TABLE `content` (
  `CONTENT_ID` bigint(20) NOT NULL,
  `DATE_CREATED` datetime DEFAULT NULL,
  `DATE_MODIFIED` datetime DEFAULT NULL,
  `UPDT_ID` varchar(60) DEFAULT NULL,
  `CODE` varchar(100) NOT NULL,
  `CONTENT_POSITION` varchar(10) DEFAULT NULL,
  `CONTENT_TYPE` varchar(10) DEFAULT NULL,
  `LINK_TO_MENU` bit(1) DEFAULT NULL,
  `PRODUCT_GROUP` varchar(255) DEFAULT NULL,
  `SORT_ORDER` int(11) DEFAULT NULL,
  `VISIBLE` bit(1) DEFAULT NULL,
  `MERCHANT_ID` int(11) NOT NULL,
  PRIMARY KEY (`CONTENT_ID`),
  UNIQUE KEY `UKt1v2ld0mrwviquqourql4uub0` (`MERCHANT_ID`,`CODE`),
  KEY `CODE_IDX` (`CODE`),
  CONSTRAINT `FKfmoi0fkjbtfty3o8fs94t11r1` FOREIGN KEY (`MERCHANT_ID`) REFERENCES `merchant_store` (`MERCHANT_ID`)
) ENGINE=InnoDB DEFAULT CHARSET=utf8;
/*!40101 SET character_set_client = @saved_cs_client */;

--
-- Dumping data for table `content`
--


--
-- Table structure for table `content_description`
--

DROP TABLE IF EXISTS `content_description`;
/*!40101 SET @saved_cs_client     = @@character_set_client */;
 SET character_set_client = utf8mb4 ;
CREATE TABLE `content_description` (
  `DESCRIPTION_ID` bigint(20) NOT NULL,
  `DATE_CREATED` datetime DEFAULT NULL,
  `DATE_MODIFIED` datetime DEFAULT NULL,
  `UPDT_ID` varchar(60) DEFAULT NULL,
  `DESCRIPTION` longtext,
  `NAME` varchar(120) NOT NULL,
  `TITLE` varchar(100) DEFAULT NULL,
  `META_DESCRIPTION` varchar(255) DEFAULT NULL,
  `META_KEYWORDS` varchar(255) DEFAULT NULL,
  `META_TITLE` varchar(255) DEFAULT NULL,
  `SEF_URL` varchar(120) DEFAULT NULL,
  `LANGUAGE_ID` int(11) NOT NULL,
  `CONTENT_ID` bigint(20) NOT NULL,
  PRIMARY KEY (`DESCRIPTION_ID`),
  UNIQUE KEY `UKn0w5r7ctbp88r4rvk7ayklofm` (`CONTENT_ID`,`LANGUAGE_ID`),
  KEY `FK47yxf681u0rfw2kvarhqb0r3v` (`LANGUAGE_ID`),
  CONSTRAINT `FK47yxf681u0rfw2kvarhqb0r3v` FOREIGN KEY (`LANGUAGE_ID`) REFERENCES `language` (`LANGUAGE_ID`),
  CONSTRAINT `FKk7fabfxn2flvcofwwpyg5sys` FOREIGN KEY (`CONTENT_ID`) REFERENCES `content` (`CONTENT_ID`)
) ENGINE=InnoDB DEFAULT CHARSET=utf8;
/*!40101 SET character_set_client = @saved_cs_client */;

--
-- Dumping data for table `content_description`
--


--
-- Table structure for table `country`
--

DROP TABLE IF EXISTS `country`;
/*!40101 SET @saved_cs_client     = @@character_set_client */;
 SET character_set_client = utf8mb4 ;
CREATE TABLE `country` (
  `COUNTRY_ID` int(11) NOT NULL,
  `COUNTRY_ISOCODE` varchar(255) NOT NULL,
  `COUNTRY_SUPPORTED` bit(1) DEFAULT NULL,
  `GEOZONE_ID` bigint(20) DEFAULT NULL,
  PRIMARY KEY (`COUNTRY_ID`),
  UNIQUE KEY `UK_dqb99v22pt27v0tgeqo958e6x` (`COUNTRY_ISOCODE`),
  KEY `FKd2q9e14kh1j6tm1gpbct2xwws` (`GEOZONE_ID`),
  CONSTRAINT `FKd2q9e14kh1j6tm1gpbct2xwws` FOREIGN KEY (`GEOZONE_ID`) REFERENCES `geozone` (`GEOZONE_ID`)
) ENGINE=InnoDB DEFAULT CHARSET=utf8;
/*!40101 SET character_set_client = @saved_cs_client */;

--
-- Dumping data for table `country`
--

INSERT INTO `country` (`COUNTRY_ID`, `COUNTRY_ISOCODE`, `COUNTRY_SUPPORTED`, `GEOZONE_ID`) VALUES (1,'AF',_binary '',NULL);
INSERT INTO `country` (`COUNTRY_ID`, `COUNTRY_ISOCODE`, `COUNTRY_SUPPORTED`, `GEOZONE_ID`) VALUES (2,'AX',_binary '',NULL);
INSERT INTO `country` (`COUNTRY_ID`, `COUNTRY_ISOCODE`, `COUNTRY_SUPPORTED`, `GEOZONE_ID`) VALUES (3,'AL',_binary '',NULL);
INSERT INTO `country` (`COUNTRY_ID`, `COUNTRY_ISOCODE`, `COUNTRY_SUPPORTED`, `GEOZONE_ID`) VALUES (4,'DZ',_binary '',NULL);
INSERT INTO `country` (`COUNTRY_ID`, `COUNTRY_ISOCODE`, `COUNTRY_SUPPORTED`, `GEOZONE_ID`) VALUES (5,'AS',_binary '',NULL);
INSERT INTO `country` (`COUNTRY_ID`, `COUNTRY_ISOCODE`, `COUNTRY_SUPPORTED`, `GEOZONE_ID`) VALUES (6,'AD',_binary '',NULL);
INSERT INTO `country` (`COUNTRY_ID`, `COUNTRY_ISOCODE`, `COUNTRY_SUPPORTED`, `GEOZONE_ID`) VALUES (7,'AO',_binary '',NULL);
INSERT INTO `country` (`COUNTRY_ID`, `COUNTRY_ISOCODE`, `COUNTRY_SUPPORTED`, `GEOZONE_ID`) VALUES (8,'AI',_binary '',NULL);
INSERT INTO `country` (`COUNTRY_ID`, `COUNTRY_ISOCODE`, `COUNTRY_SUPPORTED`, `GEOZONE_ID`) VALUES (9,'AG',_binary '',NULL);
INSERT INTO `country` (`COUNTRY_ID`, `COUNTRY_ISOCODE`, `COUNTRY_SUPPORTED`, `GEOZONE_ID`) VALUES (10,'AR',_binary '',NULL);
INSERT INTO `country` (`COUNTRY_ID`, `COUNTRY_ISOCODE`, `COUNTRY_SUPPORTED`, `GEOZONE_ID`) VALUES (11,'AM',_binary '',NULL);
INSERT INTO `country` (`COUNTRY_ID`, `COUNTRY_ISOCODE`, `COUNTRY_SUPPORTED`, `GEOZONE_ID`) VALUES (12,'AW',_binary '',NULL);
INSERT INTO `country` (`COUNTRY_ID`, `COUNTRY_ISOCODE`, `COUNTRY_SUPPORTED`, `GEOZONE_ID`) VALUES (13,'AU',_binary '',NULL);
INSERT INTO `country` (`COUNTRY_ID`, `COUNTRY_ISOCODE`, `COUNTRY_SUPPORTED`, `GEOZONE_ID`) VALUES (14,'AT',_binary '',NULL);
INSERT INTO `country` (`COUNTRY_ID`, `COUNTRY_ISOCODE`, `COUNTRY_SUPPORTED`, `GEOZONE_ID`) VALUES (15,'AZ',_binary '',NULL);
INSERT INTO `country` (`COUNTRY_ID`, `COUNTRY_ISOCODE`, `COUNTRY_SUPPORTED`, `GEOZONE_ID`) VALUES (16,'BS',_binary '',NULL);
INSERT INTO `country` (`COUNTRY_ID`, `COUNTRY_ISOCODE`, `COUNTRY_SUPPORTED`, `GEOZONE_ID`) VALUES (17,'BH',_binary '',NULL);
INSERT INTO `country` (`COUNTRY_ID`, `COUNTRY_ISOCODE`, `COUNTRY_SUPPORTED`, `GEOZONE_ID`) VALUES (18,'BD',_binary '',NULL);
INSERT INTO `country` (`COUNTRY_ID`, `COUNTRY_ISOCODE`, `COUNTRY_SUPPORTED`, `GEOZONE_ID`) VALUES (19,'BB',_binary '',NULL);
INSERT INTO `country` (`COUNTRY_ID`, `COUNTRY_ISOCODE`, `COUNTRY_SUPPORTED`, `GEOZONE_ID`) VALUES (20,'BY',_binary '',NULL);
INSERT INTO `country` (`COUNTRY_ID`, `COUNTRY_ISOCODE`, `COUNTRY_SUPPORTED`, `GEOZONE_ID`) VALUES (21,'BE',_binary '',NULL);
INSERT INTO `country` (`COUNTRY_ID`, `COUNTRY_ISOCODE`, `COUNTRY_SUPPORTED`, `GEOZONE_ID`) VALUES (22,'BZ',_binary '',NULL);
INSERT INTO `country` (`COUNTRY_ID`, `COUNTRY_ISOCODE`, `COUNTRY_SUPPORTED`, `GEOZONE_ID`) VALUES (23,'BJ',_binary '',NULL);
INSERT INTO `country` (`COUNTRY_ID`, `COUNTRY_ISOCODE`, `COUNTRY_SUPPORTED`, `GEOZONE_ID`) VALUES (24,'BM',_binary '',NULL);
INSERT INTO `country` (`COUNTRY_ID`, `COUNTRY_ISOCODE`, `COUNTRY_SUPPORTED`, `GEOZONE_ID`) VALUES (25,'BT',_binary '',NULL);
INSERT INTO `country` (`COUNTRY_ID`, `COUNTRY_ISOCODE`, `COUNTRY_SUPPORTED`, `GEOZONE_ID`) VALUES (26,'BO',_binary '',NULL);
INSERT INTO `country` (`COUNTRY_ID`, `COUNTRY_ISOCODE`, `COUNTRY_SUPPORTED`, `GEOZONE_ID`) VALUES (27,'BA',_binary '',NULL);
INSERT INTO `country` (`COUNTRY_ID`, `COUNTRY_ISOCODE`, `COUNTRY_SUPPORTED`, `GEOZONE_ID`) VALUES (28,'BW',_binary '',NULL);
INSERT INTO `country` (`COUNTRY_ID`, `COUNTRY_ISOCODE`, `COUNTRY_SUPPORTED`, `GEOZONE_ID`) VALUES (29,'BR',_binary '',NULL);
INSERT INTO `country` (`COUNTRY_ID`, `COUNTRY_ISOCODE`, `COUNTRY_SUPPORTED`, `GEOZONE_ID`) VALUES (30,'IO',_binary '',NULL);
INSERT INTO `country` (`COUNTRY_ID`, `COUNTRY_ISOCODE`, `COUNTRY_SUPPORTED`, `GEOZONE_ID`) VALUES (31,'BN',_binary '',NULL);
INSERT INTO `country` (`COUNTRY_ID`, `COUNTRY_ISOCODE`, `COUNTRY_SUPPORTED`, `GEOZONE_ID`) VALUES (32,'BG',_binary '',NULL);
INSERT INTO `country` (`COUNTRY_ID`, `COUNTRY_ISOCODE`, `COUNTRY_SUPPORTED`, `GEOZONE_ID`) VALUES (33,'BF',_binary '',NULL);
INSERT INTO `country` (`COUNTRY_ID`, `COUNTRY_ISOCODE`, `COUNTRY_SUPPORTED`, `GEOZONE_ID`) VALUES (34,'BI',_binary '',NULL);
INSERT INTO `country` (`COUNTRY_ID`, `COUNTRY_ISOCODE`, `COUNTRY_SUPPORTED`, `GEOZONE_ID`) VALUES (35,'KH',_binary '',NULL);
INSERT INTO `country` (`COUNTRY_ID`, `COUNTRY_ISOCODE`, `COUNTRY_SUPPORTED`, `GEOZONE_ID`) VALUES (36,'CM',_binary '',NULL);
INSERT INTO `country` (`COUNTRY_ID`, `COUNTRY_ISOCODE`, `COUNTRY_SUPPORTED`, `GEOZONE_ID`) VALUES (37,'CA',_binary '',NULL);
INSERT INTO `country` (`COUNTRY_ID`, `COUNTRY_ISOCODE`, `COUNTRY_SUPPORTED`, `GEOZONE_ID`) VALUES (38,'CV',_binary '',NULL);
INSERT INTO `country` (`COUNTRY_ID`, `COUNTRY_ISOCODE`, `COUNTRY_SUPPORTED`, `GEOZONE_ID`) VALUES (39,'KY',_binary '',NULL);
INSERT INTO `country` (`COUNTRY_ID`, `COUNTRY_ISOCODE`, `COUNTRY_SUPPORTED`, `GEOZONE_ID`) VALUES (40,'CF',_binary '',NULL);
INSERT INTO `country` (`COUNTRY_ID`, `COUNTRY_ISOCODE`, `COUNTRY_SUPPORTED`, `GEOZONE_ID`) VALUES (41,'TD',_binary '',NULL);
INSERT INTO `country` (`COUNTRY_ID`, `COUNTRY_ISOCODE`, `COUNTRY_SUPPORTED`, `GEOZONE_ID`) VALUES (42,'CL',_binary '',NULL);
INSERT INTO `country` (`COUNTRY_ID`, `COUNTRY_ISOCODE`, `COUNTRY_SUPPORTED`, `GEOZONE_ID`) VALUES (43,'CN',_binary '',NULL);
INSERT INTO `country` (`COUNTRY_ID`, `COUNTRY_ISOCODE`, `COUNTRY_SUPPORTED`, `GEOZONE_ID`) VALUES (44,'CX',_binary '',NULL);
INSERT INTO `country` (`COUNTRY_ID`, `COUNTRY_ISOCODE`, `COUNTRY_SUPPORTED`, `GEOZONE_ID`) VALUES (45,'CC',_binary '',NULL);
INSERT INTO `country` (`COUNTRY_ID`, `COUNTRY_ISOCODE`, `COUNTRY_SUPPORTED`, `GEOZONE_ID`) VALUES (46,'CO',_binary '',NULL);
INSERT INTO `country` (`COUNTRY_ID`, `COUNTRY_ISOCODE`, `COUNTRY_SUPPORTED`, `GEOZONE_ID`) VALUES (47,'KM',_binary '',NULL);
INSERT INTO `country` (`COUNTRY_ID`, `COUNTRY_ISOCODE`, `COUNTRY_SUPPORTED`, `GEOZONE_ID`) VALUES (48,'CG',_binary '',NULL);
INSERT INTO `country` (`COUNTRY_ID`, `COUNTRY_ISOCODE`, `COUNTRY_SUPPORTED`, `GEOZONE_ID`) VALUES (49,'CD',_binary '',NULL);
INSERT INTO `country` (`COUNTRY_ID`, `COUNTRY_ISOCODE`, `COUNTRY_SUPPORTED`, `GEOZONE_ID`) VALUES (50,'CK',_binary '',NULL);
INSERT INTO `country` (`COUNTRY_ID`, `COUNTRY_ISOCODE`, `COUNTRY_SUPPORTED`, `GEOZONE_ID`) VALUES (51,'CR',_binary '',NULL);
INSERT INTO `country` (`COUNTRY_ID`, `COUNTRY_ISOCODE`, `COUNTRY_SUPPORTED`, `GEOZONE_ID`) VALUES (52,'CI',_binary '',NULL);
INSERT INTO `country` (`COUNTRY_ID`, `COUNTRY_ISOCODE`, `COUNTRY_SUPPORTED`, `GEOZONE_ID`) VALUES (53,'HR',_binary '',NULL);
INSERT INTO `country` (`COUNTRY_ID`, `COUNTRY_ISOCODE`, `COUNTRY_SUPPORTED`, `GEOZONE_ID`) VALUES (54,'CU',_binary '',NULL);
INSERT INTO `country` (`COUNTRY_ID`, `COUNTRY_ISOCODE`, `COUNTRY_SUPPORTED`, `GEOZONE_ID`) VALUES (55,'CY',_binary '',NULL);
INSERT INTO `country` (`COUNTRY_ID`, `COUNTRY_ISOCODE`, `COUNTRY_SUPPORTED`, `GEOZONE_ID`) VALUES (56,'CZ',_binary '',NULL);
INSERT INTO `country` (`COUNTRY_ID`, `COUNTRY_ISOCODE`, `COUNTRY_SUPPORTED`, `GEOZONE_ID`) VALUES (57,'DK',_binary '',NULL);
INSERT INTO `country` (`COUNTRY_ID`, `COUNTRY_ISOCODE`, `COUNTRY_SUPPORTED`, `GEOZONE_ID`) VALUES (58,'DJ',_binary '',NULL);
INSERT INTO `country` (`COUNTRY_ID`, `COUNTRY_ISOCODE`, `COUNTRY_SUPPORTED`, `GEOZONE_ID`) VALUES (59,'DM',_binary '',NULL);
INSERT INTO `country` (`COUNTRY_ID`, `COUNTRY_ISOCODE`, `COUNTRY_SUPPORTED`, `GEOZONE_ID`) VALUES (60,'DO',_binary '',NULL);
INSERT INTO `country` (`COUNTRY_ID`, `COUNTRY_ISOCODE`, `COUNTRY_SUPPORTED`, `GEOZONE_ID`) VALUES (61,'EC',_binary '',NULL);
INSERT INTO `country` (`COUNTRY_ID`, `COUNTRY_ISOCODE`, `COUNTRY_SUPPORTED`, `GEOZONE_ID`) VALUES (62,'EG',_binary '',NULL);
INSERT INTO `country` (`COUNTRY_ID`, `COUNTRY_ISOCODE`, `COUNTRY_SUPPORTED`, `GEOZONE_ID`) VALUES (63,'SV',_binary '',NULL);
INSERT INTO `country` (`COUNTRY_ID`, `COUNTRY_ISOCODE`, `COUNTRY_SUPPORTED`, `GEOZONE_ID`) VALUES (64,'GQ',_binary '',NULL);
INSERT INTO `country` (`COUNTRY_ID`, `COUNTRY_ISOCODE`, `COUNTRY_SUPPORTED`, `GEOZONE_ID`) VALUES (65,'ER',_binary '',NULL);
INSERT INTO `country` (`COUNTRY_ID`, `COUNTRY_ISOCODE`, `COUNTRY_SUPPORTED`, `GEOZONE_ID`) VALUES (66,'EE',_binary '',NULL);
INSERT INTO `country` (`COUNTRY_ID`, `COUNTRY_ISOCODE`, `COUNTRY_SUPPORTED`, `GEOZONE_ID`) VALUES (67,'ET',_binary '',NULL);
INSERT INTO `country` (`COUNTRY_ID`, `COUNTRY_ISOCODE`, `COUNTRY_SUPPORTED`, `GEOZONE_ID`) VALUES (68,'FK',_binary '',NULL);
INSERT INTO `country` (`COUNTRY_ID`, `COUNTRY_ISOCODE`, `COUNTRY_SUPPORTED`, `GEOZONE_ID`) VALUES (69,'FO',_binary '',NULL);
INSERT INTO `country` (`COUNTRY_ID`, `COUNTRY_ISOCODE`, `COUNTRY_SUPPORTED`, `GEOZONE_ID`) VALUES (70,'FJ',_binary '',NULL);
INSERT INTO `country` (`COUNTRY_ID`, `COUNTRY_ISOCODE`, `COUNTRY_SUPPORTED`, `GEOZONE_ID`) VALUES (71,'FI',_binary '',NULL);
INSERT INTO `country` (`COUNTRY_ID`, `COUNTRY_ISOCODE`, `COUNTRY_SUPPORTED`, `GEOZONE_ID`) VALUES (72,'FR',_binary '',NULL);
INSERT INTO `country` (`COUNTRY_ID`, `COUNTRY_ISOCODE`, `COUNTRY_SUPPORTED`, `GEOZONE_ID`) VALUES (73,'GF',_binary '',NULL);
INSERT INTO `country` (`COUNTRY_ID`, `COUNTRY_ISOCODE`, `COUNTRY_SUPPORTED`, `GEOZONE_ID`) VALUES (74,'PF',_binary '',NULL);
INSERT INTO `country` (`COUNTRY_ID`, `COUNTRY_ISOCODE`, `COUNTRY_SUPPORTED`, `GEOZONE_ID`) VALUES (75,'GA',_binary '',NULL);
INSERT INTO `country` (`COUNTRY_ID`, `COUNTRY_ISOCODE`, `COUNTRY_SUPPORTED`, `GEOZONE_ID`) VALUES (76,'GM',_binary '',NULL);
INSERT INTO `country` (`COUNTRY_ID`, `COUNTRY_ISOCODE`, `COUNTRY_SUPPORTED`, `GEOZONE_ID`) VALUES (77,'GE',_binary '',NULL);
INSERT INTO `country` (`COUNTRY_ID`, `COUNTRY_ISOCODE`, `COUNTRY_SUPPORTED`, `GEOZONE_ID`) VALUES (78,'DE',_binary '',NULL);
INSERT INTO `country` (`COUNTRY_ID`, `COUNTRY_ISOCODE`, `COUNTRY_SUPPORTED`, `GEOZONE_ID`) VALUES (79,'GH',_binary '',NULL);
INSERT INTO `country` (`COUNTRY_ID`, `COUNTRY_ISOCODE`, `COUNTRY_SUPPORTED`, `GEOZONE_ID`) VALUES (80,'GI',_binary '',NULL);
INSERT INTO `country` (`COUNTRY_ID`, `COUNTRY_ISOCODE`, `COUNTRY_SUPPORTED`, `GEOZONE_ID`) VALUES (81,'GR',_binary '',NULL);
INSERT INTO `country` (`COUNTRY_ID`, `COUNTRY_ISOCODE`, `COUNTRY_SUPPORTED`, `GEOZONE_ID`) VALUES (82,'GL',_binary '',NULL);
INSERT INTO `country` (`COUNTRY_ID`, `COUNTRY_ISOCODE`, `COUNTRY_SUPPORTED`, `GEOZONE_ID`) VALUES (83,'GD',_binary '',NULL);
INSERT INTO `country` (`COUNTRY_ID`, `COUNTRY_ISOCODE`, `COUNTRY_SUPPORTED`, `GEOZONE_ID`) VALUES (84,'GP',_binary '',NULL);
INSERT INTO `country` (`COUNTRY_ID`, `COUNTRY_ISOCODE`, `COUNTRY_SUPPORTED`, `GEOZONE_ID`) VALUES (85,'GU',_binary '',NULL);
INSERT INTO `country` (`COUNTRY_ID`, `COUNTRY_ISOCODE`, `COUNTRY_SUPPORTED`, `GEOZONE_ID`) VALUES (86,'GT',_binary '',NULL);
INSERT INTO `country` (`COUNTRY_ID`, `COUNTRY_ISOCODE`, `COUNTRY_SUPPORTED`, `GEOZONE_ID`) VALUES (87,'GG',_binary '',NULL);
INSERT INTO `country` (`COUNTRY_ID`, `COUNTRY_ISOCODE`, `COUNTRY_SUPPORTED`, `GEOZONE_ID`) VALUES (88,'GN',_binary '',NULL);
INSERT INTO `country` (`COUNTRY_ID`, `COUNTRY_ISOCODE`, `COUNTRY_SUPPORTED`, `GEOZONE_ID`) VALUES (89,'GW',_binary '',NULL);
INSERT INTO `country` (`COUNTRY_ID`, `COUNTRY_ISOCODE`, `COUNTRY_SUPPORTED`, `GEOZONE_ID`) VALUES (90,'GY',_binary '',NULL);
INSERT INTO `country` (`COUNTRY_ID`, `COUNTRY_ISOCODE`, `COUNTRY_SUPPORTED`, `GEOZONE_ID`) VALUES (91,'HT',_binary '',NULL);
INSERT INTO `country` (`COUNTRY_ID`, `COUNTRY_ISOCODE`, `COUNTRY_SUPPORTED`, `GEOZONE_ID`) VALUES (92,'VA',_binary '',NULL);
INSERT INTO `country` (`COUNTRY_ID`, `COUNTRY_ISOCODE`, `COUNTRY_SUPPORTED`, `GEOZONE_ID`) VALUES (93,'HN',_binary '',NULL);
INSERT INTO `country` (`COUNTRY_ID`, `COUNTRY_ISOCODE`, `COUNTRY_SUPPORTED`, `GEOZONE_ID`) VALUES (94,'HK',_binary '',NULL);
INSERT INTO `country` (`COUNTRY_ID`, `COUNTRY_ISOCODE`, `COUNTRY_SUPPORTED`, `GEOZONE_ID`) VALUES (95,'HU',_binary '',NULL);
INSERT INTO `country` (`COUNTRY_ID`, `COUNTRY_ISOCODE`, `COUNTRY_SUPPORTED`, `GEOZONE_ID`) VALUES (96,'IS',_binary '',NULL);
INSERT INTO `country` (`COUNTRY_ID`, `COUNTRY_ISOCODE`, `COUNTRY_SUPPORTED`, `GEOZONE_ID`) VALUES (97,'IN',_binary '',NULL);
INSERT INTO `country` (`COUNTRY_ID`, `COUNTRY_ISOCODE`, `COUNTRY_SUPPORTED`, `GEOZONE_ID`) VALUES (98,'ID',_binary '',NULL);
INSERT INTO `country` (`COUNTRY_ID`, `COUNTRY_ISOCODE`, `COUNTRY_SUPPORTED`, `GEOZONE_ID`) VALUES (99,'IR',_binary '',NULL);
INSERT INTO `country` (`COUNTRY_ID`, `COUNTRY_ISOCODE`, `COUNTRY_SUPPORTED`, `GEOZONE_ID`) VALUES (100,'IQ',_binary '',NULL);
INSERT INTO `country` (`COUNTRY_ID`, `COUNTRY_ISOCODE`, `COUNTRY_SUPPORTED`, `GEOZONE_ID`) VALUES (101,'IE',_binary '',NULL);
INSERT INTO `country` (`COUNTRY_ID`, `COUNTRY_ISOCODE`, `COUNTRY_SUPPORTED`, `GEOZONE_ID`) VALUES (102,'IM',_binary '',NULL);
INSERT INTO `country` (`COUNTRY_ID`, `COUNTRY_ISOCODE`, `COUNTRY_SUPPORTED`, `GEOZONE_ID`) VALUES (103,'IL',_binary '',NULL);
INSERT INTO `country` (`COUNTRY_ID`, `COUNTRY_ISOCODE`, `COUNTRY_SUPPORTED`, `GEOZONE_ID`) VALUES (104,'IT',_binary '',NULL);
INSERT INTO `country` (`COUNTRY_ID`, `COUNTRY_ISOCODE`, `COUNTRY_SUPPORTED`, `GEOZONE_ID`) VALUES (105,'JM',_binary '',NULL);
INSERT INTO `country` (`COUNTRY_ID`, `COUNTRY_ISOCODE`, `COUNTRY_SUPPORTED`, `GEOZONE_ID`) VALUES (106,'JP',_binary '',NULL);
INSERT INTO `country` (`COUNTRY_ID`, `COUNTRY_ISOCODE`, `COUNTRY_SUPPORTED`, `GEOZONE_ID`) VALUES (107,'JE',_binary '',NULL);
INSERT INTO `country` (`COUNTRY_ID`, `COUNTRY_ISOCODE`, `COUNTRY_SUPPORTED`, `GEOZONE_ID`) VALUES (108,'JO',_binary '',NULL);
INSERT INTO `country` (`COUNTRY_ID`, `COUNTRY_ISOCODE`, `COUNTRY_SUPPORTED`, `GEOZONE_ID`) VALUES (109,'KZ',_binary '',NULL);
INSERT INTO `country` (`COUNTRY_ID`, `COUNTRY_ISOCODE`, `COUNTRY_SUPPORTED`, `GEOZONE_ID`) VALUES (110,'KE',_binary '',NULL);
INSERT INTO `country` (`COUNTRY_ID`, `COUNTRY_ISOCODE`, `COUNTRY_SUPPORTED`, `GEOZONE_ID`) VALUES (111,'KI',_binary '',NULL);
INSERT INTO `country` (`COUNTRY_ID`, `COUNTRY_ISOCODE`, `COUNTRY_SUPPORTED`, `GEOZONE_ID`) VALUES (112,'KP',_binary '',NULL);
INSERT INTO `country` (`COUNTRY_ID`, `COUNTRY_ISOCODE`, `COUNTRY_SUPPORTED`, `GEOZONE_ID`) VALUES (113,'KR',_binary '',NULL);
INSERT INTO `country` (`COUNTRY_ID`, `COUNTRY_ISOCODE`, `COUNTRY_SUPPORTED`, `GEOZONE_ID`) VALUES (114,'KW',_binary '',NULL);
INSERT INTO `country` (`COUNTRY_ID`, `COUNTRY_ISOCODE`, `COUNTRY_SUPPORTED`, `GEOZONE_ID`) VALUES (115,'KG',_binary '',NULL);
INSERT INTO `country` (`COUNTRY_ID`, `COUNTRY_ISOCODE`, `COUNTRY_SUPPORTED`, `GEOZONE_ID`) VALUES (116,'LA',_binary '',NULL);
INSERT INTO `country` (`COUNTRY_ID`, `COUNTRY_ISOCODE`, `COUNTRY_SUPPORTED`, `GEOZONE_ID`) VALUES (117,'LV',_binary '',NULL);
INSERT INTO `country` (`COUNTRY_ID`, `COUNTRY_ISOCODE`, `COUNTRY_SUPPORTED`, `GEOZONE_ID`) VALUES (118,'LB',_binary '',NULL);
INSERT INTO `country` (`COUNTRY_ID`, `COUNTRY_ISOCODE`, `COUNTRY_SUPPORTED`, `GEOZONE_ID`) VALUES (119,'LS',_binary '',NULL);
INSERT INTO `country` (`COUNTRY_ID`, `COUNTRY_ISOCODE`, `COUNTRY_SUPPORTED`, `GEOZONE_ID`) VALUES (120,'LR',_binary '',NULL);
INSERT INTO `country` (`COUNTRY_ID`, `COUNTRY_ISOCODE`, `COUNTRY_SUPPORTED`, `GEOZONE_ID`) VALUES (121,'LY',_binary '',NULL);
INSERT INTO `country` (`COUNTRY_ID`, `COUNTRY_ISOCODE`, `COUNTRY_SUPPORTED`, `GEOZONE_ID`) VALUES (122,'LI',_binary '',NULL);
INSERT INTO `country` (`COUNTRY_ID`, `COUNTRY_ISOCODE`, `COUNTRY_SUPPORTED`, `GEOZONE_ID`) VALUES (123,'LT',_binary '',NULL);
INSERT INTO `country` (`COUNTRY_ID`, `COUNTRY_ISOCODE`, `COUNTRY_SUPPORTED`, `GEOZONE_ID`) VALUES (124,'LU',_binary '',NULL);
INSERT INTO `country` (`COUNTRY_ID`, `COUNTRY_ISOCODE`, `COUNTRY_SUPPORTED`, `GEOZONE_ID`) VALUES (125,'MO',_binary '',NULL);
INSERT INTO `country` (`COUNTRY_ID`, `COUNTRY_ISOCODE`, `COUNTRY_SUPPORTED`, `GEOZONE_ID`) VALUES (126,'MK',_binary '',NULL);
INSERT INTO `country` (`COUNTRY_ID`, `COUNTRY_ISOCODE`, `COUNTRY_SUPPORTED`, `GEOZONE_ID`) VALUES (127,'MG',_binary '',NULL);
INSERT INTO `country` (`COUNTRY_ID`, `COUNTRY_ISOCODE`, `COUNTRY_SUPPORTED`, `GEOZONE_ID`) VALUES (128,'MW',_binary '',NULL);
INSERT INTO `country` (`COUNTRY_ID`, `COUNTRY_ISOCODE`, `COUNTRY_SUPPORTED`, `GEOZONE_ID`) VALUES (129,'MY',_binary '',NULL);
INSERT INTO `country` (`COUNTRY_ID`, `COUNTRY_ISOCODE`, `COUNTRY_SUPPORTED`, `GEOZONE_ID`) VALUES (130,'ML',_binary '',NULL);
INSERT INTO `country` (`COUNTRY_ID`, `COUNTRY_ISOCODE`, `COUNTRY_SUPPORTED`, `GEOZONE_ID`) VALUES (131,'MT',_binary '',NULL);
INSERT INTO `country` (`COUNTRY_ID`, `COUNTRY_ISOCODE`, `COUNTRY_SUPPORTED`, `GEOZONE_ID`) VALUES (132,'MH',_binary '',NULL);
INSERT INTO `country` (`COUNTRY_ID`, `COUNTRY_ISOCODE`, `COUNTRY_SUPPORTED`, `GEOZONE_ID`) VALUES (133,'MQ',_binary '',NULL);
INSERT INTO `country` (`COUNTRY_ID`, `COUNTRY_ISOCODE`, `COUNTRY_SUPPORTED`, `GEOZONE_ID`) VALUES (134,'MR',_binary '',NULL);
INSERT INTO `country` (`COUNTRY_ID`, `COUNTRY_ISOCODE`, `COUNTRY_SUPPORTED`, `GEOZONE_ID`) VALUES (135,'MU',_binary '',NULL);
INSERT INTO `country` (`COUNTRY_ID`, `COUNTRY_ISOCODE`, `COUNTRY_SUPPORTED`, `GEOZONE_ID`) VALUES (136,'YT',_binary '',NULL);
INSERT INTO `country` (`COUNTRY_ID`, `COUNTRY_ISOCODE`, `COUNTRY_SUPPORTED`, `GEOZONE_ID`) VALUES (137,'MX',_binary '',NULL);
INSERT INTO `country` (`COUNTRY_ID`, `COUNTRY_ISOCODE`, `COUNTRY_SUPPORTED`, `GEOZONE_ID`) VALUES (138,'FM',_binary '',NULL);
INSERT INTO `country` (`COUNTRY_ID`, `COUNTRY_ISOCODE`, `COUNTRY_SUPPORTED`, `GEOZONE_ID`) VALUES (139,'MD',_binary '',NULL);
INSERT INTO `country` (`COUNTRY_ID`, `COUNTRY_ISOCODE`, `COUNTRY_SUPPORTED`, `GEOZONE_ID`) VALUES (140,'MC',_binary '',NULL);
INSERT INTO `country` (`COUNTRY_ID`, `COUNTRY_ISOCODE`, `COUNTRY_SUPPORTED`, `GEOZONE_ID`) VALUES (141,'MN',_binary '',NULL);
INSERT INTO `country` (`COUNTRY_ID`, `COUNTRY_ISOCODE`, `COUNTRY_SUPPORTED`, `GEOZONE_ID`) VALUES (142,'ME',_binary '',NULL);
INSERT INTO `country` (`COUNTRY_ID`, `COUNTRY_ISOCODE`, `COUNTRY_SUPPORTED`, `GEOZONE_ID`) VALUES (143,'MS',_binary '',NULL);
INSERT INTO `country` (`COUNTRY_ID`, `COUNTRY_ISOCODE`, `COUNTRY_SUPPORTED`, `GEOZONE_ID`) VALUES (144,'MA',_binary '',NULL);
INSERT INTO `country` (`COUNTRY_ID`, `COUNTRY_ISOCODE`, `COUNTRY_SUPPORTED`, `GEOZONE_ID`) VALUES (145,'MZ',_binary '',NULL);
INSERT INTO `country` (`COUNTRY_ID`, `COUNTRY_ISOCODE`, `COUNTRY_SUPPORTED`, `GEOZONE_ID`) VALUES (146,'MM',_binary '',NULL);
INSERT INTO `country` (`COUNTRY_ID`, `COUNTRY_ISOCODE`, `COUNTRY_SUPPORTED`, `GEOZONE_ID`) VALUES (147,'NA',_binary '',NULL);
INSERT INTO `country` (`COUNTRY_ID`, `COUNTRY_ISOCODE`, `COUNTRY_SUPPORTED`, `GEOZONE_ID`) VALUES (148,'NR',_binary '',NULL);
INSERT INTO `country` (`COUNTRY_ID`, `COUNTRY_ISOCODE`, `COUNTRY_SUPPORTED`, `GEOZONE_ID`) VALUES (149,'NP',_binary '',NULL);
INSERT INTO `country` (`COUNTRY_ID`, `COUNTRY_ISOCODE`, `COUNTRY_SUPPORTED`, `GEOZONE_ID`) VALUES (150,'NL',_binary '',NULL);
INSERT INTO `country` (`COUNTRY_ID`, `COUNTRY_ISOCODE`, `COUNTRY_SUPPORTED`, `GEOZONE_ID`) VALUES (151,'NC',_binary '',NULL);
INSERT INTO `country` (`COUNTRY_ID`, `COUNTRY_ISOCODE`, `COUNTRY_SUPPORTED`, `GEOZONE_ID`) VALUES (152,'NZ',_binary '',NULL);
INSERT INTO `country` (`COUNTRY_ID`, `COUNTRY_ISOCODE`, `COUNTRY_SUPPORTED`, `GEOZONE_ID`) VALUES (153,'NI',_binary '',NULL);
INSERT INTO `country` (`COUNTRY_ID`, `COUNTRY_ISOCODE`, `COUNTRY_SUPPORTED`, `GEOZONE_ID`) VALUES (154,'NE',_binary '',NULL);
INSERT INTO `country` (`COUNTRY_ID`, `COUNTRY_ISOCODE`, `COUNTRY_SUPPORTED`, `GEOZONE_ID`) VALUES (155,'NG',_binary '',NULL);
INSERT INTO `country` (`COUNTRY_ID`, `COUNTRY_ISOCODE`, `COUNTRY_SUPPORTED`, `GEOZONE_ID`) VALUES (156,'NU',_binary '',NULL);
INSERT INTO `country` (`COUNTRY_ID`, `COUNTRY_ISOCODE`, `COUNTRY_SUPPORTED`, `GEOZONE_ID`) VALUES (157,'NF',_binary '',NULL);
INSERT INTO `country` (`COUNTRY_ID`, `COUNTRY_ISOCODE`, `COUNTRY_SUPPORTED`, `GEOZONE_ID`) VALUES (158,'MP',_binary '',NULL);
INSERT INTO `country` (`COUNTRY_ID`, `COUNTRY_ISOCODE`, `COUNTRY_SUPPORTED`, `GEOZONE_ID`) VALUES (159,'NO',_binary '',NULL);
INSERT INTO `country` (`COUNTRY_ID`, `COUNTRY_ISOCODE`, `COUNTRY_SUPPORTED`, `GEOZONE_ID`) VALUES (160,'OM',_binary '',NULL);
INSERT INTO `country` (`COUNTRY_ID`, `COUNTRY_ISOCODE`, `COUNTRY_SUPPORTED`, `GEOZONE_ID`) VALUES (161,'PK',_binary '',NULL);
INSERT INTO `country` (`COUNTRY_ID`, `COUNTRY_ISOCODE`, `COUNTRY_SUPPORTED`, `GEOZONE_ID`) VALUES (162,'PW',_binary '',NULL);
INSERT INTO `country` (`COUNTRY_ID`, `COUNTRY_ISOCODE`, `COUNTRY_SUPPORTED`, `GEOZONE_ID`) VALUES (163,'PS',_binary '',NULL);
INSERT INTO `country` (`COUNTRY_ID`, `COUNTRY_ISOCODE`, `COUNTRY_SUPPORTED`, `GEOZONE_ID`) VALUES (164,'PA',_binary '',NULL);
INSERT INTO `country` (`COUNTRY_ID`, `COUNTRY_ISOCODE`, `COUNTRY_SUPPORTED`, `GEOZONE_ID`) VALUES (165,'PG',_binary '',NULL);
INSERT INTO `country` (`COUNTRY_ID`, `COUNTRY_ISOCODE`, `COUNTRY_SUPPORTED`, `GEOZONE_ID`) VALUES (166,'PY',_binary '',NULL);
INSERT INTO `country` (`COUNTRY_ID`, `COUNTRY_ISOCODE`, `COUNTRY_SUPPORTED`, `GEOZONE_ID`) VALUES (167,'PE',_binary '',NULL);
INSERT INTO `country` (`COUNTRY_ID`, `COUNTRY_ISOCODE`, `COUNTRY_SUPPORTED`, `GEOZONE_ID`) VALUES (168,'PH',_binary '',NULL);
INSERT INTO `country` (`COUNTRY_ID`, `COUNTRY_ISOCODE`, `COUNTRY_SUPPORTED`, `GEOZONE_ID`) VALUES (169,'PN',_binary '',NULL);
INSERT INTO `country` (`COUNTRY_ID`, `COUNTRY_ISOCODE`, `COUNTRY_SUPPORTED`, `GEOZONE_ID`) VALUES (170,'PL',_binary '',NULL);
INSERT INTO `country` (`COUNTRY_ID`, `COUNTRY_ISOCODE`, `COUNTRY_SUPPORTED`, `GEOZONE_ID`) VALUES (171,'PT',_binary '',NULL);
INSERT INTO `country` (`COUNTRY_ID`, `COUNTRY_ISOCODE`, `COUNTRY_SUPPORTED`, `GEOZONE_ID`) VALUES (172,'PR',_binary '',NULL);
INSERT INTO `country` (`COUNTRY_ID`, `COUNTRY_ISOCODE`, `COUNTRY_SUPPORTED`, `GEOZONE_ID`) VALUES (173,'QA',_binary '',NULL);
INSERT INTO `country` (`COUNTRY_ID`, `COUNTRY_ISOCODE`, `COUNTRY_SUPPORTED`, `GEOZONE_ID`) VALUES (174,'RE',_binary '',NULL);
INSERT INTO `country` (`COUNTRY_ID`, `COUNTRY_ISOCODE`, `COUNTRY_SUPPORTED`, `GEOZONE_ID`) VALUES (175,'RO',_binary '',NULL);
INSERT INTO `country` (`COUNTRY_ID`, `COUNTRY_ISOCODE`, `COUNTRY_SUPPORTED`, `GEOZONE_ID`) VALUES (176,'RU',_binary '',NULL);
INSERT INTO `country` (`COUNTRY_ID`, `COUNTRY_ISOCODE`, `COUNTRY_SUPPORTED`, `GEOZONE_ID`) VALUES (177,'RW',_binary '',NULL);
INSERT INTO `country` (`COUNTRY_ID`, `COUNTRY_ISOCODE`, `COUNTRY_SUPPORTED`, `GEOZONE_ID`) VALUES (178,'SH',_binary '',NULL);
INSERT INTO `country` (`COUNTRY_ID`, `COUNTRY_ISOCODE`, `COUNTRY_SUPPORTED`, `GEOZONE_ID`) VALUES (179,'KN',_binary '',NULL);
INSERT INTO `country` (`COUNTRY_ID`, `COUNTRY_ISOCODE`, `COUNTRY_SUPPORTED`, `GEOZONE_ID`) VALUES (180,'LC',_binary '',NULL);
INSERT INTO `country` (`COUNTRY_ID`, `COUNTRY_ISOCODE`, `COUNTRY_SUPPORTED`, `GEOZONE_ID`) VALUES (181,'PM',_binary '',NULL);
INSERT INTO `country` (`COUNTRY_ID`, `COUNTRY_ISOCODE`, `COUNTRY_SUPPORTED`, `GEOZONE_ID`) VALUES (182,'VC',_binary '',NULL);
INSERT INTO `country` (`COUNTRY_ID`, `COUNTRY_ISOCODE`, `COUNTRY_SUPPORTED`, `GEOZONE_ID`) VALUES (183,'WS',_binary '',NULL);
INSERT INTO `country` (`COUNTRY_ID`, `COUNTRY_ISOCODE`, `COUNTRY_SUPPORTED`, `GEOZONE_ID`) VALUES (184,'SM',_binary '',NULL);
INSERT INTO `country` (`COUNTRY_ID`, `COUNTRY_ISOCODE`, `COUNTRY_SUPPORTED`, `GEOZONE_ID`) VALUES (185,'ST',_binary '',NULL);
INSERT INTO `country` (`COUNTRY_ID`, `COUNTRY_ISOCODE`, `COUNTRY_SUPPORTED`, `GEOZONE_ID`) VALUES (186,'SA',_binary '',NULL);
INSERT INTO `country` (`COUNTRY_ID`, `COUNTRY_ISOCODE`, `COUNTRY_SUPPORTED`, `GEOZONE_ID`) VALUES (187,'SN',_binary '',NULL);
INSERT INTO `country` (`COUNTRY_ID`, `COUNTRY_ISOCODE`, `COUNTRY_SUPPORTED`, `GEOZONE_ID`) VALUES (188,'RS',_binary '',NULL);
INSERT INTO `country` (`COUNTRY_ID`, `COUNTRY_ISOCODE`, `COUNTRY_SUPPORTED`, `GEOZONE_ID`) VALUES (189,'SC',_binary '',NULL);
INSERT INTO `country` (`COUNTRY_ID`, `COUNTRY_ISOCODE`, `COUNTRY_SUPPORTED`, `GEOZONE_ID`) VALUES (190,'SL',_binary '',NULL);
INSERT INTO `country` (`COUNTRY_ID`, `COUNTRY_ISOCODE`, `COUNTRY_SUPPORTED`, `GEOZONE_ID`) VALUES (191,'SG',_binary '',NULL);
INSERT INTO `country` (`COUNTRY_ID`, `COUNTRY_ISOCODE`, `COUNTRY_SUPPORTED`, `GEOZONE_ID`) VALUES (192,'SK',_binary '',NULL);
INSERT INTO `country` (`COUNTRY_ID`, `COUNTRY_ISOCODE`, `COUNTRY_SUPPORTED`, `GEOZONE_ID`) VALUES (193,'SI',_binary '',NULL);
INSERT INTO `country` (`COUNTRY_ID`, `COUNTRY_ISOCODE`, `COUNTRY_SUPPORTED`, `GEOZONE_ID`) VALUES (194,'SB',_binary '',NULL);
INSERT INTO `country` (`COUNTRY_ID`, `COUNTRY_ISOCODE`, `COUNTRY_SUPPORTED`, `GEOZONE_ID`) VALUES (195,'SO',_binary '',NULL);
INSERT INTO `country` (`COUNTRY_ID`, `COUNTRY_ISOCODE`, `COUNTRY_SUPPORTED`, `GEOZONE_ID`) VALUES (196,'ZA',_binary '',NULL);
INSERT INTO `country` (`COUNTRY_ID`, `COUNTRY_ISOCODE`, `COUNTRY_SUPPORTED`, `GEOZONE_ID`) VALUES (197,'ES',_binary '',NULL);
INSERT INTO `country` (`COUNTRY_ID`, `COUNTRY_ISOCODE`, `COUNTRY_SUPPORTED`, `GEOZONE_ID`) VALUES (198,'LK',_binary '',NULL);
INSERT INTO `country` (`COUNTRY_ID`, `COUNTRY_ISOCODE`, `COUNTRY_SUPPORTED`, `GEOZONE_ID`) VALUES (199,'SD',_binary '',NULL);
INSERT INTO `country` (`COUNTRY_ID`, `COUNTRY_ISOCODE`, `COUNTRY_SUPPORTED`, `GEOZONE_ID`) VALUES (200,'SR',_binary '',NULL);
INSERT INTO `country` (`COUNTRY_ID`, `COUNTRY_ISOCODE`, `COUNTRY_SUPPORTED`, `GEOZONE_ID`) VALUES (201,'SJ',_binary '',NULL);
INSERT INTO `country` (`COUNTRY_ID`, `COUNTRY_ISOCODE`, `COUNTRY_SUPPORTED`, `GEOZONE_ID`) VALUES (202,'SZ',_binary '',NULL);
INSERT INTO `country` (`COUNTRY_ID`, `COUNTRY_ISOCODE`, `COUNTRY_SUPPORTED`, `GEOZONE_ID`) VALUES (203,'SE',_binary '',NULL);
INSERT INTO `country` (`COUNTRY_ID`, `COUNTRY_ISOCODE`, `COUNTRY_SUPPORTED`, `GEOZONE_ID`) VALUES (204,'CH',_binary '',NULL);
INSERT INTO `country` (`COUNTRY_ID`, `COUNTRY_ISOCODE`, `COUNTRY_SUPPORTED`, `GEOZONE_ID`) VALUES (205,'SY',_binary '',NULL);
INSERT INTO `country` (`COUNTRY_ID`, `COUNTRY_ISOCODE`, `COUNTRY_SUPPORTED`, `GEOZONE_ID`) VALUES (206,'TW',_binary '',NULL);
INSERT INTO `country` (`COUNTRY_ID`, `COUNTRY_ISOCODE`, `COUNTRY_SUPPORTED`, `GEOZONE_ID`) VALUES (207,'TJ',_binary '',NULL);
INSERT INTO `country` (`COUNTRY_ID`, `COUNTRY_ISOCODE`, `COUNTRY_SUPPORTED`, `GEOZONE_ID`) VALUES (208,'TZ',_binary '',NULL);
INSERT INTO `country` (`COUNTRY_ID`, `COUNTRY_ISOCODE`, `COUNTRY_SUPPORTED`, `GEOZONE_ID`) VALUES (209,'TH',_binary '',NULL);
INSERT INTO `country` (`COUNTRY_ID`, `COUNTRY_ISOCODE`, `COUNTRY_SUPPORTED`, `GEOZONE_ID`) VALUES (210,'TL',_binary '',NULL);
INSERT INTO `country` (`COUNTRY_ID`, `COUNTRY_ISOCODE`, `COUNTRY_SUPPORTED`, `GEOZONE_ID`) VALUES (211,'TG',_binary '',NULL);
INSERT INTO `country` (`COUNTRY_ID`, `COUNTRY_ISOCODE`, `COUNTRY_SUPPORTED`, `GEOZONE_ID`) VALUES (212,'TK',_binary '',NULL);
INSERT INTO `country` (`COUNTRY_ID`, `COUNTRY_ISOCODE`, `COUNTRY_SUPPORTED`, `GEOZONE_ID`) VALUES (213,'TO',_binary '',NULL);
INSERT INTO `country` (`COUNTRY_ID`, `COUNTRY_ISOCODE`, `COUNTRY_SUPPORTED`, `GEOZONE_ID`) VALUES (214,'TT',_binary '',NULL);
INSERT INTO `country` (`COUNTRY_ID`, `COUNTRY_ISOCODE`, `COUNTRY_SUPPORTED`, `GEOZONE_ID`) VALUES (215,'TN',_binary '',NULL);
INSERT INTO `country` (`COUNTRY_ID`, `COUNTRY_ISOCODE`, `COUNTRY_SUPPORTED`, `GEOZONE_ID`) VALUES (216,'TR',_binary '',NULL);
INSERT INTO `country` (`COUNTRY_ID`, `COUNTRY_ISOCODE`, `COUNTRY_SUPPORTED`, `GEOZONE_ID`) VALUES (217,'TM',_binary '',NULL);
INSERT INTO `country` (`COUNTRY_ID`, `COUNTRY_ISOCODE`, `COUNTRY_SUPPORTED`, `GEOZONE_ID`) VALUES (218,'TC',_binary '',NULL);
INSERT INTO `country` (`COUNTRY_ID`, `COUNTRY_ISOCODE`, `COUNTRY_SUPPORTED`, `GEOZONE_ID`) VALUES (219,'TV',_binary '',NULL);
INSERT INTO `country` (`COUNTRY_ID`, `COUNTRY_ISOCODE`, `COUNTRY_SUPPORTED`, `GEOZONE_ID`) VALUES (220,'UG',_binary '',NULL);
INSERT INTO `country` (`COUNTRY_ID`, `COUNTRY_ISOCODE`, `COUNTRY_SUPPORTED`, `GEOZONE_ID`) VALUES (221,'UA',_binary '',NULL);
INSERT INTO `country` (`COUNTRY_ID`, `COUNTRY_ISOCODE`, `COUNTRY_SUPPORTED`, `GEOZONE_ID`) VALUES (222,'AE',_binary '',NULL);
INSERT INTO `country` (`COUNTRY_ID`, `COUNTRY_ISOCODE`, `COUNTRY_SUPPORTED`, `GEOZONE_ID`) VALUES (223,'GB',_binary '',NULL);
INSERT INTO `country` (`COUNTRY_ID`, `COUNTRY_ISOCODE`, `COUNTRY_SUPPORTED`, `GEOZONE_ID`) VALUES (224,'US',_binary '',NULL);
INSERT INTO `country` (`COUNTRY_ID`, `COUNTRY_ISOCODE`, `COUNTRY_SUPPORTED`, `GEOZONE_ID`) VALUES (225,'UM',_binary '',NULL);
INSERT INTO `country` (`COUNTRY_ID`, `COUNTRY_ISOCODE`, `COUNTRY_SUPPORTED`, `GEOZONE_ID`) VALUES (226,'UY',_binary '',NULL);
INSERT INTO `country` (`COUNTRY_ID`, `COUNTRY_ISOCODE`, `COUNTRY_SUPPORTED`, `GEOZONE_ID`) VALUES (227,'UZ',_binary '',NULL);
INSERT INTO `country` (`COUNTRY_ID`, `COUNTRY_ISOCODE`, `COUNTRY_SUPPORTED`, `GEOZONE_ID`) VALUES (228,'VU',_binary '',NULL);
INSERT INTO `country` (`COUNTRY_ID`, `COUNTRY_ISOCODE`, `COUNTRY_SUPPORTED`, `GEOZONE_ID`) VALUES (229,'VE',_binary '',NULL);
INSERT INTO `country` (`COUNTRY_ID`, `COUNTRY_ISOCODE`, `COUNTRY_SUPPORTED`, `GEOZONE_ID`) VALUES (230,'VN',_binary '',NULL);
INSERT INTO `country` (`COUNTRY_ID`, `COUNTRY_ISOCODE`, `COUNTRY_SUPPORTED`, `GEOZONE_ID`) VALUES (231,'VG',_binary '',NULL);
INSERT INTO `country` (`COUNTRY_ID`, `COUNTRY_ISOCODE`, `COUNTRY_SUPPORTED`, `GEOZONE_ID`) VALUES (232,'VI',_binary '',NULL);
INSERT INTO `country` (`COUNTRY_ID`, `COUNTRY_ISOCODE`, `COUNTRY_SUPPORTED`, `GEOZONE_ID`) VALUES (233,'WF',_binary '',NULL);
INSERT INTO `country` (`COUNTRY_ID`, `COUNTRY_ISOCODE`, `COUNTRY_SUPPORTED`, `GEOZONE_ID`) VALUES (234,'EH',_binary '',NULL);
INSERT INTO `country` (`COUNTRY_ID`, `COUNTRY_ISOCODE`, `COUNTRY_SUPPORTED`, `GEOZONE_ID`) VALUES (235,'YE',_binary '',NULL);
INSERT INTO `country` (`COUNTRY_ID`, `COUNTRY_ISOCODE`, `COUNTRY_SUPPORTED`, `GEOZONE_ID`) VALUES (236,'ZM',_binary '',NULL);
INSERT INTO `country` (`COUNTRY_ID`, `COUNTRY_ISOCODE`, `COUNTRY_SUPPORTED`, `GEOZONE_ID`) VALUES (237,'ZW',_binary '',NULL);

--
-- Table structure for table `country_description`
--

DROP TABLE IF EXISTS `country_description`;
/*!40101 SET @saved_cs_client     = @@character_set_client */;
 SET character_set_client = utf8mb4 ;
CREATE TABLE `country_description` (
  `DESCRIPTION_ID` bigint(20) NOT NULL,
  `DATE_CREATED` datetime DEFAULT NULL,
  `DATE_MODIFIED` datetime DEFAULT NULL,
  `UPDT_ID` varchar(60) DEFAULT NULL,
  `DESCRIPTION` longtext,
  `NAME` varchar(120) NOT NULL,
  `TITLE` varchar(100) DEFAULT NULL,
  `LANGUAGE_ID` int(11) NOT NULL,
  `COUNTRY_ID` int(11) NOT NULL,
  PRIMARY KEY (`DESCRIPTION_ID`),
  UNIQUE KEY `UKt7nshki1rbp6157ed0v6cx4y4` (`COUNTRY_ID`,`LANGUAGE_ID`),
  KEY `FKersrbjot9p9nfukxfd2l27c7t` (`LANGUAGE_ID`),
  CONSTRAINT `FKersrbjot9p9nfukxfd2l27c7t` FOREIGN KEY (`LANGUAGE_ID`) REFERENCES `language` (`LANGUAGE_ID`),
  CONSTRAINT `FKkd2sy7q97wr2ahvyiiqc4txji` FOREIGN KEY (`COUNTRY_ID`) REFERENCES `country` (`COUNTRY_ID`)
) ENGINE=InnoDB DEFAULT CHARSET=utf8;
/*!40101 SET character_set_client = @saved_cs_client */;

--
-- Dumping data for table `country_description`
--

INSERT INTO `country_description` (`DESCRIPTION_ID`, `DATE_CREATED`, `DATE_MODIFIED`, `UPDT_ID`, `DESCRIPTION`, `NAME`, `TITLE`, `LANGUAGE_ID`, `COUNTRY_ID`) VALUES (1,'2022-05-02 12:47:37','2022-05-02 12:47:37',NULL,NULL,'Afghanistan',NULL,1,1);
INSERT INTO `country_description` (`DESCRIPTION_ID`, `DATE_CREATED`, `DATE_MODIFIED`, `UPDT_ID`, `DESCRIPTION`, `NAME`, `TITLE`, `LANGUAGE_ID`, `COUNTRY_ID`) VALUES (2,'2022-05-02 12:47:37','2022-05-02 12:47:37',NULL,NULL,'Afghanistan',NULL,2,1);
INSERT INTO `country_description` (`DESCRIPTION_ID`, `DATE_CREATED`, `DATE_MODIFIED`, `UPDT_ID`, `DESCRIPTION`, `NAME`, `TITLE`, `LANGUAGE_ID`, `COUNTRY_ID`) VALUES (3,'2022-05-02 12:47:37','2022-05-02 12:47:37',NULL,NULL,'Afganistán',NULL,3,1);
INSERT INTO `country_description` (`DESCRIPTION_ID`, `DATE_CREATED`, `DATE_MODIFIED`, `UPDT_ID`, `DESCRIPTION`, `NAME`, `TITLE`, `LANGUAGE_ID`, `COUNTRY_ID`) VALUES (4,'2022-05-02 12:47:37','2022-05-02 12:47:37',NULL,NULL,'Åland Islands',NULL,1,2);
INSERT INTO `country_description` (`DESCRIPTION_ID`, `DATE_CREATED`, `DATE_MODIFIED`, `UPDT_ID`, `DESCRIPTION`, `NAME`, `TITLE`, `LANGUAGE_ID`, `COUNTRY_ID`) VALUES (5,'2022-05-02 12:47:37','2022-05-02 12:47:37',NULL,NULL,'Îles Åland',NULL,2,2);
INSERT INTO `country_description` (`DESCRIPTION_ID`, `DATE_CREATED`, `DATE_MODIFIED`, `UPDT_ID`, `DESCRIPTION`, `NAME`, `TITLE`, `LANGUAGE_ID`, `COUNTRY_ID`) VALUES (6,'2022-05-02 12:47:37','2022-05-02 12:47:37',NULL,NULL,'Islas Åland',NULL,3,2);
INSERT INTO `country_description` (`DESCRIPTION_ID`, `DATE_CREATED`, `DATE_MODIFIED`, `UPDT_ID`, `DESCRIPTION`, `NAME`, `TITLE`, `LANGUAGE_ID`, `COUNTRY_ID`) VALUES (7,'2022-05-02 12:47:37','2022-05-02 12:47:37',NULL,NULL,'Albania',NULL,1,3);
INSERT INTO `country_description` (`DESCRIPTION_ID`, `DATE_CREATED`, `DATE_MODIFIED`, `UPDT_ID`, `DESCRIPTION`, `NAME`, `TITLE`, `LANGUAGE_ID`, `COUNTRY_ID`) VALUES (8,'2022-05-02 12:47:37','2022-05-02 12:47:37',NULL,NULL,'Albanie',NULL,2,3);
INSERT INTO `country_description` (`DESCRIPTION_ID`, `DATE_CREATED`, `DATE_MODIFIED`, `UPDT_ID`, `DESCRIPTION`, `NAME`, `TITLE`, `LANGUAGE_ID`, `COUNTRY_ID`) VALUES (9,'2022-05-02 12:47:37','2022-05-02 12:47:37',NULL,NULL,'Albania',NULL,3,3);
INSERT INTO `country_description` (`DESCRIPTION_ID`, `DATE_CREATED`, `DATE_MODIFIED`, `UPDT_ID`, `DESCRIPTION`, `NAME`, `TITLE`, `LANGUAGE_ID`, `COUNTRY_ID`) VALUES (10,'2022-05-02 12:47:37','2022-05-02 12:47:37',NULL,NULL,'Algeria',NULL,1,4);
INSERT INTO `country_description` (`DESCRIPTION_ID`, `DATE_CREATED`, `DATE_MODIFIED`, `UPDT_ID`, `DESCRIPTION`, `NAME`, `TITLE`, `LANGUAGE_ID`, `COUNTRY_ID`) VALUES (11,'2022-05-02 12:47:37','2022-05-02 12:47:37',NULL,NULL,'Algérie',NULL,2,4);
INSERT INTO `country_description` (`DESCRIPTION_ID`, `DATE_CREATED`, `DATE_MODIFIED`, `UPDT_ID`, `DESCRIPTION`, `NAME`, `TITLE`, `LANGUAGE_ID`, `COUNTRY_ID`) VALUES (12,'2022-05-02 12:47:37','2022-05-02 12:47:37',NULL,NULL,'Argelia',NULL,3,4);
INSERT INTO `country_description` (`DESCRIPTION_ID`, `DATE_CREATED`, `DATE_MODIFIED`, `UPDT_ID`, `DESCRIPTION`, `NAME`, `TITLE`, `LANGUAGE_ID`, `COUNTRY_ID`) VALUES (13,'2022-05-02 12:47:37','2022-05-02 12:47:37',NULL,NULL,'American Samoa',NULL,1,5);
INSERT INTO `country_description` (`DESCRIPTION_ID`, `DATE_CREATED`, `DATE_MODIFIED`, `UPDT_ID`, `DESCRIPTION`, `NAME`, `TITLE`, `LANGUAGE_ID`, `COUNTRY_ID`) VALUES (14,'2022-05-02 12:47:37','2022-05-02 12:47:37',NULL,NULL,'Samoa américaines',NULL,2,5);
INSERT INTO `country_description` (`DESCRIPTION_ID`, `DATE_CREATED`, `DATE_MODIFIED`, `UPDT_ID`, `DESCRIPTION`, `NAME`, `TITLE`, `LANGUAGE_ID`, `COUNTRY_ID`) VALUES (15,'2022-05-02 12:47:37','2022-05-02 12:47:37',NULL,NULL,'Samoa Americana',NULL,3,5);
INSERT INTO `country_description` (`DESCRIPTION_ID`, `DATE_CREATED`, `DATE_MODIFIED`, `UPDT_ID`, `DESCRIPTION`, `NAME`, `TITLE`, `LANGUAGE_ID`, `COUNTRY_ID`) VALUES (16,'2022-05-02 12:47:37','2022-05-02 12:47:37',NULL,NULL,'Andorra',NULL,1,6);
INSERT INTO `country_description` (`DESCRIPTION_ID`, `DATE_CREATED`, `DATE_MODIFIED`, `UPDT_ID`, `DESCRIPTION`, `NAME`, `TITLE`, `LANGUAGE_ID`, `COUNTRY_ID`) VALUES (17,'2022-05-02 12:47:37','2022-05-02 12:47:37',NULL,NULL,'Andorre',NULL,2,6);
INSERT INTO `country_description` (`DESCRIPTION_ID`, `DATE_CREATED`, `DATE_MODIFIED`, `UPDT_ID`, `DESCRIPTION`, `NAME`, `TITLE`, `LANGUAGE_ID`, `COUNTRY_ID`) VALUES (18,'2022-05-02 12:47:37','2022-05-02 12:47:37',NULL,NULL,'Andorra',NULL,3,6);
INSERT INTO `country_description` (`DESCRIPTION_ID`, `DATE_CREATED`, `DATE_MODIFIED`, `UPDT_ID`, `DESCRIPTION`, `NAME`, `TITLE`, `LANGUAGE_ID`, `COUNTRY_ID`) VALUES (19,'2022-05-02 12:47:37','2022-05-02 12:47:37',NULL,NULL,'Angola',NULL,1,7);
INSERT INTO `country_description` (`DESCRIPTION_ID`, `DATE_CREATED`, `DATE_MODIFIED`, `UPDT_ID`, `DESCRIPTION`, `NAME`, `TITLE`, `LANGUAGE_ID`, `COUNTRY_ID`) VALUES (20,'2022-05-02 12:47:37','2022-05-02 12:47:37',NULL,NULL,'Angola',NULL,2,7);
INSERT INTO `country_description` (`DESCRIPTION_ID`, `DATE_CREATED`, `DATE_MODIFIED`, `UPDT_ID`, `DESCRIPTION`, `NAME`, `TITLE`, `LANGUAGE_ID`, `COUNTRY_ID`) VALUES (21,'2022-05-02 12:47:37','2022-05-02 12:47:37',NULL,NULL,'Angola',NULL,3,7);
INSERT INTO `country_description` (`DESCRIPTION_ID`, `DATE_CREATED`, `DATE_MODIFIED`, `UPDT_ID`, `DESCRIPTION`, `NAME`, `TITLE`, `LANGUAGE_ID`, `COUNTRY_ID`) VALUES (22,'2022-05-02 12:47:37','2022-05-02 12:47:37',NULL,NULL,'Anguilla',NULL,1,8);
INSERT INTO `country_description` (`DESCRIPTION_ID`, `DATE_CREATED`, `DATE_MODIFIED`, `UPDT_ID`, `DESCRIPTION`, `NAME`, `TITLE`, `LANGUAGE_ID`, `COUNTRY_ID`) VALUES (23,'2022-05-02 12:47:37','2022-05-02 12:47:37',NULL,NULL,'Anguilla',NULL,2,8);
INSERT INTO `country_description` (`DESCRIPTION_ID`, `DATE_CREATED`, `DATE_MODIFIED`, `UPDT_ID`, `DESCRIPTION`, `NAME`, `TITLE`, `LANGUAGE_ID`, `COUNTRY_ID`) VALUES (24,'2022-05-02 12:47:37','2022-05-02 12:47:37',NULL,NULL,'Anguila',NULL,3,8);
INSERT INTO `country_description` (`DESCRIPTION_ID`, `DATE_CREATED`, `DATE_MODIFIED`, `UPDT_ID`, `DESCRIPTION`, `NAME`, `TITLE`, `LANGUAGE_ID`, `COUNTRY_ID`) VALUES (25,'2022-05-02 12:47:37','2022-05-02 12:47:37',NULL,NULL,'Antigua & Barbuda',NULL,1,9);
INSERT INTO `country_description` (`DESCRIPTION_ID`, `DATE_CREATED`, `DATE_MODIFIED`, `UPDT_ID`, `DESCRIPTION`, `NAME`, `TITLE`, `LANGUAGE_ID`, `COUNTRY_ID`) VALUES (26,'2022-05-02 12:47:37','2022-05-02 12:47:37',NULL,NULL,'Antigua-et-Barbuda',NULL,2,9);
INSERT INTO `country_description` (`DESCRIPTION_ID`, `DATE_CREATED`, `DATE_MODIFIED`, `UPDT_ID`, `DESCRIPTION`, `NAME`, `TITLE`, `LANGUAGE_ID`, `COUNTRY_ID`) VALUES (27,'2022-05-02 12:47:37','2022-05-02 12:47:37',NULL,NULL,'Antigua y Barbuda',NULL,3,9);
INSERT INTO `country_description` (`DESCRIPTION_ID`, `DATE_CREATED`, `DATE_MODIFIED`, `UPDT_ID`, `DESCRIPTION`, `NAME`, `TITLE`, `LANGUAGE_ID`, `COUNTRY_ID`) VALUES (28,'2022-05-02 12:47:37','2022-05-02 12:47:37',NULL,NULL,'Argentina',NULL,1,10);
INSERT INTO `country_description` (`DESCRIPTION_ID`, `DATE_CREATED`, `DATE_MODIFIED`, `UPDT_ID`, `DESCRIPTION`, `NAME`, `TITLE`, `LANGUAGE_ID`, `COUNTRY_ID`) VALUES (29,'2022-05-02 12:47:37','2022-05-02 12:47:37',NULL,NULL,'Argentine',NULL,2,10);
INSERT INTO `country_description` (`DESCRIPTION_ID`, `DATE_CREATED`, `DATE_MODIFIED`, `UPDT_ID`, `DESCRIPTION`, `NAME`, `TITLE`, `LANGUAGE_ID`, `COUNTRY_ID`) VALUES (30,'2022-05-02 12:47:37','2022-05-02 12:47:37',NULL,NULL,'Argentina',NULL,3,10);
INSERT INTO `country_description` (`DESCRIPTION_ID`, `DATE_CREATED`, `DATE_MODIFIED`, `UPDT_ID`, `DESCRIPTION`, `NAME`, `TITLE`, `LANGUAGE_ID`, `COUNTRY_ID`) VALUES (31,'2022-05-02 12:47:37','2022-05-02 12:47:37',NULL,NULL,'Armenia',NULL,1,11);
INSERT INTO `country_description` (`DESCRIPTION_ID`, `DATE_CREATED`, `DATE_MODIFIED`, `UPDT_ID`, `DESCRIPTION`, `NAME`, `TITLE`, `LANGUAGE_ID`, `COUNTRY_ID`) VALUES (32,'2022-05-02 12:47:38','2022-05-02 12:47:38',NULL,NULL,'Arménie',NULL,2,11);
INSERT INTO `country_description` (`DESCRIPTION_ID`, `DATE_CREATED`, `DATE_MODIFIED`, `UPDT_ID`, `DESCRIPTION`, `NAME`, `TITLE`, `LANGUAGE_ID`, `COUNTRY_ID`) VALUES (33,'2022-05-02 12:47:38','2022-05-02 12:47:38',NULL,NULL,'Armenia',NULL,3,11);
INSERT INTO `country_description` (`DESCRIPTION_ID`, `DATE_CREATED`, `DATE_MODIFIED`, `UPDT_ID`, `DESCRIPTION`, `NAME`, `TITLE`, `LANGUAGE_ID`, `COUNTRY_ID`) VALUES (34,'2022-05-02 12:47:38','2022-05-02 12:47:38',NULL,NULL,'Aruba',NULL,1,12);
INSERT INTO `country_description` (`DESCRIPTION_ID`, `DATE_CREATED`, `DATE_MODIFIED`, `UPDT_ID`, `DESCRIPTION`, `NAME`, `TITLE`, `LANGUAGE_ID`, `COUNTRY_ID`) VALUES (35,'2022-05-02 12:47:38','2022-05-02 12:47:38',NULL,NULL,'Aruba',NULL,2,12);
INSERT INTO `country_description` (`DESCRIPTION_ID`, `DATE_CREATED`, `DATE_MODIFIED`, `UPDT_ID`, `DESCRIPTION`, `NAME`, `TITLE`, `LANGUAGE_ID`, `COUNTRY_ID`) VALUES (36,'2022-05-02 12:47:38','2022-05-02 12:47:38',NULL,NULL,'Aruba',NULL,3,12);
INSERT INTO `country_description` (`DESCRIPTION_ID`, `DATE_CREATED`, `DATE_MODIFIED`, `UPDT_ID`, `DESCRIPTION`, `NAME`, `TITLE`, `LANGUAGE_ID`, `COUNTRY_ID`) VALUES (37,'2022-05-02 12:47:38','2022-05-02 12:47:38',NULL,NULL,'Australia',NULL,1,13);
INSERT INTO `country_description` (`DESCRIPTION_ID`, `DATE_CREATED`, `DATE_MODIFIED`, `UPDT_ID`, `DESCRIPTION`, `NAME`, `TITLE`, `LANGUAGE_ID`, `COUNTRY_ID`) VALUES (38,'2022-05-02 12:47:38','2022-05-02 12:47:38',NULL,NULL,'Australie',NULL,2,13);
INSERT INTO `country_description` (`DESCRIPTION_ID`, `DATE_CREATED`, `DATE_MODIFIED`, `UPDT_ID`, `DESCRIPTION`, `NAME`, `TITLE`, `LANGUAGE_ID`, `COUNTRY_ID`) VALUES (39,'2022-05-02 12:47:38','2022-05-02 12:47:38',NULL,NULL,'Australia',NULL,3,13);
INSERT INTO `country_description` (`DESCRIPTION_ID`, `DATE_CREATED`, `DATE_MODIFIED`, `UPDT_ID`, `DESCRIPTION`, `NAME`, `TITLE`, `LANGUAGE_ID`, `COUNTRY_ID`) VALUES (40,'2022-05-02 12:47:38','2022-05-02 12:47:38',NULL,NULL,'Austria',NULL,1,14);
INSERT INTO `country_description` (`DESCRIPTION_ID`, `DATE_CREATED`, `DATE_MODIFIED`, `UPDT_ID`, `DESCRIPTION`, `NAME`, `TITLE`, `LANGUAGE_ID`, `COUNTRY_ID`) VALUES (41,'2022-05-02 12:47:38','2022-05-02 12:47:38',NULL,NULL,'Autriche',NULL,2,14);
INSERT INTO `country_description` (`DESCRIPTION_ID`, `DATE_CREATED`, `DATE_MODIFIED`, `UPDT_ID`, `DESCRIPTION`, `NAME`, `TITLE`, `LANGUAGE_ID`, `COUNTRY_ID`) VALUES (42,'2022-05-02 12:47:38','2022-05-02 12:47:38',NULL,NULL,'Austria',NULL,3,14);
INSERT INTO `country_description` (`DESCRIPTION_ID`, `DATE_CREATED`, `DATE_MODIFIED`, `UPDT_ID`, `DESCRIPTION`, `NAME`, `TITLE`, `LANGUAGE_ID`, `COUNTRY_ID`) VALUES (43,'2022-05-02 12:47:38','2022-05-02 12:47:38',NULL,NULL,'Azerbaijan',NULL,1,15);
INSERT INTO `country_description` (`DESCRIPTION_ID`, `DATE_CREATED`, `DATE_MODIFIED`, `UPDT_ID`, `DESCRIPTION`, `NAME`, `TITLE`, `LANGUAGE_ID`, `COUNTRY_ID`) VALUES (44,'2022-05-02 12:47:38','2022-05-02 12:47:38',NULL,NULL,'Azerbaïdjan',NULL,2,15);
INSERT INTO `country_description` (`DESCRIPTION_ID`, `DATE_CREATED`, `DATE_MODIFIED`, `UPDT_ID`, `DESCRIPTION`, `NAME`, `TITLE`, `LANGUAGE_ID`, `COUNTRY_ID`) VALUES (45,'2022-05-02 12:47:38','2022-05-02 12:47:38',NULL,NULL,'Azerbaiyán',NULL,3,15);
INSERT INTO `country_description` (`DESCRIPTION_ID`, `DATE_CREATED`, `DATE_MODIFIED`, `UPDT_ID`, `DESCRIPTION`, `NAME`, `TITLE`, `LANGUAGE_ID`, `COUNTRY_ID`) VALUES (46,'2022-05-02 12:47:38','2022-05-02 12:47:38',NULL,NULL,'Bahamas',NULL,1,16);
INSERT INTO `country_description` (`DESCRIPTION_ID`, `DATE_CREATED`, `DATE_MODIFIED`, `UPDT_ID`, `DESCRIPTION`, `NAME`, `TITLE`, `LANGUAGE_ID`, `COUNTRY_ID`) VALUES (47,'2022-05-02 12:47:38','2022-05-02 12:47:38',NULL,NULL,'Bahamas',NULL,2,16);
INSERT INTO `country_description` (`DESCRIPTION_ID`, `DATE_CREATED`, `DATE_MODIFIED`, `UPDT_ID`, `DESCRIPTION`, `NAME`, `TITLE`, `LANGUAGE_ID`, `COUNTRY_ID`) VALUES (48,'2022-05-02 12:47:38','2022-05-02 12:47:38',NULL,NULL,'Bahamas',NULL,3,16);
INSERT INTO `country_description` (`DESCRIPTION_ID`, `DATE_CREATED`, `DATE_MODIFIED`, `UPDT_ID`, `DESCRIPTION`, `NAME`, `TITLE`, `LANGUAGE_ID`, `COUNTRY_ID`) VALUES (49,'2022-05-02 12:47:38','2022-05-02 12:47:38',NULL,NULL,'Bahrain',NULL,1,17);
INSERT INTO `country_description` (`DESCRIPTION_ID`, `DATE_CREATED`, `DATE_MODIFIED`, `UPDT_ID`, `DESCRIPTION`, `NAME`, `TITLE`, `LANGUAGE_ID`, `COUNTRY_ID`) VALUES (50,'2022-05-02 12:47:38','2022-05-02 12:47:38',NULL,NULL,'Bahreïn',NULL,2,17);
INSERT INTO `country_description` (`DESCRIPTION_ID`, `DATE_CREATED`, `DATE_MODIFIED`, `UPDT_ID`, `DESCRIPTION`, `NAME`, `TITLE`, `LANGUAGE_ID`, `COUNTRY_ID`) VALUES (51,'2022-05-02 12:47:38','2022-05-02 12:47:38',NULL,NULL,'Baréin',NULL,3,17);
INSERT INTO `country_description` (`DESCRIPTION_ID`, `DATE_CREATED`, `DATE_MODIFIED`, `UPDT_ID`, `DESCRIPTION`, `NAME`, `TITLE`, `LANGUAGE_ID`, `COUNTRY_ID`) VALUES (52,'2022-05-02 12:47:38','2022-05-02 12:47:38',NULL,NULL,'Bangladesh',NULL,1,18);
INSERT INTO `country_description` (`DESCRIPTION_ID`, `DATE_CREATED`, `DATE_MODIFIED`, `UPDT_ID`, `DESCRIPTION`, `NAME`, `TITLE`, `LANGUAGE_ID`, `COUNTRY_ID`) VALUES (53,'2022-05-02 12:47:38','2022-05-02 12:47:38',NULL,NULL,'Bangladesh',NULL,2,18);
INSERT INTO `country_description` (`DESCRIPTION_ID`, `DATE_CREATED`, `DATE_MODIFIED`, `UPDT_ID`, `DESCRIPTION`, `NAME`, `TITLE`, `LANGUAGE_ID`, `COUNTRY_ID`) VALUES (54,'2022-05-02 12:47:38','2022-05-02 12:47:38',NULL,NULL,'Bangladés',NULL,3,18);
INSERT INTO `country_description` (`DESCRIPTION_ID`, `DATE_CREATED`, `DATE_MODIFIED`, `UPDT_ID`, `DESCRIPTION`, `NAME`, `TITLE`, `LANGUAGE_ID`, `COUNTRY_ID`) VALUES (55,'2022-05-02 12:47:38','2022-05-02 12:47:38',NULL,NULL,'Barbados',NULL,1,19);
INSERT INTO `country_description` (`DESCRIPTION_ID`, `DATE_CREATED`, `DATE_MODIFIED`, `UPDT_ID`, `DESCRIPTION`, `NAME`, `TITLE`, `LANGUAGE_ID`, `COUNTRY_ID`) VALUES (56,'2022-05-02 12:47:38','2022-05-02 12:47:38',NULL,NULL,'Barbade',NULL,2,19);
INSERT INTO `country_description` (`DESCRIPTION_ID`, `DATE_CREATED`, `DATE_MODIFIED`, `UPDT_ID`, `DESCRIPTION`, `NAME`, `TITLE`, `LANGUAGE_ID`, `COUNTRY_ID`) VALUES (57,'2022-05-02 12:47:38','2022-05-02 12:47:38',NULL,NULL,'Barbados',NULL,3,19);
INSERT INTO `country_description` (`DESCRIPTION_ID`, `DATE_CREATED`, `DATE_MODIFIED`, `UPDT_ID`, `DESCRIPTION`, `NAME`, `TITLE`, `LANGUAGE_ID`, `COUNTRY_ID`) VALUES (58,'2022-05-02 12:47:38','2022-05-02 12:47:38',NULL,NULL,'Belarus',NULL,1,20);
INSERT INTO `country_description` (`DESCRIPTION_ID`, `DATE_CREATED`, `DATE_MODIFIED`, `UPDT_ID`, `DESCRIPTION`, `NAME`, `TITLE`, `LANGUAGE_ID`, `COUNTRY_ID`) VALUES (59,'2022-05-02 12:47:38','2022-05-02 12:47:38',NULL,NULL,'Biélorussie',NULL,2,20);
INSERT INTO `country_description` (`DESCRIPTION_ID`, `DATE_CREATED`, `DATE_MODIFIED`, `UPDT_ID`, `DESCRIPTION`, `NAME`, `TITLE`, `LANGUAGE_ID`, `COUNTRY_ID`) VALUES (60,'2022-05-02 12:47:38','2022-05-02 12:47:38',NULL,NULL,'Bielorrusia',NULL,3,20);
INSERT INTO `country_description` (`DESCRIPTION_ID`, `DATE_CREATED`, `DATE_MODIFIED`, `UPDT_ID`, `DESCRIPTION`, `NAME`, `TITLE`, `LANGUAGE_ID`, `COUNTRY_ID`) VALUES (61,'2022-05-02 12:47:38','2022-05-02 12:47:38',NULL,NULL,'Belgium',NULL,1,21);
INSERT INTO `country_description` (`DESCRIPTION_ID`, `DATE_CREATED`, `DATE_MODIFIED`, `UPDT_ID`, `DESCRIPTION`, `NAME`, `TITLE`, `LANGUAGE_ID`, `COUNTRY_ID`) VALUES (62,'2022-05-02 12:47:38','2022-05-02 12:47:38',NULL,NULL,'Belgique',NULL,2,21);
INSERT INTO `country_description` (`DESCRIPTION_ID`, `DATE_CREATED`, `DATE_MODIFIED`, `UPDT_ID`, `DESCRIPTION`, `NAME`, `TITLE`, `LANGUAGE_ID`, `COUNTRY_ID`) VALUES (63,'2022-05-02 12:47:38','2022-05-02 12:47:38',NULL,NULL,'Bélgica',NULL,3,21);
INSERT INTO `country_description` (`DESCRIPTION_ID`, `DATE_CREATED`, `DATE_MODIFIED`, `UPDT_ID`, `DESCRIPTION`, `NAME`, `TITLE`, `LANGUAGE_ID`, `COUNTRY_ID`) VALUES (64,'2022-05-02 12:47:38','2022-05-02 12:47:38',NULL,NULL,'Belize',NULL,1,22);
INSERT INTO `country_description` (`DESCRIPTION_ID`, `DATE_CREATED`, `DATE_MODIFIED`, `UPDT_ID`, `DESCRIPTION`, `NAME`, `TITLE`, `LANGUAGE_ID`, `COUNTRY_ID`) VALUES (65,'2022-05-02 12:47:38','2022-05-02 12:47:38',NULL,NULL,'Belize',NULL,2,22);
INSERT INTO `country_description` (`DESCRIPTION_ID`, `DATE_CREATED`, `DATE_MODIFIED`, `UPDT_ID`, `DESCRIPTION`, `NAME`, `TITLE`, `LANGUAGE_ID`, `COUNTRY_ID`) VALUES (66,'2022-05-02 12:47:38','2022-05-02 12:47:38',NULL,NULL,'Belice',NULL,3,22);
INSERT INTO `country_description` (`DESCRIPTION_ID`, `DATE_CREATED`, `DATE_MODIFIED`, `UPDT_ID`, `DESCRIPTION`, `NAME`, `TITLE`, `LANGUAGE_ID`, `COUNTRY_ID`) VALUES (67,'2022-05-02 12:47:38','2022-05-02 12:47:38',NULL,NULL,'Benin',NULL,1,23);
INSERT INTO `country_description` (`DESCRIPTION_ID`, `DATE_CREATED`, `DATE_MODIFIED`, `UPDT_ID`, `DESCRIPTION`, `NAME`, `TITLE`, `LANGUAGE_ID`, `COUNTRY_ID`) VALUES (68,'2022-05-02 12:47:38','2022-05-02 12:47:38',NULL,NULL,'Bénin',NULL,2,23);
INSERT INTO `country_description` (`DESCRIPTION_ID`, `DATE_CREATED`, `DATE_MODIFIED`, `UPDT_ID`, `DESCRIPTION`, `NAME`, `TITLE`, `LANGUAGE_ID`, `COUNTRY_ID`) VALUES (69,'2022-05-02 12:47:38','2022-05-02 12:47:38',NULL,NULL,'Benín',NULL,3,23);
INSERT INTO `country_description` (`DESCRIPTION_ID`, `DATE_CREATED`, `DATE_MODIFIED`, `UPDT_ID`, `DESCRIPTION`, `NAME`, `TITLE`, `LANGUAGE_ID`, `COUNTRY_ID`) VALUES (70,'2022-05-02 12:47:38','2022-05-02 12:47:38',NULL,NULL,'Bermuda',NULL,1,24);
INSERT INTO `country_description` (`DESCRIPTION_ID`, `DATE_CREATED`, `DATE_MODIFIED`, `UPDT_ID`, `DESCRIPTION`, `NAME`, `TITLE`, `LANGUAGE_ID`, `COUNTRY_ID`) VALUES (71,'2022-05-02 12:47:38','2022-05-02 12:47:38',NULL,NULL,'Bermudes',NULL,2,24);
INSERT INTO `country_description` (`DESCRIPTION_ID`, `DATE_CREATED`, `DATE_MODIFIED`, `UPDT_ID`, `DESCRIPTION`, `NAME`, `TITLE`, `LANGUAGE_ID`, `COUNTRY_ID`) VALUES (72,'2022-05-02 12:47:38','2022-05-02 12:47:38',NULL,NULL,'Bermudas',NULL,3,24);
INSERT INTO `country_description` (`DESCRIPTION_ID`, `DATE_CREATED`, `DATE_MODIFIED`, `UPDT_ID`, `DESCRIPTION`, `NAME`, `TITLE`, `LANGUAGE_ID`, `COUNTRY_ID`) VALUES (73,'2022-05-02 12:47:38','2022-05-02 12:47:38',NULL,NULL,'Bhutan',NULL,1,25);
INSERT INTO `country_description` (`DESCRIPTION_ID`, `DATE_CREATED`, `DATE_MODIFIED`, `UPDT_ID`, `DESCRIPTION`, `NAME`, `TITLE`, `LANGUAGE_ID`, `COUNTRY_ID`) VALUES (74,'2022-05-02 12:47:38','2022-05-02 12:47:38',NULL,NULL,'Bhoutan',NULL,2,25);
INSERT INTO `country_description` (`DESCRIPTION_ID`, `DATE_CREATED`, `DATE_MODIFIED`, `UPDT_ID`, `DESCRIPTION`, `NAME`, `TITLE`, `LANGUAGE_ID`, `COUNTRY_ID`) VALUES (75,'2022-05-02 12:47:38','2022-05-02 12:47:38',NULL,NULL,'Bután',NULL,3,25);
INSERT INTO `country_description` (`DESCRIPTION_ID`, `DATE_CREATED`, `DATE_MODIFIED`, `UPDT_ID`, `DESCRIPTION`, `NAME`, `TITLE`, `LANGUAGE_ID`, `COUNTRY_ID`) VALUES (76,'2022-05-02 12:47:38','2022-05-02 12:47:38',NULL,NULL,'Bolivia',NULL,1,26);
INSERT INTO `country_description` (`DESCRIPTION_ID`, `DATE_CREATED`, `DATE_MODIFIED`, `UPDT_ID`, `DESCRIPTION`, `NAME`, `TITLE`, `LANGUAGE_ID`, `COUNTRY_ID`) VALUES (77,'2022-05-02 12:47:38','2022-05-02 12:47:38',NULL,NULL,'Bolivie',NULL,2,26);
INSERT INTO `country_description` (`DESCRIPTION_ID`, `DATE_CREATED`, `DATE_MODIFIED`, `UPDT_ID`, `DESCRIPTION`, `NAME`, `TITLE`, `LANGUAGE_ID`, `COUNTRY_ID`) VALUES (78,'2022-05-02 12:47:38','2022-05-02 12:47:38',NULL,NULL,'Bolivia',NULL,3,26);
INSERT INTO `country_description` (`DESCRIPTION_ID`, `DATE_CREATED`, `DATE_MODIFIED`, `UPDT_ID`, `DESCRIPTION`, `NAME`, `TITLE`, `LANGUAGE_ID`, `COUNTRY_ID`) VALUES (79,'2022-05-02 12:47:38','2022-05-02 12:47:38',NULL,NULL,'Bosnia & Herzegovina',NULL,1,27);
INSERT INTO `country_description` (`DESCRIPTION_ID`, `DATE_CREATED`, `DATE_MODIFIED`, `UPDT_ID`, `DESCRIPTION`, `NAME`, `TITLE`, `LANGUAGE_ID`, `COUNTRY_ID`) VALUES (80,'2022-05-02 12:47:38','2022-05-02 12:47:38',NULL,NULL,'Bosnie-Herzégovine',NULL,2,27);
INSERT INTO `country_description` (`DESCRIPTION_ID`, `DATE_CREATED`, `DATE_MODIFIED`, `UPDT_ID`, `DESCRIPTION`, `NAME`, `TITLE`, `LANGUAGE_ID`, `COUNTRY_ID`) VALUES (81,'2022-05-02 12:47:38','2022-05-02 12:47:38',NULL,NULL,'Bosnia y Herzegovina',NULL,3,27);
INSERT INTO `country_description` (`DESCRIPTION_ID`, `DATE_CREATED`, `DATE_MODIFIED`, `UPDT_ID`, `DESCRIPTION`, `NAME`, `TITLE`, `LANGUAGE_ID`, `COUNTRY_ID`) VALUES (82,'2022-05-02 12:47:38','2022-05-02 12:47:38',NULL,NULL,'Botswana',NULL,1,28);
INSERT INTO `country_description` (`DESCRIPTION_ID`, `DATE_CREATED`, `DATE_MODIFIED`, `UPDT_ID`, `DESCRIPTION`, `NAME`, `TITLE`, `LANGUAGE_ID`, `COUNTRY_ID`) VALUES (83,'2022-05-02 12:47:38','2022-05-02 12:47:38',NULL,NULL,'Botswana',NULL,2,28);
INSERT INTO `country_description` (`DESCRIPTION_ID`, `DATE_CREATED`, `DATE_MODIFIED`, `UPDT_ID`, `DESCRIPTION`, `NAME`, `TITLE`, `LANGUAGE_ID`, `COUNTRY_ID`) VALUES (84,'2022-05-02 12:47:38','2022-05-02 12:47:38',NULL,NULL,'Botsuana',NULL,3,28);
INSERT INTO `country_description` (`DESCRIPTION_ID`, `DATE_CREATED`, `DATE_MODIFIED`, `UPDT_ID`, `DESCRIPTION`, `NAME`, `TITLE`, `LANGUAGE_ID`, `COUNTRY_ID`) VALUES (85,'2022-05-02 12:47:38','2022-05-02 12:47:38',NULL,NULL,'Brazil',NULL,1,29);
INSERT INTO `country_description` (`DESCRIPTION_ID`, `DATE_CREATED`, `DATE_MODIFIED`, `UPDT_ID`, `DESCRIPTION`, `NAME`, `TITLE`, `LANGUAGE_ID`, `COUNTRY_ID`) VALUES (86,'2022-05-02 12:47:38','2022-05-02 12:47:38',NULL,NULL,'Brésil',NULL,2,29);
INSERT INTO `country_description` (`DESCRIPTION_ID`, `DATE_CREATED`, `DATE_MODIFIED`, `UPDT_ID`, `DESCRIPTION`, `NAME`, `TITLE`, `LANGUAGE_ID`, `COUNTRY_ID`) VALUES (87,'2022-05-02 12:47:38','2022-05-02 12:47:38',NULL,NULL,'Brasil',NULL,3,29);
INSERT INTO `country_description` (`DESCRIPTION_ID`, `DATE_CREATED`, `DATE_MODIFIED`, `UPDT_ID`, `DESCRIPTION`, `NAME`, `TITLE`, `LANGUAGE_ID`, `COUNTRY_ID`) VALUES (88,'2022-05-02 12:47:38','2022-05-02 12:47:38',NULL,NULL,'British Indian Ocean Territory',NULL,1,30);
INSERT INTO `country_description` (`DESCRIPTION_ID`, `DATE_CREATED`, `DATE_MODIFIED`, `UPDT_ID`, `DESCRIPTION`, `NAME`, `TITLE`, `LANGUAGE_ID`, `COUNTRY_ID`) VALUES (89,'2022-05-02 12:47:38','2022-05-02 12:47:38',NULL,NULL,'Territoire britannique de l’océan Indien',NULL,2,30);
INSERT INTO `country_description` (`DESCRIPTION_ID`, `DATE_CREATED`, `DATE_MODIFIED`, `UPDT_ID`, `DESCRIPTION`, `NAME`, `TITLE`, `LANGUAGE_ID`, `COUNTRY_ID`) VALUES (90,'2022-05-02 12:47:38','2022-05-02 12:47:38',NULL,NULL,'Territorio Británico del Océano Índico',NULL,3,30);
INSERT INTO `country_description` (`DESCRIPTION_ID`, `DATE_CREATED`, `DATE_MODIFIED`, `UPDT_ID`, `DESCRIPTION`, `NAME`, `TITLE`, `LANGUAGE_ID`, `COUNTRY_ID`) VALUES (91,'2022-05-02 12:47:38','2022-05-02 12:47:38',NULL,NULL,'Brunei',NULL,1,31);
INSERT INTO `country_description` (`DESCRIPTION_ID`, `DATE_CREATED`, `DATE_MODIFIED`, `UPDT_ID`, `DESCRIPTION`, `NAME`, `TITLE`, `LANGUAGE_ID`, `COUNTRY_ID`) VALUES (92,'2022-05-02 12:47:38','2022-05-02 12:47:38',NULL,NULL,'Brunéi Darussalam',NULL,2,31);
INSERT INTO `country_description` (`DESCRIPTION_ID`, `DATE_CREATED`, `DATE_MODIFIED`, `UPDT_ID`, `DESCRIPTION`, `NAME`, `TITLE`, `LANGUAGE_ID`, `COUNTRY_ID`) VALUES (93,'2022-05-02 12:47:39','2022-05-02 12:47:39',NULL,NULL,'Brunéi',NULL,3,31);
INSERT INTO `country_description` (`DESCRIPTION_ID`, `DATE_CREATED`, `DATE_MODIFIED`, `UPDT_ID`, `DESCRIPTION`, `NAME`, `TITLE`, `LANGUAGE_ID`, `COUNTRY_ID`) VALUES (94,'2022-05-02 12:47:39','2022-05-02 12:47:39',NULL,NULL,'Bulgaria',NULL,1,32);
INSERT INTO `country_description` (`DESCRIPTION_ID`, `DATE_CREATED`, `DATE_MODIFIED`, `UPDT_ID`, `DESCRIPTION`, `NAME`, `TITLE`, `LANGUAGE_ID`, `COUNTRY_ID`) VALUES (95,'2022-05-02 12:47:39','2022-05-02 12:47:39',NULL,NULL,'Bulgarie',NULL,2,32);
INSERT INTO `country_description` (`DESCRIPTION_ID`, `DATE_CREATED`, `DATE_MODIFIED`, `UPDT_ID`, `DESCRIPTION`, `NAME`, `TITLE`, `LANGUAGE_ID`, `COUNTRY_ID`) VALUES (96,'2022-05-02 12:47:39','2022-05-02 12:47:39',NULL,NULL,'Bulgaria',NULL,3,32);
INSERT INTO `country_description` (`DESCRIPTION_ID`, `DATE_CREATED`, `DATE_MODIFIED`, `UPDT_ID`, `DESCRIPTION`, `NAME`, `TITLE`, `LANGUAGE_ID`, `COUNTRY_ID`) VALUES (97,'2022-05-02 12:47:39','2022-05-02 12:47:39',NULL,NULL,'Burkina Faso',NULL,1,33);
INSERT INTO `country_description` (`DESCRIPTION_ID`, `DATE_CREATED`, `DATE_MODIFIED`, `UPDT_ID`, `DESCRIPTION`, `NAME`, `TITLE`, `LANGUAGE_ID`, `COUNTRY_ID`) VALUES (98,'2022-05-02 12:47:39','2022-05-02 12:47:39',NULL,NULL,'Burkina Faso',NULL,2,33);
INSERT INTO `country_description` (`DESCRIPTION_ID`, `DATE_CREATED`, `DATE_MODIFIED`, `UPDT_ID`, `DESCRIPTION`, `NAME`, `TITLE`, `LANGUAGE_ID`, `COUNTRY_ID`) VALUES (99,'2022-05-02 12:47:39','2022-05-02 12:47:39',NULL,NULL,'Burkina Faso',NULL,3,33);
INSERT INTO `country_description` (`DESCRIPTION_ID`, `DATE_CREATED`, `DATE_MODIFIED`, `UPDT_ID`, `DESCRIPTION`, `NAME`, `TITLE`, `LANGUAGE_ID`, `COUNTRY_ID`) VALUES (100,'2022-05-02 12:47:39','2022-05-02 12:47:39',NULL,NULL,'Burundi',NULL,1,34);
INSERT INTO `country_description` (`DESCRIPTION_ID`, `DATE_CREATED`, `DATE_MODIFIED`, `UPDT_ID`, `DESCRIPTION`, `NAME`, `TITLE`, `LANGUAGE_ID`, `COUNTRY_ID`) VALUES (101,'2022-05-02 12:47:39','2022-05-02 12:47:39',NULL,NULL,'Burundi',NULL,2,34);
INSERT INTO `country_description` (`DESCRIPTION_ID`, `DATE_CREATED`, `DATE_MODIFIED`, `UPDT_ID`, `DESCRIPTION`, `NAME`, `TITLE`, `LANGUAGE_ID`, `COUNTRY_ID`) VALUES (102,'2022-05-02 12:47:39','2022-05-02 12:47:39',NULL,NULL,'Burundi',NULL,3,34);
INSERT INTO `country_description` (`DESCRIPTION_ID`, `DATE_CREATED`, `DATE_MODIFIED`, `UPDT_ID`, `DESCRIPTION`, `NAME`, `TITLE`, `LANGUAGE_ID`, `COUNTRY_ID`) VALUES (103,'2022-05-02 12:47:39','2022-05-02 12:47:39',NULL,NULL,'Cambodia',NULL,1,35);
INSERT INTO `country_description` (`DESCRIPTION_ID`, `DATE_CREATED`, `DATE_MODIFIED`, `UPDT_ID`, `DESCRIPTION`, `NAME`, `TITLE`, `LANGUAGE_ID`, `COUNTRY_ID`) VALUES (104,'2022-05-02 12:47:39','2022-05-02 12:47:39',NULL,NULL,'Cambodge',NULL,2,35);
INSERT INTO `country_description` (`DESCRIPTION_ID`, `DATE_CREATED`, `DATE_MODIFIED`, `UPDT_ID`, `DESCRIPTION`, `NAME`, `TITLE`, `LANGUAGE_ID`, `COUNTRY_ID`) VALUES (105,'2022-05-02 12:47:39','2022-05-02 12:47:39',NULL,NULL,'Camboya',NULL,3,35);
INSERT INTO `country_description` (`DESCRIPTION_ID`, `DATE_CREATED`, `DATE_MODIFIED`, `UPDT_ID`, `DESCRIPTION`, `NAME`, `TITLE`, `LANGUAGE_ID`, `COUNTRY_ID`) VALUES (106,'2022-05-02 12:47:39','2022-05-02 12:47:39',NULL,NULL,'Cameroon',NULL,1,36);
INSERT INTO `country_description` (`DESCRIPTION_ID`, `DATE_CREATED`, `DATE_MODIFIED`, `UPDT_ID`, `DESCRIPTION`, `NAME`, `TITLE`, `LANGUAGE_ID`, `COUNTRY_ID`) VALUES (107,'2022-05-02 12:47:39','2022-05-02 12:47:39',NULL,NULL,'Cameroun',NULL,2,36);
INSERT INTO `country_description` (`DESCRIPTION_ID`, `DATE_CREATED`, `DATE_MODIFIED`, `UPDT_ID`, `DESCRIPTION`, `NAME`, `TITLE`, `LANGUAGE_ID`, `COUNTRY_ID`) VALUES (108,'2022-05-02 12:47:39','2022-05-02 12:47:39',NULL,NULL,'Camerún',NULL,3,36);
INSERT INTO `country_description` (`DESCRIPTION_ID`, `DATE_CREATED`, `DATE_MODIFIED`, `UPDT_ID`, `DESCRIPTION`, `NAME`, `TITLE`, `LANGUAGE_ID`, `COUNTRY_ID`) VALUES (109,'2022-05-02 12:47:39','2022-05-02 12:47:39',NULL,NULL,'Canada',NULL,1,37);
INSERT INTO `country_description` (`DESCRIPTION_ID`, `DATE_CREATED`, `DATE_MODIFIED`, `UPDT_ID`, `DESCRIPTION`, `NAME`, `TITLE`, `LANGUAGE_ID`, `COUNTRY_ID`) VALUES (110,'2022-05-02 12:47:39','2022-05-02 12:47:39',NULL,NULL,'Canada',NULL,2,37);
INSERT INTO `country_description` (`DESCRIPTION_ID`, `DATE_CREATED`, `DATE_MODIFIED`, `UPDT_ID`, `DESCRIPTION`, `NAME`, `TITLE`, `LANGUAGE_ID`, `COUNTRY_ID`) VALUES (111,'2022-05-02 12:47:39','2022-05-02 12:47:39',NULL,NULL,'Canadá',NULL,3,37);
INSERT INTO `country_description` (`DESCRIPTION_ID`, `DATE_CREATED`, `DATE_MODIFIED`, `UPDT_ID`, `DESCRIPTION`, `NAME`, `TITLE`, `LANGUAGE_ID`, `COUNTRY_ID`) VALUES (112,'2022-05-02 12:47:39','2022-05-02 12:47:39',NULL,NULL,'Cape Verde',NULL,1,38);
INSERT INTO `country_description` (`DESCRIPTION_ID`, `DATE_CREATED`, `DATE_MODIFIED`, `UPDT_ID`, `DESCRIPTION`, `NAME`, `TITLE`, `LANGUAGE_ID`, `COUNTRY_ID`) VALUES (113,'2022-05-02 12:47:39','2022-05-02 12:47:39',NULL,NULL,'Cap-Vert',NULL,2,38);
INSERT INTO `country_description` (`DESCRIPTION_ID`, `DATE_CREATED`, `DATE_MODIFIED`, `UPDT_ID`, `DESCRIPTION`, `NAME`, `TITLE`, `LANGUAGE_ID`, `COUNTRY_ID`) VALUES (114,'2022-05-02 12:47:39','2022-05-02 12:47:39',NULL,NULL,'Cabo Verde',NULL,3,38);
INSERT INTO `country_description` (`DESCRIPTION_ID`, `DATE_CREATED`, `DATE_MODIFIED`, `UPDT_ID`, `DESCRIPTION`, `NAME`, `TITLE`, `LANGUAGE_ID`, `COUNTRY_ID`) VALUES (115,'2022-05-02 12:47:39','2022-05-02 12:47:39',NULL,NULL,'Cayman Islands',NULL,1,39);
INSERT INTO `country_description` (`DESCRIPTION_ID`, `DATE_CREATED`, `DATE_MODIFIED`, `UPDT_ID`, `DESCRIPTION`, `NAME`, `TITLE`, `LANGUAGE_ID`, `COUNTRY_ID`) VALUES (116,'2022-05-02 12:47:39','2022-05-02 12:47:39',NULL,NULL,'Îles Caïmans',NULL,2,39);
INSERT INTO `country_description` (`DESCRIPTION_ID`, `DATE_CREATED`, `DATE_MODIFIED`, `UPDT_ID`, `DESCRIPTION`, `NAME`, `TITLE`, `LANGUAGE_ID`, `COUNTRY_ID`) VALUES (117,'2022-05-02 12:47:39','2022-05-02 12:47:39',NULL,NULL,'Islas Caimán',NULL,3,39);
INSERT INTO `country_description` (`DESCRIPTION_ID`, `DATE_CREATED`, `DATE_MODIFIED`, `UPDT_ID`, `DESCRIPTION`, `NAME`, `TITLE`, `LANGUAGE_ID`, `COUNTRY_ID`) VALUES (118,'2022-05-02 12:47:39','2022-05-02 12:47:39',NULL,NULL,'Central African Republic',NULL,1,40);
INSERT INTO `country_description` (`DESCRIPTION_ID`, `DATE_CREATED`, `DATE_MODIFIED`, `UPDT_ID`, `DESCRIPTION`, `NAME`, `TITLE`, `LANGUAGE_ID`, `COUNTRY_ID`) VALUES (119,'2022-05-02 12:47:39','2022-05-02 12:47:39',NULL,NULL,'République centrafricaine',NULL,2,40);
INSERT INTO `country_description` (`DESCRIPTION_ID`, `DATE_CREATED`, `DATE_MODIFIED`, `UPDT_ID`, `DESCRIPTION`, `NAME`, `TITLE`, `LANGUAGE_ID`, `COUNTRY_ID`) VALUES (120,'2022-05-02 12:47:39','2022-05-02 12:47:39',NULL,NULL,'República Centroafricana',NULL,3,40);
INSERT INTO `country_description` (`DESCRIPTION_ID`, `DATE_CREATED`, `DATE_MODIFIED`, `UPDT_ID`, `DESCRIPTION`, `NAME`, `TITLE`, `LANGUAGE_ID`, `COUNTRY_ID`) VALUES (121,'2022-05-02 12:47:39','2022-05-02 12:47:39',NULL,NULL,'Chad',NULL,1,41);
INSERT INTO `country_description` (`DESCRIPTION_ID`, `DATE_CREATED`, `DATE_MODIFIED`, `UPDT_ID`, `DESCRIPTION`, `NAME`, `TITLE`, `LANGUAGE_ID`, `COUNTRY_ID`) VALUES (122,'2022-05-02 12:47:39','2022-05-02 12:47:39',NULL,NULL,'Tchad',NULL,2,41);
INSERT INTO `country_description` (`DESCRIPTION_ID`, `DATE_CREATED`, `DATE_MODIFIED`, `UPDT_ID`, `DESCRIPTION`, `NAME`, `TITLE`, `LANGUAGE_ID`, `COUNTRY_ID`) VALUES (123,'2022-05-02 12:47:39','2022-05-02 12:47:39',NULL,NULL,'Chad',NULL,3,41);
INSERT INTO `country_description` (`DESCRIPTION_ID`, `DATE_CREATED`, `DATE_MODIFIED`, `UPDT_ID`, `DESCRIPTION`, `NAME`, `TITLE`, `LANGUAGE_ID`, `COUNTRY_ID`) VALUES (124,'2022-05-02 12:47:39','2022-05-02 12:47:39',NULL,NULL,'Chile',NULL,1,42);
INSERT INTO `country_description` (`DESCRIPTION_ID`, `DATE_CREATED`, `DATE_MODIFIED`, `UPDT_ID`, `DESCRIPTION`, `NAME`, `TITLE`, `LANGUAGE_ID`, `COUNTRY_ID`) VALUES (125,'2022-05-02 12:47:39','2022-05-02 12:47:39',NULL,NULL,'Chili',NULL,2,42);
INSERT INTO `country_description` (`DESCRIPTION_ID`, `DATE_CREATED`, `DATE_MODIFIED`, `UPDT_ID`, `DESCRIPTION`, `NAME`, `TITLE`, `LANGUAGE_ID`, `COUNTRY_ID`) VALUES (126,'2022-05-02 12:47:39','2022-05-02 12:47:39',NULL,NULL,'Chile',NULL,3,42);
INSERT INTO `country_description` (`DESCRIPTION_ID`, `DATE_CREATED`, `DATE_MODIFIED`, `UPDT_ID`, `DESCRIPTION`, `NAME`, `TITLE`, `LANGUAGE_ID`, `COUNTRY_ID`) VALUES (127,'2022-05-02 12:47:39','2022-05-02 12:47:39',NULL,NULL,'China',NULL,1,43);
INSERT INTO `country_description` (`DESCRIPTION_ID`, `DATE_CREATED`, `DATE_MODIFIED`, `UPDT_ID`, `DESCRIPTION`, `NAME`, `TITLE`, `LANGUAGE_ID`, `COUNTRY_ID`) VALUES (128,'2022-05-02 12:47:39','2022-05-02 12:47:39',NULL,NULL,'Chine',NULL,2,43);
INSERT INTO `country_description` (`DESCRIPTION_ID`, `DATE_CREATED`, `DATE_MODIFIED`, `UPDT_ID`, `DESCRIPTION`, `NAME`, `TITLE`, `LANGUAGE_ID`, `COUNTRY_ID`) VALUES (129,'2022-05-02 12:47:39','2022-05-02 12:47:39',NULL,NULL,'China',NULL,3,43);
INSERT INTO `country_description` (`DESCRIPTION_ID`, `DATE_CREATED`, `DATE_MODIFIED`, `UPDT_ID`, `DESCRIPTION`, `NAME`, `TITLE`, `LANGUAGE_ID`, `COUNTRY_ID`) VALUES (130,'2022-05-02 12:47:39','2022-05-02 12:47:39',NULL,NULL,'Christmas Island',NULL,1,44);
INSERT INTO `country_description` (`DESCRIPTION_ID`, `DATE_CREATED`, `DATE_MODIFIED`, `UPDT_ID`, `DESCRIPTION`, `NAME`, `TITLE`, `LANGUAGE_ID`, `COUNTRY_ID`) VALUES (131,'2022-05-02 12:47:39','2022-05-02 12:47:39',NULL,NULL,'Île Christmas',NULL,2,44);
INSERT INTO `country_description` (`DESCRIPTION_ID`, `DATE_CREATED`, `DATE_MODIFIED`, `UPDT_ID`, `DESCRIPTION`, `NAME`, `TITLE`, `LANGUAGE_ID`, `COUNTRY_ID`) VALUES (132,'2022-05-02 12:47:39','2022-05-02 12:47:39',NULL,NULL,'Isla de Navidad',NULL,3,44);
INSERT INTO `country_description` (`DESCRIPTION_ID`, `DATE_CREATED`, `DATE_MODIFIED`, `UPDT_ID`, `DESCRIPTION`, `NAME`, `TITLE`, `LANGUAGE_ID`, `COUNTRY_ID`) VALUES (133,'2022-05-02 12:47:39','2022-05-02 12:47:39',NULL,NULL,'Cocos (Keeling) Islands',NULL,1,45);
INSERT INTO `country_description` (`DESCRIPTION_ID`, `DATE_CREATED`, `DATE_MODIFIED`, `UPDT_ID`, `DESCRIPTION`, `NAME`, `TITLE`, `LANGUAGE_ID`, `COUNTRY_ID`) VALUES (134,'2022-05-02 12:47:39','2022-05-02 12:47:39',NULL,NULL,'Îles Cocos',NULL,2,45);
INSERT INTO `country_description` (`DESCRIPTION_ID`, `DATE_CREATED`, `DATE_MODIFIED`, `UPDT_ID`, `DESCRIPTION`, `NAME`, `TITLE`, `LANGUAGE_ID`, `COUNTRY_ID`) VALUES (135,'2022-05-02 12:47:39','2022-05-02 12:47:39',NULL,NULL,'Islas Cocos',NULL,3,45);
INSERT INTO `country_description` (`DESCRIPTION_ID`, `DATE_CREATED`, `DATE_MODIFIED`, `UPDT_ID`, `DESCRIPTION`, `NAME`, `TITLE`, `LANGUAGE_ID`, `COUNTRY_ID`) VALUES (136,'2022-05-02 12:47:39','2022-05-02 12:47:39',NULL,NULL,'Colombia',NULL,1,46);
INSERT INTO `country_description` (`DESCRIPTION_ID`, `DATE_CREATED`, `DATE_MODIFIED`, `UPDT_ID`, `DESCRIPTION`, `NAME`, `TITLE`, `LANGUAGE_ID`, `COUNTRY_ID`) VALUES (137,'2022-05-02 12:47:39','2022-05-02 12:47:39',NULL,NULL,'Colombie',NULL,2,46);
INSERT INTO `country_description` (`DESCRIPTION_ID`, `DATE_CREATED`, `DATE_MODIFIED`, `UPDT_ID`, `DESCRIPTION`, `NAME`, `TITLE`, `LANGUAGE_ID`, `COUNTRY_ID`) VALUES (138,'2022-05-02 12:47:39','2022-05-02 12:47:39',NULL,NULL,'Colombia',NULL,3,46);
INSERT INTO `country_description` (`DESCRIPTION_ID`, `DATE_CREATED`, `DATE_MODIFIED`, `UPDT_ID`, `DESCRIPTION`, `NAME`, `TITLE`, `LANGUAGE_ID`, `COUNTRY_ID`) VALUES (139,'2022-05-02 12:47:39','2022-05-02 12:47:39',NULL,NULL,'Comoros',NULL,1,47);
INSERT INTO `country_description` (`DESCRIPTION_ID`, `DATE_CREATED`, `DATE_MODIFIED`, `UPDT_ID`, `DESCRIPTION`, `NAME`, `TITLE`, `LANGUAGE_ID`, `COUNTRY_ID`) VALUES (140,'2022-05-02 12:47:39','2022-05-02 12:47:39',NULL,NULL,'Comores',NULL,2,47);
INSERT INTO `country_description` (`DESCRIPTION_ID`, `DATE_CREATED`, `DATE_MODIFIED`, `UPDT_ID`, `DESCRIPTION`, `NAME`, `TITLE`, `LANGUAGE_ID`, `COUNTRY_ID`) VALUES (141,'2022-05-02 12:47:39','2022-05-02 12:47:39',NULL,NULL,'Comoras',NULL,3,47);
INSERT INTO `country_description` (`DESCRIPTION_ID`, `DATE_CREATED`, `DATE_MODIFIED`, `UPDT_ID`, `DESCRIPTION`, `NAME`, `TITLE`, `LANGUAGE_ID`, `COUNTRY_ID`) VALUES (142,'2022-05-02 12:47:39','2022-05-02 12:47:39',NULL,NULL,'Congo - Brazzaville',NULL,1,48);
INSERT INTO `country_description` (`DESCRIPTION_ID`, `DATE_CREATED`, `DATE_MODIFIED`, `UPDT_ID`, `DESCRIPTION`, `NAME`, `TITLE`, `LANGUAGE_ID`, `COUNTRY_ID`) VALUES (143,'2022-05-02 12:47:39','2022-05-02 12:47:39',NULL,NULL,'Congo-Brazzaville',NULL,2,48);
INSERT INTO `country_description` (`DESCRIPTION_ID`, `DATE_CREATED`, `DATE_MODIFIED`, `UPDT_ID`, `DESCRIPTION`, `NAME`, `TITLE`, `LANGUAGE_ID`, `COUNTRY_ID`) VALUES (144,'2022-05-02 12:47:39','2022-05-02 12:47:39',NULL,NULL,'República del Congo',NULL,3,48);
INSERT INTO `country_description` (`DESCRIPTION_ID`, `DATE_CREATED`, `DATE_MODIFIED`, `UPDT_ID`, `DESCRIPTION`, `NAME`, `TITLE`, `LANGUAGE_ID`, `COUNTRY_ID`) VALUES (145,'2022-05-02 12:47:39','2022-05-02 12:47:39',NULL,NULL,'Congo - Kinshasa',NULL,1,49);
INSERT INTO `country_description` (`DESCRIPTION_ID`, `DATE_CREATED`, `DATE_MODIFIED`, `UPDT_ID`, `DESCRIPTION`, `NAME`, `TITLE`, `LANGUAGE_ID`, `COUNTRY_ID`) VALUES (146,'2022-05-02 12:47:39','2022-05-02 12:47:39',NULL,NULL,'Congo-Kinshasa',NULL,2,49);
INSERT INTO `country_description` (`DESCRIPTION_ID`, `DATE_CREATED`, `DATE_MODIFIED`, `UPDT_ID`, `DESCRIPTION`, `NAME`, `TITLE`, `LANGUAGE_ID`, `COUNTRY_ID`) VALUES (147,'2022-05-02 12:47:39','2022-05-02 12:47:39',NULL,NULL,'República Democrática del Congo',NULL,3,49);
INSERT INTO `country_description` (`DESCRIPTION_ID`, `DATE_CREATED`, `DATE_MODIFIED`, `UPDT_ID`, `DESCRIPTION`, `NAME`, `TITLE`, `LANGUAGE_ID`, `COUNTRY_ID`) VALUES (148,'2022-05-02 12:47:40','2022-05-02 12:47:40',NULL,NULL,'Cook Islands',NULL,1,50);
INSERT INTO `country_description` (`DESCRIPTION_ID`, `DATE_CREATED`, `DATE_MODIFIED`, `UPDT_ID`, `DESCRIPTION`, `NAME`, `TITLE`, `LANGUAGE_ID`, `COUNTRY_ID`) VALUES (149,'2022-05-02 12:47:40','2022-05-02 12:47:40',NULL,NULL,'Îles Cook',NULL,2,50);
INSERT INTO `country_description` (`DESCRIPTION_ID`, `DATE_CREATED`, `DATE_MODIFIED`, `UPDT_ID`, `DESCRIPTION`, `NAME`, `TITLE`, `LANGUAGE_ID`, `COUNTRY_ID`) VALUES (150,'2022-05-02 12:47:40','2022-05-02 12:47:40',NULL,NULL,'Islas Cook',NULL,3,50);
INSERT INTO `country_description` (`DESCRIPTION_ID`, `DATE_CREATED`, `DATE_MODIFIED`, `UPDT_ID`, `DESCRIPTION`, `NAME`, `TITLE`, `LANGUAGE_ID`, `COUNTRY_ID`) VALUES (151,'2022-05-02 12:47:40','2022-05-02 12:47:40',NULL,NULL,'Costa Rica',NULL,1,51);
INSERT INTO `country_description` (`DESCRIPTION_ID`, `DATE_CREATED`, `DATE_MODIFIED`, `UPDT_ID`, `DESCRIPTION`, `NAME`, `TITLE`, `LANGUAGE_ID`, `COUNTRY_ID`) VALUES (152,'2022-05-02 12:47:40','2022-05-02 12:47:40',NULL,NULL,'Costa Rica',NULL,2,51);
INSERT INTO `country_description` (`DESCRIPTION_ID`, `DATE_CREATED`, `DATE_MODIFIED`, `UPDT_ID`, `DESCRIPTION`, `NAME`, `TITLE`, `LANGUAGE_ID`, `COUNTRY_ID`) VALUES (153,'2022-05-02 12:47:40','2022-05-02 12:47:40',NULL,NULL,'Costa Rica',NULL,3,51);
INSERT INTO `country_description` (`DESCRIPTION_ID`, `DATE_CREATED`, `DATE_MODIFIED`, `UPDT_ID`, `DESCRIPTION`, `NAME`, `TITLE`, `LANGUAGE_ID`, `COUNTRY_ID`) VALUES (154,'2022-05-02 12:47:40','2022-05-02 12:47:40',NULL,NULL,'Côte d’Ivoire',NULL,1,52);
INSERT INTO `country_description` (`DESCRIPTION_ID`, `DATE_CREATED`, `DATE_MODIFIED`, `UPDT_ID`, `DESCRIPTION`, `NAME`, `TITLE`, `LANGUAGE_ID`, `COUNTRY_ID`) VALUES (155,'2022-05-02 12:47:40','2022-05-02 12:47:40',NULL,NULL,'Côte d’Ivoire',NULL,2,52);
INSERT INTO `country_description` (`DESCRIPTION_ID`, `DATE_CREATED`, `DATE_MODIFIED`, `UPDT_ID`, `DESCRIPTION`, `NAME`, `TITLE`, `LANGUAGE_ID`, `COUNTRY_ID`) VALUES (156,'2022-05-02 12:47:40','2022-05-02 12:47:40',NULL,NULL,'Côte d’Ivoire',NULL,3,52);
INSERT INTO `country_description` (`DESCRIPTION_ID`, `DATE_CREATED`, `DATE_MODIFIED`, `UPDT_ID`, `DESCRIPTION`, `NAME`, `TITLE`, `LANGUAGE_ID`, `COUNTRY_ID`) VALUES (157,'2022-05-02 12:47:40','2022-05-02 12:47:40',NULL,NULL,'Croatia',NULL,1,53);
INSERT INTO `country_description` (`DESCRIPTION_ID`, `DATE_CREATED`, `DATE_MODIFIED`, `UPDT_ID`, `DESCRIPTION`, `NAME`, `TITLE`, `LANGUAGE_ID`, `COUNTRY_ID`) VALUES (158,'2022-05-02 12:47:40','2022-05-02 12:47:40',NULL,NULL,'Croatie',NULL,2,53);
INSERT INTO `country_description` (`DESCRIPTION_ID`, `DATE_CREATED`, `DATE_MODIFIED`, `UPDT_ID`, `DESCRIPTION`, `NAME`, `TITLE`, `LANGUAGE_ID`, `COUNTRY_ID`) VALUES (159,'2022-05-02 12:47:40','2022-05-02 12:47:40',NULL,NULL,'Croacia',NULL,3,53);
INSERT INTO `country_description` (`DESCRIPTION_ID`, `DATE_CREATED`, `DATE_MODIFIED`, `UPDT_ID`, `DESCRIPTION`, `NAME`, `TITLE`, `LANGUAGE_ID`, `COUNTRY_ID`) VALUES (160,'2022-05-02 12:47:40','2022-05-02 12:47:40',NULL,NULL,'Cuba',NULL,1,54);
INSERT INTO `country_description` (`DESCRIPTION_ID`, `DATE_CREATED`, `DATE_MODIFIED`, `UPDT_ID`, `DESCRIPTION`, `NAME`, `TITLE`, `LANGUAGE_ID`, `COUNTRY_ID`) VALUES (161,'2022-05-02 12:47:40','2022-05-02 12:47:40',NULL,NULL,'Cuba',NULL,2,54);
INSERT INTO `country_description` (`DESCRIPTION_ID`, `DATE_CREATED`, `DATE_MODIFIED`, `UPDT_ID`, `DESCRIPTION`, `NAME`, `TITLE`, `LANGUAGE_ID`, `COUNTRY_ID`) VALUES (162,'2022-05-02 12:47:40','2022-05-02 12:47:40',NULL,NULL,'Cuba',NULL,3,54);
INSERT INTO `country_description` (`DESCRIPTION_ID`, `DATE_CREATED`, `DATE_MODIFIED`, `UPDT_ID`, `DESCRIPTION`, `NAME`, `TITLE`, `LANGUAGE_ID`, `COUNTRY_ID`) VALUES (163,'2022-05-02 12:47:40','2022-05-02 12:47:40',NULL,NULL,'Cyprus',NULL,1,55);
INSERT INTO `country_description` (`DESCRIPTION_ID`, `DATE_CREATED`, `DATE_MODIFIED`, `UPDT_ID`, `DESCRIPTION`, `NAME`, `TITLE`, `LANGUAGE_ID`, `COUNTRY_ID`) VALUES (164,'2022-05-02 12:47:40','2022-05-02 12:47:40',NULL,NULL,'Chypre',NULL,2,55);
INSERT INTO `country_description` (`DESCRIPTION_ID`, `DATE_CREATED`, `DATE_MODIFIED`, `UPDT_ID`, `DESCRIPTION`, `NAME`, `TITLE`, `LANGUAGE_ID`, `COUNTRY_ID`) VALUES (165,'2022-05-02 12:47:40','2022-05-02 12:47:40',NULL,NULL,'Chipre',NULL,3,55);
INSERT INTO `country_description` (`DESCRIPTION_ID`, `DATE_CREATED`, `DATE_MODIFIED`, `UPDT_ID`, `DESCRIPTION`, `NAME`, `TITLE`, `LANGUAGE_ID`, `COUNTRY_ID`) VALUES (166,'2022-05-02 12:47:40','2022-05-02 12:47:40',NULL,NULL,'Czechia',NULL,1,56);
INSERT INTO `country_description` (`DESCRIPTION_ID`, `DATE_CREATED`, `DATE_MODIFIED`, `UPDT_ID`, `DESCRIPTION`, `NAME`, `TITLE`, `LANGUAGE_ID`, `COUNTRY_ID`) VALUES (167,'2022-05-02 12:47:40','2022-05-02 12:47:40',NULL,NULL,'Tchéquie',NULL,2,56);
INSERT INTO `country_description` (`DESCRIPTION_ID`, `DATE_CREATED`, `DATE_MODIFIED`, `UPDT_ID`, `DESCRIPTION`, `NAME`, `TITLE`, `LANGUAGE_ID`, `COUNTRY_ID`) VALUES (168,'2022-05-02 12:47:40','2022-05-02 12:47:40',NULL,NULL,'Chequia',NULL,3,56);
INSERT INTO `country_description` (`DESCRIPTION_ID`, `DATE_CREATED`, `DATE_MODIFIED`, `UPDT_ID`, `DESCRIPTION`, `NAME`, `TITLE`, `LANGUAGE_ID`, `COUNTRY_ID`) VALUES (169,'2022-05-02 12:47:40','2022-05-02 12:47:40',NULL,NULL,'Denmark',NULL,1,57);
INSERT INTO `country_description` (`DESCRIPTION_ID`, `DATE_CREATED`, `DATE_MODIFIED`, `UPDT_ID`, `DESCRIPTION`, `NAME`, `TITLE`, `LANGUAGE_ID`, `COUNTRY_ID`) VALUES (170,'2022-05-02 12:47:40','2022-05-02 12:47:40',NULL,NULL,'Danemark',NULL,2,57);
INSERT INTO `country_description` (`DESCRIPTION_ID`, `DATE_CREATED`, `DATE_MODIFIED`, `UPDT_ID`, `DESCRIPTION`, `NAME`, `TITLE`, `LANGUAGE_ID`, `COUNTRY_ID`) VALUES (171,'2022-05-02 12:47:40','2022-05-02 12:47:40',NULL,NULL,'Dinamarca',NULL,3,57);
INSERT INTO `country_description` (`DESCRIPTION_ID`, `DATE_CREATED`, `DATE_MODIFIED`, `UPDT_ID`, `DESCRIPTION`, `NAME`, `TITLE`, `LANGUAGE_ID`, `COUNTRY_ID`) VALUES (172,'2022-05-02 12:47:40','2022-05-02 12:47:40',NULL,NULL,'Djibouti',NULL,1,58);
INSERT INTO `country_description` (`DESCRIPTION_ID`, `DATE_CREATED`, `DATE_MODIFIED`, `UPDT_ID`, `DESCRIPTION`, `NAME`, `TITLE`, `LANGUAGE_ID`, `COUNTRY_ID`) VALUES (173,'2022-05-02 12:47:40','2022-05-02 12:47:40',NULL,NULL,'Djibouti',NULL,2,58);
INSERT INTO `country_description` (`DESCRIPTION_ID`, `DATE_CREATED`, `DATE_MODIFIED`, `UPDT_ID`, `DESCRIPTION`, `NAME`, `TITLE`, `LANGUAGE_ID`, `COUNTRY_ID`) VALUES (174,'2022-05-02 12:47:40','2022-05-02 12:47:40',NULL,NULL,'Yibuti',NULL,3,58);
INSERT INTO `country_description` (`DESCRIPTION_ID`, `DATE_CREATED`, `DATE_MODIFIED`, `UPDT_ID`, `DESCRIPTION`, `NAME`, `TITLE`, `LANGUAGE_ID`, `COUNTRY_ID`) VALUES (175,'2022-05-02 12:47:40','2022-05-02 12:47:40',NULL,NULL,'Dominica',NULL,1,59);
INSERT INTO `country_description` (`DESCRIPTION_ID`, `DATE_CREATED`, `DATE_MODIFIED`, `UPDT_ID`, `DESCRIPTION`, `NAME`, `TITLE`, `LANGUAGE_ID`, `COUNTRY_ID`) VALUES (176,'2022-05-02 12:47:40','2022-05-02 12:47:40',NULL,NULL,'Dominique',NULL,2,59);
INSERT INTO `country_description` (`DESCRIPTION_ID`, `DATE_CREATED`, `DATE_MODIFIED`, `UPDT_ID`, `DESCRIPTION`, `NAME`, `TITLE`, `LANGUAGE_ID`, `COUNTRY_ID`) VALUES (177,'2022-05-02 12:47:40','2022-05-02 12:47:40',NULL,NULL,'Dominica',NULL,3,59);
INSERT INTO `country_description` (`DESCRIPTION_ID`, `DATE_CREATED`, `DATE_MODIFIED`, `UPDT_ID`, `DESCRIPTION`, `NAME`, `TITLE`, `LANGUAGE_ID`, `COUNTRY_ID`) VALUES (178,'2022-05-02 12:47:40','2022-05-02 12:47:40',NULL,NULL,'Dominican Republic',NULL,1,60);
INSERT INTO `country_description` (`DESCRIPTION_ID`, `DATE_CREATED`, `DATE_MODIFIED`, `UPDT_ID`, `DESCRIPTION`, `NAME`, `TITLE`, `LANGUAGE_ID`, `COUNTRY_ID`) VALUES (179,'2022-05-02 12:47:40','2022-05-02 12:47:40',NULL,NULL,'République dominicaine',NULL,2,60);
INSERT INTO `country_description` (`DESCRIPTION_ID`, `DATE_CREATED`, `DATE_MODIFIED`, `UPDT_ID`, `DESCRIPTION`, `NAME`, `TITLE`, `LANGUAGE_ID`, `COUNTRY_ID`) VALUES (180,'2022-05-02 12:47:40','2022-05-02 12:47:40',NULL,NULL,'República Dominicana',NULL,3,60);
INSERT INTO `country_description` (`DESCRIPTION_ID`, `DATE_CREATED`, `DATE_MODIFIED`, `UPDT_ID`, `DESCRIPTION`, `NAME`, `TITLE`, `LANGUAGE_ID`, `COUNTRY_ID`) VALUES (181,'2022-05-02 12:47:40','2022-05-02 12:47:40',NULL,NULL,'Ecuador',NULL,1,61);
INSERT INTO `country_description` (`DESCRIPTION_ID`, `DATE_CREATED`, `DATE_MODIFIED`, `UPDT_ID`, `DESCRIPTION`, `NAME`, `TITLE`, `LANGUAGE_ID`, `COUNTRY_ID`) VALUES (182,'2022-05-02 12:47:40','2022-05-02 12:47:40',NULL,NULL,'Équateur',NULL,2,61);
INSERT INTO `country_description` (`DESCRIPTION_ID`, `DATE_CREATED`, `DATE_MODIFIED`, `UPDT_ID`, `DESCRIPTION`, `NAME`, `TITLE`, `LANGUAGE_ID`, `COUNTRY_ID`) VALUES (183,'2022-05-02 12:47:40','2022-05-02 12:47:40',NULL,NULL,'Ecuador',NULL,3,61);
INSERT INTO `country_description` (`DESCRIPTION_ID`, `DATE_CREATED`, `DATE_MODIFIED`, `UPDT_ID`, `DESCRIPTION`, `NAME`, `TITLE`, `LANGUAGE_ID`, `COUNTRY_ID`) VALUES (184,'2022-05-02 12:47:40','2022-05-02 12:47:40',NULL,NULL,'Egypt',NULL,1,62);
INSERT INTO `country_description` (`DESCRIPTION_ID`, `DATE_CREATED`, `DATE_MODIFIED`, `UPDT_ID`, `DESCRIPTION`, `NAME`, `TITLE`, `LANGUAGE_ID`, `COUNTRY_ID`) VALUES (185,'2022-05-02 12:47:40','2022-05-02 12:47:40',NULL,NULL,'Égypte',NULL,2,62);
INSERT INTO `country_description` (`DESCRIPTION_ID`, `DATE_CREATED`, `DATE_MODIFIED`, `UPDT_ID`, `DESCRIPTION`, `NAME`, `TITLE`, `LANGUAGE_ID`, `COUNTRY_ID`) VALUES (186,'2022-05-02 12:47:40','2022-05-02 12:47:40',NULL,NULL,'Egipto',NULL,3,62);
INSERT INTO `country_description` (`DESCRIPTION_ID`, `DATE_CREATED`, `DATE_MODIFIED`, `UPDT_ID`, `DESCRIPTION`, `NAME`, `TITLE`, `LANGUAGE_ID`, `COUNTRY_ID`) VALUES (187,'2022-05-02 12:47:40','2022-05-02 12:47:40',NULL,NULL,'El Salvador',NULL,1,63);
INSERT INTO `country_description` (`DESCRIPTION_ID`, `DATE_CREATED`, `DATE_MODIFIED`, `UPDT_ID`, `DESCRIPTION`, `NAME`, `TITLE`, `LANGUAGE_ID`, `COUNTRY_ID`) VALUES (188,'2022-05-02 12:47:40','2022-05-02 12:47:40',NULL,NULL,'Salvador',NULL,2,63);
INSERT INTO `country_description` (`DESCRIPTION_ID`, `DATE_CREATED`, `DATE_MODIFIED`, `UPDT_ID`, `DESCRIPTION`, `NAME`, `TITLE`, `LANGUAGE_ID`, `COUNTRY_ID`) VALUES (189,'2022-05-02 12:47:40','2022-05-02 12:47:40',NULL,NULL,'El Salvador',NULL,3,63);
INSERT INTO `country_description` (`DESCRIPTION_ID`, `DATE_CREATED`, `DATE_MODIFIED`, `UPDT_ID`, `DESCRIPTION`, `NAME`, `TITLE`, `LANGUAGE_ID`, `COUNTRY_ID`) VALUES (190,'2022-05-02 12:47:40','2022-05-02 12:47:40',NULL,NULL,'Equatorial Guinea',NULL,1,64);
INSERT INTO `country_description` (`DESCRIPTION_ID`, `DATE_CREATED`, `DATE_MODIFIED`, `UPDT_ID`, `DESCRIPTION`, `NAME`, `TITLE`, `LANGUAGE_ID`, `COUNTRY_ID`) VALUES (191,'2022-05-02 12:47:40','2022-05-02 12:47:40',NULL,NULL,'Guinée équatoriale',NULL,2,64);
INSERT INTO `country_description` (`DESCRIPTION_ID`, `DATE_CREATED`, `DATE_MODIFIED`, `UPDT_ID`, `DESCRIPTION`, `NAME`, `TITLE`, `LANGUAGE_ID`, `COUNTRY_ID`) VALUES (192,'2022-05-02 12:47:40','2022-05-02 12:47:40',NULL,NULL,'Guinea Ecuatorial',NULL,3,64);
INSERT INTO `country_description` (`DESCRIPTION_ID`, `DATE_CREATED`, `DATE_MODIFIED`, `UPDT_ID`, `DESCRIPTION`, `NAME`, `TITLE`, `LANGUAGE_ID`, `COUNTRY_ID`) VALUES (193,'2022-05-02 12:47:40','2022-05-02 12:47:40',NULL,NULL,'Eritrea',NULL,1,65);
INSERT INTO `country_description` (`DESCRIPTION_ID`, `DATE_CREATED`, `DATE_MODIFIED`, `UPDT_ID`, `DESCRIPTION`, `NAME`, `TITLE`, `LANGUAGE_ID`, `COUNTRY_ID`) VALUES (194,'2022-05-02 12:47:40','2022-05-02 12:47:40',NULL,NULL,'Érythrée',NULL,2,65);
INSERT INTO `country_description` (`DESCRIPTION_ID`, `DATE_CREATED`, `DATE_MODIFIED`, `UPDT_ID`, `DESCRIPTION`, `NAME`, `TITLE`, `LANGUAGE_ID`, `COUNTRY_ID`) VALUES (195,'2022-05-02 12:47:40','2022-05-02 12:47:40',NULL,NULL,'Eritrea',NULL,3,65);
INSERT INTO `country_description` (`DESCRIPTION_ID`, `DATE_CREATED`, `DATE_MODIFIED`, `UPDT_ID`, `DESCRIPTION`, `NAME`, `TITLE`, `LANGUAGE_ID`, `COUNTRY_ID`) VALUES (196,'2022-05-02 12:47:40','2022-05-02 12:47:40',NULL,NULL,'Estonia',NULL,1,66);
INSERT INTO `country_description` (`DESCRIPTION_ID`, `DATE_CREATED`, `DATE_MODIFIED`, `UPDT_ID`, `DESCRIPTION`, `NAME`, `TITLE`, `LANGUAGE_ID`, `COUNTRY_ID`) VALUES (197,'2022-05-02 12:47:40','2022-05-02 12:47:40',NULL,NULL,'Estonie',NULL,2,66);
INSERT INTO `country_description` (`DESCRIPTION_ID`, `DATE_CREATED`, `DATE_MODIFIED`, `UPDT_ID`, `DESCRIPTION`, `NAME`, `TITLE`, `LANGUAGE_ID`, `COUNTRY_ID`) VALUES (198,'2022-05-02 12:47:40','2022-05-02 12:47:40',NULL,NULL,'Estonia',NULL,3,66);
INSERT INTO `country_description` (`DESCRIPTION_ID`, `DATE_CREATED`, `DATE_MODIFIED`, `UPDT_ID`, `DESCRIPTION`, `NAME`, `TITLE`, `LANGUAGE_ID`, `COUNTRY_ID`) VALUES (199,'2022-05-02 12:47:40','2022-05-02 12:47:40',NULL,NULL,'Ethiopia',NULL,1,67);
INSERT INTO `country_description` (`DESCRIPTION_ID`, `DATE_CREATED`, `DATE_MODIFIED`, `UPDT_ID`, `DESCRIPTION`, `NAME`, `TITLE`, `LANGUAGE_ID`, `COUNTRY_ID`) VALUES (200,'2022-05-02 12:47:40','2022-05-02 12:47:40',NULL,NULL,'Éthiopie',NULL,2,67);
INSERT INTO `country_description` (`DESCRIPTION_ID`, `DATE_CREATED`, `DATE_MODIFIED`, `UPDT_ID`, `DESCRIPTION`, `NAME`, `TITLE`, `LANGUAGE_ID`, `COUNTRY_ID`) VALUES (201,'2022-05-02 12:47:40','2022-05-02 12:47:40',NULL,NULL,'Etiopía',NULL,3,67);
INSERT INTO `country_description` (`DESCRIPTION_ID`, `DATE_CREATED`, `DATE_MODIFIED`, `UPDT_ID`, `DESCRIPTION`, `NAME`, `TITLE`, `LANGUAGE_ID`, `COUNTRY_ID`) VALUES (202,'2022-05-02 12:47:40','2022-05-02 12:47:40',NULL,NULL,'Falkland Islands',NULL,1,68);
INSERT INTO `country_description` (`DESCRIPTION_ID`, `DATE_CREATED`, `DATE_MODIFIED`, `UPDT_ID`, `DESCRIPTION`, `NAME`, `TITLE`, `LANGUAGE_ID`, `COUNTRY_ID`) VALUES (203,'2022-05-02 12:47:40','2022-05-02 12:47:40',NULL,NULL,'Îles Malouines',NULL,2,68);
INSERT INTO `country_description` (`DESCRIPTION_ID`, `DATE_CREATED`, `DATE_MODIFIED`, `UPDT_ID`, `DESCRIPTION`, `NAME`, `TITLE`, `LANGUAGE_ID`, `COUNTRY_ID`) VALUES (204,'2022-05-02 12:47:40','2022-05-02 12:47:40',NULL,NULL,'Islas Malvinas',NULL,3,68);
INSERT INTO `country_description` (`DESCRIPTION_ID`, `DATE_CREATED`, `DATE_MODIFIED`, `UPDT_ID`, `DESCRIPTION`, `NAME`, `TITLE`, `LANGUAGE_ID`, `COUNTRY_ID`) VALUES (205,'2022-05-02 12:47:40','2022-05-02 12:47:40',NULL,NULL,'Faroe Islands',NULL,1,69);
INSERT INTO `country_description` (`DESCRIPTION_ID`, `DATE_CREATED`, `DATE_MODIFIED`, `UPDT_ID`, `DESCRIPTION`, `NAME`, `TITLE`, `LANGUAGE_ID`, `COUNTRY_ID`) VALUES (206,'2022-05-02 12:47:41','2022-05-02 12:47:41',NULL,NULL,'Îles Féroé',NULL,2,69);
INSERT INTO `country_description` (`DESCRIPTION_ID`, `DATE_CREATED`, `DATE_MODIFIED`, `UPDT_ID`, `DESCRIPTION`, `NAME`, `TITLE`, `LANGUAGE_ID`, `COUNTRY_ID`) VALUES (207,'2022-05-02 12:47:41','2022-05-02 12:47:41',NULL,NULL,'Islas Feroe',NULL,3,69);
INSERT INTO `country_description` (`DESCRIPTION_ID`, `DATE_CREATED`, `DATE_MODIFIED`, `UPDT_ID`, `DESCRIPTION`, `NAME`, `TITLE`, `LANGUAGE_ID`, `COUNTRY_ID`) VALUES (208,'2022-05-02 12:47:41','2022-05-02 12:47:41',NULL,NULL,'Fiji',NULL,1,70);
INSERT INTO `country_description` (`DESCRIPTION_ID`, `DATE_CREATED`, `DATE_MODIFIED`, `UPDT_ID`, `DESCRIPTION`, `NAME`, `TITLE`, `LANGUAGE_ID`, `COUNTRY_ID`) VALUES (209,'2022-05-02 12:47:41','2022-05-02 12:47:41',NULL,NULL,'Fidji',NULL,2,70);
INSERT INTO `country_description` (`DESCRIPTION_ID`, `DATE_CREATED`, `DATE_MODIFIED`, `UPDT_ID`, `DESCRIPTION`, `NAME`, `TITLE`, `LANGUAGE_ID`, `COUNTRY_ID`) VALUES (210,'2022-05-02 12:47:41','2022-05-02 12:47:41',NULL,NULL,'Fiyi',NULL,3,70);
INSERT INTO `country_description` (`DESCRIPTION_ID`, `DATE_CREATED`, `DATE_MODIFIED`, `UPDT_ID`, `DESCRIPTION`, `NAME`, `TITLE`, `LANGUAGE_ID`, `COUNTRY_ID`) VALUES (211,'2022-05-02 12:47:41','2022-05-02 12:47:41',NULL,NULL,'Finland',NULL,1,71);
INSERT INTO `country_description` (`DESCRIPTION_ID`, `DATE_CREATED`, `DATE_MODIFIED`, `UPDT_ID`, `DESCRIPTION`, `NAME`, `TITLE`, `LANGUAGE_ID`, `COUNTRY_ID`) VALUES (212,'2022-05-02 12:47:41','2022-05-02 12:47:41',NULL,NULL,'Finlande',NULL,2,71);
INSERT INTO `country_description` (`DESCRIPTION_ID`, `DATE_CREATED`, `DATE_MODIFIED`, `UPDT_ID`, `DESCRIPTION`, `NAME`, `TITLE`, `LANGUAGE_ID`, `COUNTRY_ID`) VALUES (213,'2022-05-02 12:47:41','2022-05-02 12:47:41',NULL,NULL,'Finlandia',NULL,3,71);
INSERT INTO `country_description` (`DESCRIPTION_ID`, `DATE_CREATED`, `DATE_MODIFIED`, `UPDT_ID`, `DESCRIPTION`, `NAME`, `TITLE`, `LANGUAGE_ID`, `COUNTRY_ID`) VALUES (214,'2022-05-02 12:47:41','2022-05-02 12:47:41',NULL,NULL,'France',NULL,1,72);
INSERT INTO `country_description` (`DESCRIPTION_ID`, `DATE_CREATED`, `DATE_MODIFIED`, `UPDT_ID`, `DESCRIPTION`, `NAME`, `TITLE`, `LANGUAGE_ID`, `COUNTRY_ID`) VALUES (215,'2022-05-02 12:47:41','2022-05-02 12:47:41',NULL,NULL,'France',NULL,2,72);
INSERT INTO `country_description` (`DESCRIPTION_ID`, `DATE_CREATED`, `DATE_MODIFIED`, `UPDT_ID`, `DESCRIPTION`, `NAME`, `TITLE`, `LANGUAGE_ID`, `COUNTRY_ID`) VALUES (216,'2022-05-02 12:47:41','2022-05-02 12:47:41',NULL,NULL,'Francia',NULL,3,72);
INSERT INTO `country_description` (`DESCRIPTION_ID`, `DATE_CREATED`, `DATE_MODIFIED`, `UPDT_ID`, `DESCRIPTION`, `NAME`, `TITLE`, `LANGUAGE_ID`, `COUNTRY_ID`) VALUES (217,'2022-05-02 12:47:41','2022-05-02 12:47:41',NULL,NULL,'French Guiana',NULL,1,73);
INSERT INTO `country_description` (`DESCRIPTION_ID`, `DATE_CREATED`, `DATE_MODIFIED`, `UPDT_ID`, `DESCRIPTION`, `NAME`, `TITLE`, `LANGUAGE_ID`, `COUNTRY_ID`) VALUES (218,'2022-05-02 12:47:41','2022-05-02 12:47:41',NULL,NULL,'Guyane française',NULL,2,73);
INSERT INTO `country_description` (`DESCRIPTION_ID`, `DATE_CREATED`, `DATE_MODIFIED`, `UPDT_ID`, `DESCRIPTION`, `NAME`, `TITLE`, `LANGUAGE_ID`, `COUNTRY_ID`) VALUES (219,'2022-05-02 12:47:41','2022-05-02 12:47:41',NULL,NULL,'Guayana Francesa',NULL,3,73);
INSERT INTO `country_description` (`DESCRIPTION_ID`, `DATE_CREATED`, `DATE_MODIFIED`, `UPDT_ID`, `DESCRIPTION`, `NAME`, `TITLE`, `LANGUAGE_ID`, `COUNTRY_ID`) VALUES (220,'2022-05-02 12:47:41','2022-05-02 12:47:41',NULL,NULL,'French Polynesia',NULL,1,74);
INSERT INTO `country_description` (`DESCRIPTION_ID`, `DATE_CREATED`, `DATE_MODIFIED`, `UPDT_ID`, `DESCRIPTION`, `NAME`, `TITLE`, `LANGUAGE_ID`, `COUNTRY_ID`) VALUES (221,'2022-05-02 12:47:41','2022-05-02 12:47:41',NULL,NULL,'Polynésie française',NULL,2,74);
INSERT INTO `country_description` (`DESCRIPTION_ID`, `DATE_CREATED`, `DATE_MODIFIED`, `UPDT_ID`, `DESCRIPTION`, `NAME`, `TITLE`, `LANGUAGE_ID`, `COUNTRY_ID`) VALUES (222,'2022-05-02 12:47:41','2022-05-02 12:47:41',NULL,NULL,'Polinesia Francesa',NULL,3,74);
INSERT INTO `country_description` (`DESCRIPTION_ID`, `DATE_CREATED`, `DATE_MODIFIED`, `UPDT_ID`, `DESCRIPTION`, `NAME`, `TITLE`, `LANGUAGE_ID`, `COUNTRY_ID`) VALUES (223,'2022-05-02 12:47:41','2022-05-02 12:47:41',NULL,NULL,'Gabon',NULL,1,75);
INSERT INTO `country_description` (`DESCRIPTION_ID`, `DATE_CREATED`, `DATE_MODIFIED`, `UPDT_ID`, `DESCRIPTION`, `NAME`, `TITLE`, `LANGUAGE_ID`, `COUNTRY_ID`) VALUES (224,'2022-05-02 12:47:41','2022-05-02 12:47:41',NULL,NULL,'Gabon',NULL,2,75);
INSERT INTO `country_description` (`DESCRIPTION_ID`, `DATE_CREATED`, `DATE_MODIFIED`, `UPDT_ID`, `DESCRIPTION`, `NAME`, `TITLE`, `LANGUAGE_ID`, `COUNTRY_ID`) VALUES (225,'2022-05-02 12:47:41','2022-05-02 12:47:41',NULL,NULL,'Gabón',NULL,3,75);
INSERT INTO `country_description` (`DESCRIPTION_ID`, `DATE_CREATED`, `DATE_MODIFIED`, `UPDT_ID`, `DESCRIPTION`, `NAME`, `TITLE`, `LANGUAGE_ID`, `COUNTRY_ID`) VALUES (226,'2022-05-02 12:47:41','2022-05-02 12:47:41',NULL,NULL,'Gambia',NULL,1,76);
INSERT INTO `country_description` (`DESCRIPTION_ID`, `DATE_CREATED`, `DATE_MODIFIED`, `UPDT_ID`, `DESCRIPTION`, `NAME`, `TITLE`, `LANGUAGE_ID`, `COUNTRY_ID`) VALUES (227,'2022-05-02 12:47:41','2022-05-02 12:47:41',NULL,NULL,'Gambie',NULL,2,76);
INSERT INTO `country_description` (`DESCRIPTION_ID`, `DATE_CREATED`, `DATE_MODIFIED`, `UPDT_ID`, `DESCRIPTION`, `NAME`, `TITLE`, `LANGUAGE_ID`, `COUNTRY_ID`) VALUES (228,'2022-05-02 12:47:41','2022-05-02 12:47:41',NULL,NULL,'Gambia',NULL,3,76);
INSERT INTO `country_description` (`DESCRIPTION_ID`, `DATE_CREATED`, `DATE_MODIFIED`, `UPDT_ID`, `DESCRIPTION`, `NAME`, `TITLE`, `LANGUAGE_ID`, `COUNTRY_ID`) VALUES (229,'2022-05-02 12:47:41','2022-05-02 12:47:41',NULL,NULL,'Georgia',NULL,1,77);
INSERT INTO `country_description` (`DESCRIPTION_ID`, `DATE_CREATED`, `DATE_MODIFIED`, `UPDT_ID`, `DESCRIPTION`, `NAME`, `TITLE`, `LANGUAGE_ID`, `COUNTRY_ID`) VALUES (230,'2022-05-02 12:47:41','2022-05-02 12:47:41',NULL,NULL,'Géorgie',NULL,2,77);
INSERT INTO `country_description` (`DESCRIPTION_ID`, `DATE_CREATED`, `DATE_MODIFIED`, `UPDT_ID`, `DESCRIPTION`, `NAME`, `TITLE`, `LANGUAGE_ID`, `COUNTRY_ID`) VALUES (231,'2022-05-02 12:47:41','2022-05-02 12:47:41',NULL,NULL,'Georgia',NULL,3,77);
INSERT INTO `country_description` (`DESCRIPTION_ID`, `DATE_CREATED`, `DATE_MODIFIED`, `UPDT_ID`, `DESCRIPTION`, `NAME`, `TITLE`, `LANGUAGE_ID`, `COUNTRY_ID`) VALUES (232,'2022-05-02 12:47:41','2022-05-02 12:47:41',NULL,NULL,'Germany',NULL,1,78);
INSERT INTO `country_description` (`DESCRIPTION_ID`, `DATE_CREATED`, `DATE_MODIFIED`, `UPDT_ID`, `DESCRIPTION`, `NAME`, `TITLE`, `LANGUAGE_ID`, `COUNTRY_ID`) VALUES (233,'2022-05-02 12:47:41','2022-05-02 12:47:41',NULL,NULL,'Allemagne',NULL,2,78);
INSERT INTO `country_description` (`DESCRIPTION_ID`, `DATE_CREATED`, `DATE_MODIFIED`, `UPDT_ID`, `DESCRIPTION`, `NAME`, `TITLE`, `LANGUAGE_ID`, `COUNTRY_ID`) VALUES (234,'2022-05-02 12:47:41','2022-05-02 12:47:41',NULL,NULL,'Alemania',NULL,3,78);
INSERT INTO `country_description` (`DESCRIPTION_ID`, `DATE_CREATED`, `DATE_MODIFIED`, `UPDT_ID`, `DESCRIPTION`, `NAME`, `TITLE`, `LANGUAGE_ID`, `COUNTRY_ID`) VALUES (235,'2022-05-02 12:47:41','2022-05-02 12:47:41',NULL,NULL,'Ghana',NULL,1,79);
INSERT INTO `country_description` (`DESCRIPTION_ID`, `DATE_CREATED`, `DATE_MODIFIED`, `UPDT_ID`, `DESCRIPTION`, `NAME`, `TITLE`, `LANGUAGE_ID`, `COUNTRY_ID`) VALUES (236,'2022-05-02 12:47:41','2022-05-02 12:47:41',NULL,NULL,'Ghana',NULL,2,79);
INSERT INTO `country_description` (`DESCRIPTION_ID`, `DATE_CREATED`, `DATE_MODIFIED`, `UPDT_ID`, `DESCRIPTION`, `NAME`, `TITLE`, `LANGUAGE_ID`, `COUNTRY_ID`) VALUES (237,'2022-05-02 12:47:41','2022-05-02 12:47:41',NULL,NULL,'Ghana',NULL,3,79);
INSERT INTO `country_description` (`DESCRIPTION_ID`, `DATE_CREATED`, `DATE_MODIFIED`, `UPDT_ID`, `DESCRIPTION`, `NAME`, `TITLE`, `LANGUAGE_ID`, `COUNTRY_ID`) VALUES (238,'2022-05-02 12:47:41','2022-05-02 12:47:41',NULL,NULL,'Gibraltar',NULL,1,80);
INSERT INTO `country_description` (`DESCRIPTION_ID`, `DATE_CREATED`, `DATE_MODIFIED`, `UPDT_ID`, `DESCRIPTION`, `NAME`, `TITLE`, `LANGUAGE_ID`, `COUNTRY_ID`) VALUES (239,'2022-05-02 12:47:41','2022-05-02 12:47:41',NULL,NULL,'Gibraltar',NULL,2,80);
INSERT INTO `country_description` (`DESCRIPTION_ID`, `DATE_CREATED`, `DATE_MODIFIED`, `UPDT_ID`, `DESCRIPTION`, `NAME`, `TITLE`, `LANGUAGE_ID`, `COUNTRY_ID`) VALUES (240,'2022-05-02 12:47:41','2022-05-02 12:47:41',NULL,NULL,'Gibraltar',NULL,3,80);
INSERT INTO `country_description` (`DESCRIPTION_ID`, `DATE_CREATED`, `DATE_MODIFIED`, `UPDT_ID`, `DESCRIPTION`, `NAME`, `TITLE`, `LANGUAGE_ID`, `COUNTRY_ID`) VALUES (241,'2022-05-02 12:47:41','2022-05-02 12:47:41',NULL,NULL,'Greece',NULL,1,81);
INSERT INTO `country_description` (`DESCRIPTION_ID`, `DATE_CREATED`, `DATE_MODIFIED`, `UPDT_ID`, `DESCRIPTION`, `NAME`, `TITLE`, `LANGUAGE_ID`, `COUNTRY_ID`) VALUES (242,'2022-05-02 12:47:41','2022-05-02 12:47:41',NULL,NULL,'Grèce',NULL,2,81);
INSERT INTO `country_description` (`DESCRIPTION_ID`, `DATE_CREATED`, `DATE_MODIFIED`, `UPDT_ID`, `DESCRIPTION`, `NAME`, `TITLE`, `LANGUAGE_ID`, `COUNTRY_ID`) VALUES (243,'2022-05-02 12:47:41','2022-05-02 12:47:41',NULL,NULL,'Grecia',NULL,3,81);
INSERT INTO `country_description` (`DESCRIPTION_ID`, `DATE_CREATED`, `DATE_MODIFIED`, `UPDT_ID`, `DESCRIPTION`, `NAME`, `TITLE`, `LANGUAGE_ID`, `COUNTRY_ID`) VALUES (244,'2022-05-02 12:47:41','2022-05-02 12:47:41',NULL,NULL,'Greenland',NULL,1,82);
INSERT INTO `country_description` (`DESCRIPTION_ID`, `DATE_CREATED`, `DATE_MODIFIED`, `UPDT_ID`, `DESCRIPTION`, `NAME`, `TITLE`, `LANGUAGE_ID`, `COUNTRY_ID`) VALUES (245,'2022-05-02 12:47:41','2022-05-02 12:47:41',NULL,NULL,'Groenland',NULL,2,82);
INSERT INTO `country_description` (`DESCRIPTION_ID`, `DATE_CREATED`, `DATE_MODIFIED`, `UPDT_ID`, `DESCRIPTION`, `NAME`, `TITLE`, `LANGUAGE_ID`, `COUNTRY_ID`) VALUES (246,'2022-05-02 12:47:41','2022-05-02 12:47:41',NULL,NULL,'Groenlandia',NULL,3,82);
INSERT INTO `country_description` (`DESCRIPTION_ID`, `DATE_CREATED`, `DATE_MODIFIED`, `UPDT_ID`, `DESCRIPTION`, `NAME`, `TITLE`, `LANGUAGE_ID`, `COUNTRY_ID`) VALUES (247,'2022-05-02 12:47:41','2022-05-02 12:47:41',NULL,NULL,'Grenada',NULL,1,83);
INSERT INTO `country_description` (`DESCRIPTION_ID`, `DATE_CREATED`, `DATE_MODIFIED`, `UPDT_ID`, `DESCRIPTION`, `NAME`, `TITLE`, `LANGUAGE_ID`, `COUNTRY_ID`) VALUES (248,'2022-05-02 12:47:41','2022-05-02 12:47:41',NULL,NULL,'Grenade',NULL,2,83);
INSERT INTO `country_description` (`DESCRIPTION_ID`, `DATE_CREATED`, `DATE_MODIFIED`, `UPDT_ID`, `DESCRIPTION`, `NAME`, `TITLE`, `LANGUAGE_ID`, `COUNTRY_ID`) VALUES (249,'2022-05-02 12:47:41','2022-05-02 12:47:41',NULL,NULL,'Granada',NULL,3,83);
INSERT INTO `country_description` (`DESCRIPTION_ID`, `DATE_CREATED`, `DATE_MODIFIED`, `UPDT_ID`, `DESCRIPTION`, `NAME`, `TITLE`, `LANGUAGE_ID`, `COUNTRY_ID`) VALUES (250,'2022-05-02 12:47:41','2022-05-02 12:47:41',NULL,NULL,'Guadeloupe',NULL,1,84);
INSERT INTO `country_description` (`DESCRIPTION_ID`, `DATE_CREATED`, `DATE_MODIFIED`, `UPDT_ID`, `DESCRIPTION`, `NAME`, `TITLE`, `LANGUAGE_ID`, `COUNTRY_ID`) VALUES (251,'2022-05-02 12:47:41','2022-05-02 12:47:41',NULL,NULL,'Guadeloupe',NULL,2,84);
INSERT INTO `country_description` (`DESCRIPTION_ID`, `DATE_CREATED`, `DATE_MODIFIED`, `UPDT_ID`, `DESCRIPTION`, `NAME`, `TITLE`, `LANGUAGE_ID`, `COUNTRY_ID`) VALUES (252,'2022-05-02 12:47:42','2022-05-02 12:47:42',NULL,NULL,'Guadalupe',NULL,3,84);
INSERT INTO `country_description` (`DESCRIPTION_ID`, `DATE_CREATED`, `DATE_MODIFIED`, `UPDT_ID`, `DESCRIPTION`, `NAME`, `TITLE`, `LANGUAGE_ID`, `COUNTRY_ID`) VALUES (253,'2022-05-02 12:47:42','2022-05-02 12:47:42',NULL,NULL,'Guam',NULL,1,85);
INSERT INTO `country_description` (`DESCRIPTION_ID`, `DATE_CREATED`, `DATE_MODIFIED`, `UPDT_ID`, `DESCRIPTION`, `NAME`, `TITLE`, `LANGUAGE_ID`, `COUNTRY_ID`) VALUES (254,'2022-05-02 12:47:42','2022-05-02 12:47:42',NULL,NULL,'Guam',NULL,2,85);
INSERT INTO `country_description` (`DESCRIPTION_ID`, `DATE_CREATED`, `DATE_MODIFIED`, `UPDT_ID`, `DESCRIPTION`, `NAME`, `TITLE`, `LANGUAGE_ID`, `COUNTRY_ID`) VALUES (255,'2022-05-02 12:47:42','2022-05-02 12:47:42',NULL,NULL,'Guam',NULL,3,85);
INSERT INTO `country_description` (`DESCRIPTION_ID`, `DATE_CREATED`, `DATE_MODIFIED`, `UPDT_ID`, `DESCRIPTION`, `NAME`, `TITLE`, `LANGUAGE_ID`, `COUNTRY_ID`) VALUES (256,'2022-05-02 12:47:42','2022-05-02 12:47:42',NULL,NULL,'Guatemala',NULL,1,86);
INSERT INTO `country_description` (`DESCRIPTION_ID`, `DATE_CREATED`, `DATE_MODIFIED`, `UPDT_ID`, `DESCRIPTION`, `NAME`, `TITLE`, `LANGUAGE_ID`, `COUNTRY_ID`) VALUES (257,'2022-05-02 12:47:42','2022-05-02 12:47:42',NULL,NULL,'Guatemala',NULL,2,86);
INSERT INTO `country_description` (`DESCRIPTION_ID`, `DATE_CREATED`, `DATE_MODIFIED`, `UPDT_ID`, `DESCRIPTION`, `NAME`, `TITLE`, `LANGUAGE_ID`, `COUNTRY_ID`) VALUES (258,'2022-05-02 12:47:42','2022-05-02 12:47:42',NULL,NULL,'Guatemala',NULL,3,86);
INSERT INTO `country_description` (`DESCRIPTION_ID`, `DATE_CREATED`, `DATE_MODIFIED`, `UPDT_ID`, `DESCRIPTION`, `NAME`, `TITLE`, `LANGUAGE_ID`, `COUNTRY_ID`) VALUES (259,'2022-05-02 12:47:42','2022-05-02 12:47:42',NULL,NULL,'Guernsey',NULL,1,87);
INSERT INTO `country_description` (`DESCRIPTION_ID`, `DATE_CREATED`, `DATE_MODIFIED`, `UPDT_ID`, `DESCRIPTION`, `NAME`, `TITLE`, `LANGUAGE_ID`, `COUNTRY_ID`) VALUES (260,'2022-05-02 12:47:42','2022-05-02 12:47:42',NULL,NULL,'Guernesey',NULL,2,87);
INSERT INTO `country_description` (`DESCRIPTION_ID`, `DATE_CREATED`, `DATE_MODIFIED`, `UPDT_ID`, `DESCRIPTION`, `NAME`, `TITLE`, `LANGUAGE_ID`, `COUNTRY_ID`) VALUES (261,'2022-05-02 12:47:42','2022-05-02 12:47:42',NULL,NULL,'Guernsey',NULL,3,87);
INSERT INTO `country_description` (`DESCRIPTION_ID`, `DATE_CREATED`, `DATE_MODIFIED`, `UPDT_ID`, `DESCRIPTION`, `NAME`, `TITLE`, `LANGUAGE_ID`, `COUNTRY_ID`) VALUES (262,'2022-05-02 12:47:42','2022-05-02 12:47:42',NULL,NULL,'Guinea',NULL,1,88);
INSERT INTO `country_description` (`DESCRIPTION_ID`, `DATE_CREATED`, `DATE_MODIFIED`, `UPDT_ID`, `DESCRIPTION`, `NAME`, `TITLE`, `LANGUAGE_ID`, `COUNTRY_ID`) VALUES (263,'2022-05-02 12:47:42','2022-05-02 12:47:42',NULL,NULL,'Guinée',NULL,2,88);
INSERT INTO `country_description` (`DESCRIPTION_ID`, `DATE_CREATED`, `DATE_MODIFIED`, `UPDT_ID`, `DESCRIPTION`, `NAME`, `TITLE`, `LANGUAGE_ID`, `COUNTRY_ID`) VALUES (264,'2022-05-02 12:47:42','2022-05-02 12:47:42',NULL,NULL,'Guinea',NULL,3,88);
INSERT INTO `country_description` (`DESCRIPTION_ID`, `DATE_CREATED`, `DATE_MODIFIED`, `UPDT_ID`, `DESCRIPTION`, `NAME`, `TITLE`, `LANGUAGE_ID`, `COUNTRY_ID`) VALUES (265,'2022-05-02 12:47:42','2022-05-02 12:47:42',NULL,NULL,'Guinea-Bissau',NULL,1,89);
INSERT INTO `country_description` (`DESCRIPTION_ID`, `DATE_CREATED`, `DATE_MODIFIED`, `UPDT_ID`, `DESCRIPTION`, `NAME`, `TITLE`, `LANGUAGE_ID`, `COUNTRY_ID`) VALUES (266,'2022-05-02 12:47:42','2022-05-02 12:47:42',NULL,NULL,'Guinée-Bissau',NULL,2,89);
INSERT INTO `country_description` (`DESCRIPTION_ID`, `DATE_CREATED`, `DATE_MODIFIED`, `UPDT_ID`, `DESCRIPTION`, `NAME`, `TITLE`, `LANGUAGE_ID`, `COUNTRY_ID`) VALUES (267,'2022-05-02 12:47:42','2022-05-02 12:47:42',NULL,NULL,'Guinea-Bisáu',NULL,3,89);
INSERT INTO `country_description` (`DESCRIPTION_ID`, `DATE_CREATED`, `DATE_MODIFIED`, `UPDT_ID`, `DESCRIPTION`, `NAME`, `TITLE`, `LANGUAGE_ID`, `COUNTRY_ID`) VALUES (268,'2022-05-02 12:47:42','2022-05-02 12:47:42',NULL,NULL,'Guyana',NULL,1,90);
INSERT INTO `country_description` (`DESCRIPTION_ID`, `DATE_CREATED`, `DATE_MODIFIED`, `UPDT_ID`, `DESCRIPTION`, `NAME`, `TITLE`, `LANGUAGE_ID`, `COUNTRY_ID`) VALUES (269,'2022-05-02 12:47:42','2022-05-02 12:47:42',NULL,NULL,'Guyana',NULL,2,90);
INSERT INTO `country_description` (`DESCRIPTION_ID`, `DATE_CREATED`, `DATE_MODIFIED`, `UPDT_ID`, `DESCRIPTION`, `NAME`, `TITLE`, `LANGUAGE_ID`, `COUNTRY_ID`) VALUES (270,'2022-05-02 12:47:42','2022-05-02 12:47:42',NULL,NULL,'Guyana',NULL,3,90);
INSERT INTO `country_description` (`DESCRIPTION_ID`, `DATE_CREATED`, `DATE_MODIFIED`, `UPDT_ID`, `DESCRIPTION`, `NAME`, `TITLE`, `LANGUAGE_ID`, `COUNTRY_ID`) VALUES (271,'2022-05-02 12:47:42','2022-05-02 12:47:42',NULL,NULL,'Haiti',NULL,1,91);
INSERT INTO `country_description` (`DESCRIPTION_ID`, `DATE_CREATED`, `DATE_MODIFIED`, `UPDT_ID`, `DESCRIPTION`, `NAME`, `TITLE`, `LANGUAGE_ID`, `COUNTRY_ID`) VALUES (272,'2022-05-02 12:47:42','2022-05-02 12:47:42',NULL,NULL,'Haïti',NULL,2,91);
INSERT INTO `country_description` (`DESCRIPTION_ID`, `DATE_CREATED`, `DATE_MODIFIED`, `UPDT_ID`, `DESCRIPTION`, `NAME`, `TITLE`, `LANGUAGE_ID`, `COUNTRY_ID`) VALUES (273,'2022-05-02 12:47:42','2022-05-02 12:47:42',NULL,NULL,'Haití',NULL,3,91);
INSERT INTO `country_description` (`DESCRIPTION_ID`, `DATE_CREATED`, `DATE_MODIFIED`, `UPDT_ID`, `DESCRIPTION`, `NAME`, `TITLE`, `LANGUAGE_ID`, `COUNTRY_ID`) VALUES (274,'2022-05-02 12:47:42','2022-05-02 12:47:42',NULL,NULL,'Vatican City',NULL,1,92);
INSERT INTO `country_description` (`DESCRIPTION_ID`, `DATE_CREATED`, `DATE_MODIFIED`, `UPDT_ID`, `DESCRIPTION`, `NAME`, `TITLE`, `LANGUAGE_ID`, `COUNTRY_ID`) VALUES (275,'2022-05-02 12:47:42','2022-05-02 12:47:42',NULL,NULL,'État de la Cité du Vatican',NULL,2,92);
INSERT INTO `country_description` (`DESCRIPTION_ID`, `DATE_CREATED`, `DATE_MODIFIED`, `UPDT_ID`, `DESCRIPTION`, `NAME`, `TITLE`, `LANGUAGE_ID`, `COUNTRY_ID`) VALUES (276,'2022-05-02 12:47:42','2022-05-02 12:47:42',NULL,NULL,'Ciudad del Vaticano',NULL,3,92);
INSERT INTO `country_description` (`DESCRIPTION_ID`, `DATE_CREATED`, `DATE_MODIFIED`, `UPDT_ID`, `DESCRIPTION`, `NAME`, `TITLE`, `LANGUAGE_ID`, `COUNTRY_ID`) VALUES (277,'2022-05-02 12:47:42','2022-05-02 12:47:42',NULL,NULL,'Honduras',NULL,1,93);
INSERT INTO `country_description` (`DESCRIPTION_ID`, `DATE_CREATED`, `DATE_MODIFIED`, `UPDT_ID`, `DESCRIPTION`, `NAME`, `TITLE`, `LANGUAGE_ID`, `COUNTRY_ID`) VALUES (278,'2022-05-02 12:47:42','2022-05-02 12:47:42',NULL,NULL,'Honduras',NULL,2,93);
INSERT INTO `country_description` (`DESCRIPTION_ID`, `DATE_CREATED`, `DATE_MODIFIED`, `UPDT_ID`, `DESCRIPTION`, `NAME`, `TITLE`, `LANGUAGE_ID`, `COUNTRY_ID`) VALUES (279,'2022-05-02 12:47:42','2022-05-02 12:47:42',NULL,NULL,'Honduras',NULL,3,93);
INSERT INTO `country_description` (`DESCRIPTION_ID`, `DATE_CREATED`, `DATE_MODIFIED`, `UPDT_ID`, `DESCRIPTION`, `NAME`, `TITLE`, `LANGUAGE_ID`, `COUNTRY_ID`) VALUES (280,'2022-05-02 12:47:42','2022-05-02 12:47:42',NULL,NULL,'Hong Kong SAR China',NULL,1,94);
INSERT INTO `country_description` (`DESCRIPTION_ID`, `DATE_CREATED`, `DATE_MODIFIED`, `UPDT_ID`, `DESCRIPTION`, `NAME`, `TITLE`, `LANGUAGE_ID`, `COUNTRY_ID`) VALUES (281,'2022-05-02 12:47:42','2022-05-02 12:47:42',NULL,NULL,'R.A.S. chinoise de Hong Kong',NULL,2,94);
INSERT INTO `country_description` (`DESCRIPTION_ID`, `DATE_CREATED`, `DATE_MODIFIED`, `UPDT_ID`, `DESCRIPTION`, `NAME`, `TITLE`, `LANGUAGE_ID`, `COUNTRY_ID`) VALUES (282,'2022-05-02 12:47:42','2022-05-02 12:47:42',NULL,NULL,'RAE de Hong Kong (China)',NULL,3,94);
INSERT INTO `country_description` (`DESCRIPTION_ID`, `DATE_CREATED`, `DATE_MODIFIED`, `UPDT_ID`, `DESCRIPTION`, `NAME`, `TITLE`, `LANGUAGE_ID`, `COUNTRY_ID`) VALUES (283,'2022-05-02 12:47:42','2022-05-02 12:47:42',NULL,NULL,'Hungary',NULL,1,95);
INSERT INTO `country_description` (`DESCRIPTION_ID`, `DATE_CREATED`, `DATE_MODIFIED`, `UPDT_ID`, `DESCRIPTION`, `NAME`, `TITLE`, `LANGUAGE_ID`, `COUNTRY_ID`) VALUES (284,'2022-05-02 12:47:42','2022-05-02 12:47:42',NULL,NULL,'Hongrie',NULL,2,95);
INSERT INTO `country_description` (`DESCRIPTION_ID`, `DATE_CREATED`, `DATE_MODIFIED`, `UPDT_ID`, `DESCRIPTION`, `NAME`, `TITLE`, `LANGUAGE_ID`, `COUNTRY_ID`) VALUES (285,'2022-05-02 12:47:42','2022-05-02 12:47:42',NULL,NULL,'Hungría',NULL,3,95);
INSERT INTO `country_description` (`DESCRIPTION_ID`, `DATE_CREATED`, `DATE_MODIFIED`, `UPDT_ID`, `DESCRIPTION`, `NAME`, `TITLE`, `LANGUAGE_ID`, `COUNTRY_ID`) VALUES (286,'2022-05-02 12:47:42','2022-05-02 12:47:42',NULL,NULL,'Iceland',NULL,1,96);
INSERT INTO `country_description` (`DESCRIPTION_ID`, `DATE_CREATED`, `DATE_MODIFIED`, `UPDT_ID`, `DESCRIPTION`, `NAME`, `TITLE`, `LANGUAGE_ID`, `COUNTRY_ID`) VALUES (287,'2022-05-02 12:47:42','2022-05-02 12:47:42',NULL,NULL,'Islande',NULL,2,96);
INSERT INTO `country_description` (`DESCRIPTION_ID`, `DATE_CREATED`, `DATE_MODIFIED`, `UPDT_ID`, `DESCRIPTION`, `NAME`, `TITLE`, `LANGUAGE_ID`, `COUNTRY_ID`) VALUES (288,'2022-05-02 12:47:42','2022-05-02 12:47:42',NULL,NULL,'Islandia',NULL,3,96);
INSERT INTO `country_description` (`DESCRIPTION_ID`, `DATE_CREATED`, `DATE_MODIFIED`, `UPDT_ID`, `DESCRIPTION`, `NAME`, `TITLE`, `LANGUAGE_ID`, `COUNTRY_ID`) VALUES (289,'2022-05-02 12:47:42','2022-05-02 12:47:42',NULL,NULL,'India',NULL,1,97);
INSERT INTO `country_description` (`DESCRIPTION_ID`, `DATE_CREATED`, `DATE_MODIFIED`, `UPDT_ID`, `DESCRIPTION`, `NAME`, `TITLE`, `LANGUAGE_ID`, `COUNTRY_ID`) VALUES (290,'2022-05-02 12:47:42','2022-05-02 12:47:42',NULL,NULL,'Inde',NULL,2,97);
INSERT INTO `country_description` (`DESCRIPTION_ID`, `DATE_CREATED`, `DATE_MODIFIED`, `UPDT_ID`, `DESCRIPTION`, `NAME`, `TITLE`, `LANGUAGE_ID`, `COUNTRY_ID`) VALUES (291,'2022-05-02 12:47:42','2022-05-02 12:47:42',NULL,NULL,'India',NULL,3,97);
INSERT INTO `country_description` (`DESCRIPTION_ID`, `DATE_CREATED`, `DATE_MODIFIED`, `UPDT_ID`, `DESCRIPTION`, `NAME`, `TITLE`, `LANGUAGE_ID`, `COUNTRY_ID`) VALUES (292,'2022-05-02 12:47:42','2022-05-02 12:47:42',NULL,NULL,'Indonesia',NULL,1,98);
INSERT INTO `country_description` (`DESCRIPTION_ID`, `DATE_CREATED`, `DATE_MODIFIED`, `UPDT_ID`, `DESCRIPTION`, `NAME`, `TITLE`, `LANGUAGE_ID`, `COUNTRY_ID`) VALUES (293,'2022-05-02 12:47:42','2022-05-02 12:47:42',NULL,NULL,'Indonésie',NULL,2,98);
INSERT INTO `country_description` (`DESCRIPTION_ID`, `DATE_CREATED`, `DATE_MODIFIED`, `UPDT_ID`, `DESCRIPTION`, `NAME`, `TITLE`, `LANGUAGE_ID`, `COUNTRY_ID`) VALUES (294,'2022-05-02 12:47:42','2022-05-02 12:47:42',NULL,NULL,'Indonesia',NULL,3,98);
INSERT INTO `country_description` (`DESCRIPTION_ID`, `DATE_CREATED`, `DATE_MODIFIED`, `UPDT_ID`, `DESCRIPTION`, `NAME`, `TITLE`, `LANGUAGE_ID`, `COUNTRY_ID`) VALUES (295,'2022-05-02 12:47:42','2022-05-02 12:47:42',NULL,NULL,'Iran',NULL,1,99);
INSERT INTO `country_description` (`DESCRIPTION_ID`, `DATE_CREATED`, `DATE_MODIFIED`, `UPDT_ID`, `DESCRIPTION`, `NAME`, `TITLE`, `LANGUAGE_ID`, `COUNTRY_ID`) VALUES (296,'2022-05-02 12:47:42','2022-05-02 12:47:42',NULL,NULL,'Iran',NULL,2,99);
INSERT INTO `country_description` (`DESCRIPTION_ID`, `DATE_CREATED`, `DATE_MODIFIED`, `UPDT_ID`, `DESCRIPTION`, `NAME`, `TITLE`, `LANGUAGE_ID`, `COUNTRY_ID`) VALUES (297,'2022-05-02 12:47:42','2022-05-02 12:47:42',NULL,NULL,'Irán',NULL,3,99);
INSERT INTO `country_description` (`DESCRIPTION_ID`, `DATE_CREATED`, `DATE_MODIFIED`, `UPDT_ID`, `DESCRIPTION`, `NAME`, `TITLE`, `LANGUAGE_ID`, `COUNTRY_ID`) VALUES (298,'2022-05-02 12:47:42','2022-05-02 12:47:42',NULL,NULL,'Iraq',NULL,1,100);
INSERT INTO `country_description` (`DESCRIPTION_ID`, `DATE_CREATED`, `DATE_MODIFIED`, `UPDT_ID`, `DESCRIPTION`, `NAME`, `TITLE`, `LANGUAGE_ID`, `COUNTRY_ID`) VALUES (299,'2022-05-02 12:47:42','2022-05-02 12:47:42',NULL,NULL,'Irak',NULL,2,100);
INSERT INTO `country_description` (`DESCRIPTION_ID`, `DATE_CREATED`, `DATE_MODIFIED`, `UPDT_ID`, `DESCRIPTION`, `NAME`, `TITLE`, `LANGUAGE_ID`, `COUNTRY_ID`) VALUES (300,'2022-05-02 12:47:43','2022-05-02 12:47:43',NULL,NULL,'Irak',NULL,3,100);
INSERT INTO `country_description` (`DESCRIPTION_ID`, `DATE_CREATED`, `DATE_MODIFIED`, `UPDT_ID`, `DESCRIPTION`, `NAME`, `TITLE`, `LANGUAGE_ID`, `COUNTRY_ID`) VALUES (301,'2022-05-02 12:47:43','2022-05-02 12:47:43',NULL,NULL,'Ireland',NULL,1,101);
INSERT INTO `country_description` (`DESCRIPTION_ID`, `DATE_CREATED`, `DATE_MODIFIED`, `UPDT_ID`, `DESCRIPTION`, `NAME`, `TITLE`, `LANGUAGE_ID`, `COUNTRY_ID`) VALUES (302,'2022-05-02 12:47:43','2022-05-02 12:47:43',NULL,NULL,'Irlande',NULL,2,101);
INSERT INTO `country_description` (`DESCRIPTION_ID`, `DATE_CREATED`, `DATE_MODIFIED`, `UPDT_ID`, `DESCRIPTION`, `NAME`, `TITLE`, `LANGUAGE_ID`, `COUNTRY_ID`) VALUES (303,'2022-05-02 12:47:43','2022-05-02 12:47:43',NULL,NULL,'Irlanda',NULL,3,101);
INSERT INTO `country_description` (`DESCRIPTION_ID`, `DATE_CREATED`, `DATE_MODIFIED`, `UPDT_ID`, `DESCRIPTION`, `NAME`, `TITLE`, `LANGUAGE_ID`, `COUNTRY_ID`) VALUES (304,'2022-05-02 12:47:43','2022-05-02 12:47:43',NULL,NULL,'Isle of Man',NULL,1,102);
INSERT INTO `country_description` (`DESCRIPTION_ID`, `DATE_CREATED`, `DATE_MODIFIED`, `UPDT_ID`, `DESCRIPTION`, `NAME`, `TITLE`, `LANGUAGE_ID`, `COUNTRY_ID`) VALUES (305,'2022-05-02 12:47:43','2022-05-02 12:47:43',NULL,NULL,'Île de Man',NULL,2,102);
INSERT INTO `country_description` (`DESCRIPTION_ID`, `DATE_CREATED`, `DATE_MODIFIED`, `UPDT_ID`, `DESCRIPTION`, `NAME`, `TITLE`, `LANGUAGE_ID`, `COUNTRY_ID`) VALUES (306,'2022-05-02 12:47:43','2022-05-02 12:47:43',NULL,NULL,'Isla de Man',NULL,3,102);
INSERT INTO `country_description` (`DESCRIPTION_ID`, `DATE_CREATED`, `DATE_MODIFIED`, `UPDT_ID`, `DESCRIPTION`, `NAME`, `TITLE`, `LANGUAGE_ID`, `COUNTRY_ID`) VALUES (307,'2022-05-02 12:47:43','2022-05-02 12:47:43',NULL,NULL,'Israel',NULL,1,103);
INSERT INTO `country_description` (`DESCRIPTION_ID`, `DATE_CREATED`, `DATE_MODIFIED`, `UPDT_ID`, `DESCRIPTION`, `NAME`, `TITLE`, `LANGUAGE_ID`, `COUNTRY_ID`) VALUES (308,'2022-05-02 12:47:43','2022-05-02 12:47:43',NULL,NULL,'Israël',NULL,2,103);
INSERT INTO `country_description` (`DESCRIPTION_ID`, `DATE_CREATED`, `DATE_MODIFIED`, `UPDT_ID`, `DESCRIPTION`, `NAME`, `TITLE`, `LANGUAGE_ID`, `COUNTRY_ID`) VALUES (309,'2022-05-02 12:47:43','2022-05-02 12:47:43',NULL,NULL,'Israel',NULL,3,103);
INSERT INTO `country_description` (`DESCRIPTION_ID`, `DATE_CREATED`, `DATE_MODIFIED`, `UPDT_ID`, `DESCRIPTION`, `NAME`, `TITLE`, `LANGUAGE_ID`, `COUNTRY_ID`) VALUES (310,'2022-05-02 12:47:43','2022-05-02 12:47:43',NULL,NULL,'Italy',NULL,1,104);
INSERT INTO `country_description` (`DESCRIPTION_ID`, `DATE_CREATED`, `DATE_MODIFIED`, `UPDT_ID`, `DESCRIPTION`, `NAME`, `TITLE`, `LANGUAGE_ID`, `COUNTRY_ID`) VALUES (311,'2022-05-02 12:47:43','2022-05-02 12:47:43',NULL,NULL,'Italie',NULL,2,104);
INSERT INTO `country_description` (`DESCRIPTION_ID`, `DATE_CREATED`, `DATE_MODIFIED`, `UPDT_ID`, `DESCRIPTION`, `NAME`, `TITLE`, `LANGUAGE_ID`, `COUNTRY_ID`) VALUES (312,'2022-05-02 12:47:43','2022-05-02 12:47:43',NULL,NULL,'Italia',NULL,3,104);
INSERT INTO `country_description` (`DESCRIPTION_ID`, `DATE_CREATED`, `DATE_MODIFIED`, `UPDT_ID`, `DESCRIPTION`, `NAME`, `TITLE`, `LANGUAGE_ID`, `COUNTRY_ID`) VALUES (313,'2022-05-02 12:47:43','2022-05-02 12:47:43',NULL,NULL,'Jamaica',NULL,1,105);
INSERT INTO `country_description` (`DESCRIPTION_ID`, `DATE_CREATED`, `DATE_MODIFIED`, `UPDT_ID`, `DESCRIPTION`, `NAME`, `TITLE`, `LANGUAGE_ID`, `COUNTRY_ID`) VALUES (314,'2022-05-02 12:47:43','2022-05-02 12:47:43',NULL,NULL,'Jamaïque',NULL,2,105);
INSERT INTO `country_description` (`DESCRIPTION_ID`, `DATE_CREATED`, `DATE_MODIFIED`, `UPDT_ID`, `DESCRIPTION`, `NAME`, `TITLE`, `LANGUAGE_ID`, `COUNTRY_ID`) VALUES (315,'2022-05-02 12:47:43','2022-05-02 12:47:43',NULL,NULL,'Jamaica',NULL,3,105);
INSERT INTO `country_description` (`DESCRIPTION_ID`, `DATE_CREATED`, `DATE_MODIFIED`, `UPDT_ID`, `DESCRIPTION`, `NAME`, `TITLE`, `LANGUAGE_ID`, `COUNTRY_ID`) VALUES (316,'2022-05-02 12:47:43','2022-05-02 12:47:43',NULL,NULL,'Japan',NULL,1,106);
INSERT INTO `country_description` (`DESCRIPTION_ID`, `DATE_CREATED`, `DATE_MODIFIED`, `UPDT_ID`, `DESCRIPTION`, `NAME`, `TITLE`, `LANGUAGE_ID`, `COUNTRY_ID`) VALUES (317,'2022-05-02 12:47:43','2022-05-02 12:47:43',NULL,NULL,'Japon',NULL,2,106);
INSERT INTO `country_description` (`DESCRIPTION_ID`, `DATE_CREATED`, `DATE_MODIFIED`, `UPDT_ID`, `DESCRIPTION`, `NAME`, `TITLE`, `LANGUAGE_ID`, `COUNTRY_ID`) VALUES (318,'2022-05-02 12:47:43','2022-05-02 12:47:43',NULL,NULL,'Japón',NULL,3,106);
INSERT INTO `country_description` (`DESCRIPTION_ID`, `DATE_CREATED`, `DATE_MODIFIED`, `UPDT_ID`, `DESCRIPTION`, `NAME`, `TITLE`, `LANGUAGE_ID`, `COUNTRY_ID`) VALUES (319,'2022-05-02 12:47:43','2022-05-02 12:47:43',NULL,NULL,'Jersey',NULL,1,107);
INSERT INTO `country_description` (`DESCRIPTION_ID`, `DATE_CREATED`, `DATE_MODIFIED`, `UPDT_ID`, `DESCRIPTION`, `NAME`, `TITLE`, `LANGUAGE_ID`, `COUNTRY_ID`) VALUES (320,'2022-05-02 12:47:43','2022-05-02 12:47:43',NULL,NULL,'Jersey',NULL,2,107);
INSERT INTO `country_description` (`DESCRIPTION_ID`, `DATE_CREATED`, `DATE_MODIFIED`, `UPDT_ID`, `DESCRIPTION`, `NAME`, `TITLE`, `LANGUAGE_ID`, `COUNTRY_ID`) VALUES (321,'2022-05-02 12:47:43','2022-05-02 12:47:43',NULL,NULL,'Jersey',NULL,3,107);
INSERT INTO `country_description` (`DESCRIPTION_ID`, `DATE_CREATED`, `DATE_MODIFIED`, `UPDT_ID`, `DESCRIPTION`, `NAME`, `TITLE`, `LANGUAGE_ID`, `COUNTRY_ID`) VALUES (322,'2022-05-02 12:47:43','2022-05-02 12:47:43',NULL,NULL,'Jordan',NULL,1,108);
INSERT INTO `country_description` (`DESCRIPTION_ID`, `DATE_CREATED`, `DATE_MODIFIED`, `UPDT_ID`, `DESCRIPTION`, `NAME`, `TITLE`, `LANGUAGE_ID`, `COUNTRY_ID`) VALUES (323,'2022-05-02 12:47:43','2022-05-02 12:47:43',NULL,NULL,'Jordanie',NULL,2,108);
INSERT INTO `country_description` (`DESCRIPTION_ID`, `DATE_CREATED`, `DATE_MODIFIED`, `UPDT_ID`, `DESCRIPTION`, `NAME`, `TITLE`, `LANGUAGE_ID`, `COUNTRY_ID`) VALUES (324,'2022-05-02 12:47:43','2022-05-02 12:47:43',NULL,NULL,'Jordania',NULL,3,108);
INSERT INTO `country_description` (`DESCRIPTION_ID`, `DATE_CREATED`, `DATE_MODIFIED`, `UPDT_ID`, `DESCRIPTION`, `NAME`, `TITLE`, `LANGUAGE_ID`, `COUNTRY_ID`) VALUES (325,'2022-05-02 12:47:43','2022-05-02 12:47:43',NULL,NULL,'Kazakhstan',NULL,1,109);
INSERT INTO `country_description` (`DESCRIPTION_ID`, `DATE_CREATED`, `DATE_MODIFIED`, `UPDT_ID`, `DESCRIPTION`, `NAME`, `TITLE`, `LANGUAGE_ID`, `COUNTRY_ID`) VALUES (326,'2022-05-02 12:47:43','2022-05-02 12:47:43',NULL,NULL,'Kazakhstan',NULL,2,109);
INSERT INTO `country_description` (`DESCRIPTION_ID`, `DATE_CREATED`, `DATE_MODIFIED`, `UPDT_ID`, `DESCRIPTION`, `NAME`, `TITLE`, `LANGUAGE_ID`, `COUNTRY_ID`) VALUES (327,'2022-05-02 12:47:43','2022-05-02 12:47:43',NULL,NULL,'Kazajistán',NULL,3,109);
INSERT INTO `country_description` (`DESCRIPTION_ID`, `DATE_CREATED`, `DATE_MODIFIED`, `UPDT_ID`, `DESCRIPTION`, `NAME`, `TITLE`, `LANGUAGE_ID`, `COUNTRY_ID`) VALUES (328,'2022-05-02 12:47:43','2022-05-02 12:47:43',NULL,NULL,'Kenya',NULL,1,110);
INSERT INTO `country_description` (`DESCRIPTION_ID`, `DATE_CREATED`, `DATE_MODIFIED`, `UPDT_ID`, `DESCRIPTION`, `NAME`, `TITLE`, `LANGUAGE_ID`, `COUNTRY_ID`) VALUES (329,'2022-05-02 12:47:43','2022-05-02 12:47:43',NULL,NULL,'Kenya',NULL,2,110);
INSERT INTO `country_description` (`DESCRIPTION_ID`, `DATE_CREATED`, `DATE_MODIFIED`, `UPDT_ID`, `DESCRIPTION`, `NAME`, `TITLE`, `LANGUAGE_ID`, `COUNTRY_ID`) VALUES (330,'2022-05-02 12:47:43','2022-05-02 12:47:43',NULL,NULL,'Kenia',NULL,3,110);
INSERT INTO `country_description` (`DESCRIPTION_ID`, `DATE_CREATED`, `DATE_MODIFIED`, `UPDT_ID`, `DESCRIPTION`, `NAME`, `TITLE`, `LANGUAGE_ID`, `COUNTRY_ID`) VALUES (331,'2022-05-02 12:47:43','2022-05-02 12:47:43',NULL,NULL,'Kiribati',NULL,1,111);
INSERT INTO `country_description` (`DESCRIPTION_ID`, `DATE_CREATED`, `DATE_MODIFIED`, `UPDT_ID`, `DESCRIPTION`, `NAME`, `TITLE`, `LANGUAGE_ID`, `COUNTRY_ID`) VALUES (332,'2022-05-02 12:47:43','2022-05-02 12:47:43',NULL,NULL,'Kiribati',NULL,2,111);
INSERT INTO `country_description` (`DESCRIPTION_ID`, `DATE_CREATED`, `DATE_MODIFIED`, `UPDT_ID`, `DESCRIPTION`, `NAME`, `TITLE`, `LANGUAGE_ID`, `COUNTRY_ID`) VALUES (333,'2022-05-02 12:47:43','2022-05-02 12:47:43',NULL,NULL,'Kiribati',NULL,3,111);
INSERT INTO `country_description` (`DESCRIPTION_ID`, `DATE_CREATED`, `DATE_MODIFIED`, `UPDT_ID`, `DESCRIPTION`, `NAME`, `TITLE`, `LANGUAGE_ID`, `COUNTRY_ID`) VALUES (334,'2022-05-02 12:47:43','2022-05-02 12:47:43',NULL,NULL,'North Korea',NULL,1,112);
INSERT INTO `country_description` (`DESCRIPTION_ID`, `DATE_CREATED`, `DATE_MODIFIED`, `UPDT_ID`, `DESCRIPTION`, `NAME`, `TITLE`, `LANGUAGE_ID`, `COUNTRY_ID`) VALUES (335,'2022-05-02 12:47:43','2022-05-02 12:47:43',NULL,NULL,'Corée du Nord',NULL,2,112);
INSERT INTO `country_description` (`DESCRIPTION_ID`, `DATE_CREATED`, `DATE_MODIFIED`, `UPDT_ID`, `DESCRIPTION`, `NAME`, `TITLE`, `LANGUAGE_ID`, `COUNTRY_ID`) VALUES (336,'2022-05-02 12:47:43','2022-05-02 12:47:43',NULL,NULL,'Corea del Norte',NULL,3,112);
INSERT INTO `country_description` (`DESCRIPTION_ID`, `DATE_CREATED`, `DATE_MODIFIED`, `UPDT_ID`, `DESCRIPTION`, `NAME`, `TITLE`, `LANGUAGE_ID`, `COUNTRY_ID`) VALUES (337,'2022-05-02 12:47:43','2022-05-02 12:47:43',NULL,NULL,'South Korea',NULL,1,113);
INSERT INTO `country_description` (`DESCRIPTION_ID`, `DATE_CREATED`, `DATE_MODIFIED`, `UPDT_ID`, `DESCRIPTION`, `NAME`, `TITLE`, `LANGUAGE_ID`, `COUNTRY_ID`) VALUES (338,'2022-05-02 12:47:43','2022-05-02 12:47:43',NULL,NULL,'Corée du Sud',NULL,2,113);
INSERT INTO `country_description` (`DESCRIPTION_ID`, `DATE_CREATED`, `DATE_MODIFIED`, `UPDT_ID`, `DESCRIPTION`, `NAME`, `TITLE`, `LANGUAGE_ID`, `COUNTRY_ID`) VALUES (339,'2022-05-02 12:47:43','2022-05-02 12:47:43',NULL,NULL,'Corea del Sur',NULL,3,113);
INSERT INTO `country_description` (`DESCRIPTION_ID`, `DATE_CREATED`, `DATE_MODIFIED`, `UPDT_ID`, `DESCRIPTION`, `NAME`, `TITLE`, `LANGUAGE_ID`, `COUNTRY_ID`) VALUES (340,'2022-05-02 12:47:43','2022-05-02 12:47:43',NULL,NULL,'Kuwait',NULL,1,114);
INSERT INTO `country_description` (`DESCRIPTION_ID`, `DATE_CREATED`, `DATE_MODIFIED`, `UPDT_ID`, `DESCRIPTION`, `NAME`, `TITLE`, `LANGUAGE_ID`, `COUNTRY_ID`) VALUES (341,'2022-05-02 12:47:43','2022-05-02 12:47:43',NULL,NULL,'Koweït',NULL,2,114);
INSERT INTO `country_description` (`DESCRIPTION_ID`, `DATE_CREATED`, `DATE_MODIFIED`, `UPDT_ID`, `DESCRIPTION`, `NAME`, `TITLE`, `LANGUAGE_ID`, `COUNTRY_ID`) VALUES (342,'2022-05-02 12:47:43','2022-05-02 12:47:43',NULL,NULL,'Kuwait',NULL,3,114);
INSERT INTO `country_description` (`DESCRIPTION_ID`, `DATE_CREATED`, `DATE_MODIFIED`, `UPDT_ID`, `DESCRIPTION`, `NAME`, `TITLE`, `LANGUAGE_ID`, `COUNTRY_ID`) VALUES (343,'2022-05-02 12:47:43','2022-05-02 12:47:43',NULL,NULL,'Kyrgyzstan',NULL,1,115);
INSERT INTO `country_description` (`DESCRIPTION_ID`, `DATE_CREATED`, `DATE_MODIFIED`, `UPDT_ID`, `DESCRIPTION`, `NAME`, `TITLE`, `LANGUAGE_ID`, `COUNTRY_ID`) VALUES (344,'2022-05-02 12:47:43','2022-05-02 12:47:43',NULL,NULL,'Kirghizistan',NULL,2,115);
INSERT INTO `country_description` (`DESCRIPTION_ID`, `DATE_CREATED`, `DATE_MODIFIED`, `UPDT_ID`, `DESCRIPTION`, `NAME`, `TITLE`, `LANGUAGE_ID`, `COUNTRY_ID`) VALUES (345,'2022-05-02 12:47:43','2022-05-02 12:47:43',NULL,NULL,'Kirguistán',NULL,3,115);
INSERT INTO `country_description` (`DESCRIPTION_ID`, `DATE_CREATED`, `DATE_MODIFIED`, `UPDT_ID`, `DESCRIPTION`, `NAME`, `TITLE`, `LANGUAGE_ID`, `COUNTRY_ID`) VALUES (346,'2022-05-02 12:47:43','2022-05-02 12:47:43',NULL,NULL,'Laos',NULL,1,116);
INSERT INTO `country_description` (`DESCRIPTION_ID`, `DATE_CREATED`, `DATE_MODIFIED`, `UPDT_ID`, `DESCRIPTION`, `NAME`, `TITLE`, `LANGUAGE_ID`, `COUNTRY_ID`) VALUES (347,'2022-05-02 12:47:43','2022-05-02 12:47:43',NULL,NULL,'Laos',NULL,2,116);
INSERT INTO `country_description` (`DESCRIPTION_ID`, `DATE_CREATED`, `DATE_MODIFIED`, `UPDT_ID`, `DESCRIPTION`, `NAME`, `TITLE`, `LANGUAGE_ID`, `COUNTRY_ID`) VALUES (348,'2022-05-02 12:47:44','2022-05-02 12:47:44',NULL,NULL,'Laos',NULL,3,116);
INSERT INTO `country_description` (`DESCRIPTION_ID`, `DATE_CREATED`, `DATE_MODIFIED`, `UPDT_ID`, `DESCRIPTION`, `NAME`, `TITLE`, `LANGUAGE_ID`, `COUNTRY_ID`) VALUES (349,'2022-05-02 12:47:44','2022-05-02 12:47:44',NULL,NULL,'Latvia',NULL,1,117);
INSERT INTO `country_description` (`DESCRIPTION_ID`, `DATE_CREATED`, `DATE_MODIFIED`, `UPDT_ID`, `DESCRIPTION`, `NAME`, `TITLE`, `LANGUAGE_ID`, `COUNTRY_ID`) VALUES (350,'2022-05-02 12:47:44','2022-05-02 12:47:44',NULL,NULL,'Lettonie',NULL,2,117);
INSERT INTO `country_description` (`DESCRIPTION_ID`, `DATE_CREATED`, `DATE_MODIFIED`, `UPDT_ID`, `DESCRIPTION`, `NAME`, `TITLE`, `LANGUAGE_ID`, `COUNTRY_ID`) VALUES (351,'2022-05-02 12:47:44','2022-05-02 12:47:44',NULL,NULL,'Letonia',NULL,3,117);
INSERT INTO `country_description` (`DESCRIPTION_ID`, `DATE_CREATED`, `DATE_MODIFIED`, `UPDT_ID`, `DESCRIPTION`, `NAME`, `TITLE`, `LANGUAGE_ID`, `COUNTRY_ID`) VALUES (352,'2022-05-02 12:47:44','2022-05-02 12:47:44',NULL,NULL,'Lebanon',NULL,1,118);
INSERT INTO `country_description` (`DESCRIPTION_ID`, `DATE_CREATED`, `DATE_MODIFIED`, `UPDT_ID`, `DESCRIPTION`, `NAME`, `TITLE`, `LANGUAGE_ID`, `COUNTRY_ID`) VALUES (353,'2022-05-02 12:47:44','2022-05-02 12:47:44',NULL,NULL,'Liban',NULL,2,118);
INSERT INTO `country_description` (`DESCRIPTION_ID`, `DATE_CREATED`, `DATE_MODIFIED`, `UPDT_ID`, `DESCRIPTION`, `NAME`, `TITLE`, `LANGUAGE_ID`, `COUNTRY_ID`) VALUES (354,'2022-05-02 12:47:44','2022-05-02 12:47:44',NULL,NULL,'Líbano',NULL,3,118);
INSERT INTO `country_description` (`DESCRIPTION_ID`, `DATE_CREATED`, `DATE_MODIFIED`, `UPDT_ID`, `DESCRIPTION`, `NAME`, `TITLE`, `LANGUAGE_ID`, `COUNTRY_ID`) VALUES (355,'2022-05-02 12:47:44','2022-05-02 12:47:44',NULL,NULL,'Lesotho',NULL,1,119);
INSERT INTO `country_description` (`DESCRIPTION_ID`, `DATE_CREATED`, `DATE_MODIFIED`, `UPDT_ID`, `DESCRIPTION`, `NAME`, `TITLE`, `LANGUAGE_ID`, `COUNTRY_ID`) VALUES (356,'2022-05-02 12:47:44','2022-05-02 12:47:44',NULL,NULL,'Lesotho',NULL,2,119);
INSERT INTO `country_description` (`DESCRIPTION_ID`, `DATE_CREATED`, `DATE_MODIFIED`, `UPDT_ID`, `DESCRIPTION`, `NAME`, `TITLE`, `LANGUAGE_ID`, `COUNTRY_ID`) VALUES (357,'2022-05-02 12:47:44','2022-05-02 12:47:44',NULL,NULL,'Lesoto',NULL,3,119);
INSERT INTO `country_description` (`DESCRIPTION_ID`, `DATE_CREATED`, `DATE_MODIFIED`, `UPDT_ID`, `DESCRIPTION`, `NAME`, `TITLE`, `LANGUAGE_ID`, `COUNTRY_ID`) VALUES (358,'2022-05-02 12:47:44','2022-05-02 12:47:44',NULL,NULL,'Liberia',NULL,1,120);
INSERT INTO `country_description` (`DESCRIPTION_ID`, `DATE_CREATED`, `DATE_MODIFIED`, `UPDT_ID`, `DESCRIPTION`, `NAME`, `TITLE`, `LANGUAGE_ID`, `COUNTRY_ID`) VALUES (359,'2022-05-02 12:47:44','2022-05-02 12:47:44',NULL,NULL,'Libéria',NULL,2,120);
INSERT INTO `country_description` (`DESCRIPTION_ID`, `DATE_CREATED`, `DATE_MODIFIED`, `UPDT_ID`, `DESCRIPTION`, `NAME`, `TITLE`, `LANGUAGE_ID`, `COUNTRY_ID`) VALUES (360,'2022-05-02 12:47:44','2022-05-02 12:47:44',NULL,NULL,'Liberia',NULL,3,120);
INSERT INTO `country_description` (`DESCRIPTION_ID`, `DATE_CREATED`, `DATE_MODIFIED`, `UPDT_ID`, `DESCRIPTION`, `NAME`, `TITLE`, `LANGUAGE_ID`, `COUNTRY_ID`) VALUES (361,'2022-05-02 12:47:44','2022-05-02 12:47:44',NULL,NULL,'Libya',NULL,1,121);
INSERT INTO `country_description` (`DESCRIPTION_ID`, `DATE_CREATED`, `DATE_MODIFIED`, `UPDT_ID`, `DESCRIPTION`, `NAME`, `TITLE`, `LANGUAGE_ID`, `COUNTRY_ID`) VALUES (362,'2022-05-02 12:47:44','2022-05-02 12:47:44',NULL,NULL,'Libye',NULL,2,121);
INSERT INTO `country_description` (`DESCRIPTION_ID`, `DATE_CREATED`, `DATE_MODIFIED`, `UPDT_ID`, `DESCRIPTION`, `NAME`, `TITLE`, `LANGUAGE_ID`, `COUNTRY_ID`) VALUES (363,'2022-05-02 12:47:44','2022-05-02 12:47:44',NULL,NULL,'Libia',NULL,3,121);
INSERT INTO `country_description` (`DESCRIPTION_ID`, `DATE_CREATED`, `DATE_MODIFIED`, `UPDT_ID`, `DESCRIPTION`, `NAME`, `TITLE`, `LANGUAGE_ID`, `COUNTRY_ID`) VALUES (364,'2022-05-02 12:47:44','2022-05-02 12:47:44',NULL,NULL,'Liechtenstein',NULL,1,122);
INSERT INTO `country_description` (`DESCRIPTION_ID`, `DATE_CREATED`, `DATE_MODIFIED`, `UPDT_ID`, `DESCRIPTION`, `NAME`, `TITLE`, `LANGUAGE_ID`, `COUNTRY_ID`) VALUES (365,'2022-05-02 12:47:44','2022-05-02 12:47:44',NULL,NULL,'Liechtenstein',NULL,2,122);
INSERT INTO `country_description` (`DESCRIPTION_ID`, `DATE_CREATED`, `DATE_MODIFIED`, `UPDT_ID`, `DESCRIPTION`, `NAME`, `TITLE`, `LANGUAGE_ID`, `COUNTRY_ID`) VALUES (366,'2022-05-02 12:47:44','2022-05-02 12:47:44',NULL,NULL,'Liechtenstein',NULL,3,122);
INSERT INTO `country_description` (`DESCRIPTION_ID`, `DATE_CREATED`, `DATE_MODIFIED`, `UPDT_ID`, `DESCRIPTION`, `NAME`, `TITLE`, `LANGUAGE_ID`, `COUNTRY_ID`) VALUES (367,'2022-05-02 12:47:44','2022-05-02 12:47:44',NULL,NULL,'Lithuania',NULL,1,123);
INSERT INTO `country_description` (`DESCRIPTION_ID`, `DATE_CREATED`, `DATE_MODIFIED`, `UPDT_ID`, `DESCRIPTION`, `NAME`, `TITLE`, `LANGUAGE_ID`, `COUNTRY_ID`) VALUES (368,'2022-05-02 12:47:44','2022-05-02 12:47:44',NULL,NULL,'Lituanie',NULL,2,123);
INSERT INTO `country_description` (`DESCRIPTION_ID`, `DATE_CREATED`, `DATE_MODIFIED`, `UPDT_ID`, `DESCRIPTION`, `NAME`, `TITLE`, `LANGUAGE_ID`, `COUNTRY_ID`) VALUES (369,'2022-05-02 12:47:44','2022-05-02 12:47:44',NULL,NULL,'Lituania',NULL,3,123);
INSERT INTO `country_description` (`DESCRIPTION_ID`, `DATE_CREATED`, `DATE_MODIFIED`, `UPDT_ID`, `DESCRIPTION`, `NAME`, `TITLE`, `LANGUAGE_ID`, `COUNTRY_ID`) VALUES (370,'2022-05-02 12:47:44','2022-05-02 12:47:44',NULL,NULL,'Luxembourg',NULL,1,124);
INSERT INTO `country_description` (`DESCRIPTION_ID`, `DATE_CREATED`, `DATE_MODIFIED`, `UPDT_ID`, `DESCRIPTION`, `NAME`, `TITLE`, `LANGUAGE_ID`, `COUNTRY_ID`) VALUES (371,'2022-05-02 12:47:44','2022-05-02 12:47:44',NULL,NULL,'Luxembourg',NULL,2,124);
INSERT INTO `country_description` (`DESCRIPTION_ID`, `DATE_CREATED`, `DATE_MODIFIED`, `UPDT_ID`, `DESCRIPTION`, `NAME`, `TITLE`, `LANGUAGE_ID`, `COUNTRY_ID`) VALUES (372,'2022-05-02 12:47:44','2022-05-02 12:47:44',NULL,NULL,'Luxemburgo',NULL,3,124);
INSERT INTO `country_description` (`DESCRIPTION_ID`, `DATE_CREATED`, `DATE_MODIFIED`, `UPDT_ID`, `DESCRIPTION`, `NAME`, `TITLE`, `LANGUAGE_ID`, `COUNTRY_ID`) VALUES (373,'2022-05-02 12:47:44','2022-05-02 12:47:44',NULL,NULL,'Macau SAR China',NULL,1,125);
INSERT INTO `country_description` (`DESCRIPTION_ID`, `DATE_CREATED`, `DATE_MODIFIED`, `UPDT_ID`, `DESCRIPTION`, `NAME`, `TITLE`, `LANGUAGE_ID`, `COUNTRY_ID`) VALUES (374,'2022-05-02 12:47:44','2022-05-02 12:47:44',NULL,NULL,'R.A.S. chinoise de Macao',NULL,2,125);
INSERT INTO `country_description` (`DESCRIPTION_ID`, `DATE_CREATED`, `DATE_MODIFIED`, `UPDT_ID`, `DESCRIPTION`, `NAME`, `TITLE`, `LANGUAGE_ID`, `COUNTRY_ID`) VALUES (375,'2022-05-02 12:47:44','2022-05-02 12:47:44',NULL,NULL,'RAE de Macao (China)',NULL,3,125);
INSERT INTO `country_description` (`DESCRIPTION_ID`, `DATE_CREATED`, `DATE_MODIFIED`, `UPDT_ID`, `DESCRIPTION`, `NAME`, `TITLE`, `LANGUAGE_ID`, `COUNTRY_ID`) VALUES (376,'2022-05-02 12:47:44','2022-05-02 12:47:44',NULL,NULL,'Macedonia',NULL,1,126);
INSERT INTO `country_description` (`DESCRIPTION_ID`, `DATE_CREATED`, `DATE_MODIFIED`, `UPDT_ID`, `DESCRIPTION`, `NAME`, `TITLE`, `LANGUAGE_ID`, `COUNTRY_ID`) VALUES (377,'2022-05-02 12:47:44','2022-05-02 12:47:44',NULL,NULL,'Macédoine',NULL,2,126);
INSERT INTO `country_description` (`DESCRIPTION_ID`, `DATE_CREATED`, `DATE_MODIFIED`, `UPDT_ID`, `DESCRIPTION`, `NAME`, `TITLE`, `LANGUAGE_ID`, `COUNTRY_ID`) VALUES (378,'2022-05-02 12:47:44','2022-05-02 12:47:44',NULL,NULL,'Macedonia',NULL,3,126);
INSERT INTO `country_description` (`DESCRIPTION_ID`, `DATE_CREATED`, `DATE_MODIFIED`, `UPDT_ID`, `DESCRIPTION`, `NAME`, `TITLE`, `LANGUAGE_ID`, `COUNTRY_ID`) VALUES (379,'2022-05-02 12:47:44','2022-05-02 12:47:44',NULL,NULL,'Madagascar',NULL,1,127);
INSERT INTO `country_description` (`DESCRIPTION_ID`, `DATE_CREATED`, `DATE_MODIFIED`, `UPDT_ID`, `DESCRIPTION`, `NAME`, `TITLE`, `LANGUAGE_ID`, `COUNTRY_ID`) VALUES (380,'2022-05-02 12:47:44','2022-05-02 12:47:44',NULL,NULL,'Madagascar',NULL,2,127);
INSERT INTO `country_description` (`DESCRIPTION_ID`, `DATE_CREATED`, `DATE_MODIFIED`, `UPDT_ID`, `DESCRIPTION`, `NAME`, `TITLE`, `LANGUAGE_ID`, `COUNTRY_ID`) VALUES (381,'2022-05-02 12:47:44','2022-05-02 12:47:44',NULL,NULL,'Madagascar',NULL,3,127);
INSERT INTO `country_description` (`DESCRIPTION_ID`, `DATE_CREATED`, `DATE_MODIFIED`, `UPDT_ID`, `DESCRIPTION`, `NAME`, `TITLE`, `LANGUAGE_ID`, `COUNTRY_ID`) VALUES (382,'2022-05-02 12:47:44','2022-05-02 12:47:44',NULL,NULL,'Malawi',NULL,1,128);
INSERT INTO `country_description` (`DESCRIPTION_ID`, `DATE_CREATED`, `DATE_MODIFIED`, `UPDT_ID`, `DESCRIPTION`, `NAME`, `TITLE`, `LANGUAGE_ID`, `COUNTRY_ID`) VALUES (383,'2022-05-02 12:47:44','2022-05-02 12:47:44',NULL,NULL,'Malawi',NULL,2,128);
INSERT INTO `country_description` (`DESCRIPTION_ID`, `DATE_CREATED`, `DATE_MODIFIED`, `UPDT_ID`, `DESCRIPTION`, `NAME`, `TITLE`, `LANGUAGE_ID`, `COUNTRY_ID`) VALUES (384,'2022-05-02 12:47:44','2022-05-02 12:47:44',NULL,NULL,'Malaui',NULL,3,128);
INSERT INTO `country_description` (`DESCRIPTION_ID`, `DATE_CREATED`, `DATE_MODIFIED`, `UPDT_ID`, `DESCRIPTION`, `NAME`, `TITLE`, `LANGUAGE_ID`, `COUNTRY_ID`) VALUES (385,'2022-05-02 12:47:44','2022-05-02 12:47:44',NULL,NULL,'Malaysia',NULL,1,129);
INSERT INTO `country_description` (`DESCRIPTION_ID`, `DATE_CREATED`, `DATE_MODIFIED`, `UPDT_ID`, `DESCRIPTION`, `NAME`, `TITLE`, `LANGUAGE_ID`, `COUNTRY_ID`) VALUES (386,'2022-05-02 12:47:44','2022-05-02 12:47:44',NULL,NULL,'Malaisie',NULL,2,129);
INSERT INTO `country_description` (`DESCRIPTION_ID`, `DATE_CREATED`, `DATE_MODIFIED`, `UPDT_ID`, `DESCRIPTION`, `NAME`, `TITLE`, `LANGUAGE_ID`, `COUNTRY_ID`) VALUES (387,'2022-05-02 12:47:44','2022-05-02 12:47:44',NULL,NULL,'Malasia',NULL,3,129);
INSERT INTO `country_description` (`DESCRIPTION_ID`, `DATE_CREATED`, `DATE_MODIFIED`, `UPDT_ID`, `DESCRIPTION`, `NAME`, `TITLE`, `LANGUAGE_ID`, `COUNTRY_ID`) VALUES (388,'2022-05-02 12:47:44','2022-05-02 12:47:44',NULL,NULL,'Mali',NULL,1,130);
INSERT INTO `country_description` (`DESCRIPTION_ID`, `DATE_CREATED`, `DATE_MODIFIED`, `UPDT_ID`, `DESCRIPTION`, `NAME`, `TITLE`, `LANGUAGE_ID`, `COUNTRY_ID`) VALUES (389,'2022-05-02 12:47:44','2022-05-02 12:47:44',NULL,NULL,'Mali',NULL,2,130);
INSERT INTO `country_description` (`DESCRIPTION_ID`, `DATE_CREATED`, `DATE_MODIFIED`, `UPDT_ID`, `DESCRIPTION`, `NAME`, `TITLE`, `LANGUAGE_ID`, `COUNTRY_ID`) VALUES (390,'2022-05-02 12:47:44','2022-05-02 12:47:44',NULL,NULL,'Mali',NULL,3,130);
INSERT INTO `country_description` (`DESCRIPTION_ID`, `DATE_CREATED`, `DATE_MODIFIED`, `UPDT_ID`, `DESCRIPTION`, `NAME`, `TITLE`, `LANGUAGE_ID`, `COUNTRY_ID`) VALUES (391,'2022-05-02 12:47:44','2022-05-02 12:47:44',NULL,NULL,'Malta',NULL,1,131);
INSERT INTO `country_description` (`DESCRIPTION_ID`, `DATE_CREATED`, `DATE_MODIFIED`, `UPDT_ID`, `DESCRIPTION`, `NAME`, `TITLE`, `LANGUAGE_ID`, `COUNTRY_ID`) VALUES (392,'2022-05-02 12:47:44','2022-05-02 12:47:44',NULL,NULL,'Malte',NULL,2,131);
INSERT INTO `country_description` (`DESCRIPTION_ID`, `DATE_CREATED`, `DATE_MODIFIED`, `UPDT_ID`, `DESCRIPTION`, `NAME`, `TITLE`, `LANGUAGE_ID`, `COUNTRY_ID`) VALUES (393,'2022-05-02 12:47:44','2022-05-02 12:47:44',NULL,NULL,'Malta',NULL,3,131);
INSERT INTO `country_description` (`DESCRIPTION_ID`, `DATE_CREATED`, `DATE_MODIFIED`, `UPDT_ID`, `DESCRIPTION`, `NAME`, `TITLE`, `LANGUAGE_ID`, `COUNTRY_ID`) VALUES (394,'2022-05-02 12:47:45','2022-05-02 12:47:45',NULL,NULL,'Marshall Islands',NULL,1,132);
INSERT INTO `country_description` (`DESCRIPTION_ID`, `DATE_CREATED`, `DATE_MODIFIED`, `UPDT_ID`, `DESCRIPTION`, `NAME`, `TITLE`, `LANGUAGE_ID`, `COUNTRY_ID`) VALUES (395,'2022-05-02 12:47:45','2022-05-02 12:47:45',NULL,NULL,'Îles Marshall',NULL,2,132);
INSERT INTO `country_description` (`DESCRIPTION_ID`, `DATE_CREATED`, `DATE_MODIFIED`, `UPDT_ID`, `DESCRIPTION`, `NAME`, `TITLE`, `LANGUAGE_ID`, `COUNTRY_ID`) VALUES (396,'2022-05-02 12:47:45','2022-05-02 12:47:45',NULL,NULL,'Islas Marshall',NULL,3,132);
INSERT INTO `country_description` (`DESCRIPTION_ID`, `DATE_CREATED`, `DATE_MODIFIED`, `UPDT_ID`, `DESCRIPTION`, `NAME`, `TITLE`, `LANGUAGE_ID`, `COUNTRY_ID`) VALUES (397,'2022-05-02 12:47:45','2022-05-02 12:47:45',NULL,NULL,'Martinique',NULL,1,133);
INSERT INTO `country_description` (`DESCRIPTION_ID`, `DATE_CREATED`, `DATE_MODIFIED`, `UPDT_ID`, `DESCRIPTION`, `NAME`, `TITLE`, `LANGUAGE_ID`, `COUNTRY_ID`) VALUES (398,'2022-05-02 12:47:45','2022-05-02 12:47:45',NULL,NULL,'Martinique',NULL,2,133);
INSERT INTO `country_description` (`DESCRIPTION_ID`, `DATE_CREATED`, `DATE_MODIFIED`, `UPDT_ID`, `DESCRIPTION`, `NAME`, `TITLE`, `LANGUAGE_ID`, `COUNTRY_ID`) VALUES (399,'2022-05-02 12:47:45','2022-05-02 12:47:45',NULL,NULL,'Martinica',NULL,3,133);
INSERT INTO `country_description` (`DESCRIPTION_ID`, `DATE_CREATED`, `DATE_MODIFIED`, `UPDT_ID`, `DESCRIPTION`, `NAME`, `TITLE`, `LANGUAGE_ID`, `COUNTRY_ID`) VALUES (400,'2022-05-02 12:47:45','2022-05-02 12:47:45',NULL,NULL,'Mauritania',NULL,1,134);
INSERT INTO `country_description` (`DESCRIPTION_ID`, `DATE_CREATED`, `DATE_MODIFIED`, `UPDT_ID`, `DESCRIPTION`, `NAME`, `TITLE`, `LANGUAGE_ID`, `COUNTRY_ID`) VALUES (401,'2022-05-02 12:47:45','2022-05-02 12:47:45',NULL,NULL,'Mauritanie',NULL,2,134);
INSERT INTO `country_description` (`DESCRIPTION_ID`, `DATE_CREATED`, `DATE_MODIFIED`, `UPDT_ID`, `DESCRIPTION`, `NAME`, `TITLE`, `LANGUAGE_ID`, `COUNTRY_ID`) VALUES (402,'2022-05-02 12:47:45','2022-05-02 12:47:45',NULL,NULL,'Mauritania',NULL,3,134);
INSERT INTO `country_description` (`DESCRIPTION_ID`, `DATE_CREATED`, `DATE_MODIFIED`, `UPDT_ID`, `DESCRIPTION`, `NAME`, `TITLE`, `LANGUAGE_ID`, `COUNTRY_ID`) VALUES (403,'2022-05-02 12:47:45','2022-05-02 12:47:45',NULL,NULL,'Mauritius',NULL,1,135);
INSERT INTO `country_description` (`DESCRIPTION_ID`, `DATE_CREATED`, `DATE_MODIFIED`, `UPDT_ID`, `DESCRIPTION`, `NAME`, `TITLE`, `LANGUAGE_ID`, `COUNTRY_ID`) VALUES (404,'2022-05-02 12:47:45','2022-05-02 12:47:45',NULL,NULL,'Maurice',NULL,2,135);
INSERT INTO `country_description` (`DESCRIPTION_ID`, `DATE_CREATED`, `DATE_MODIFIED`, `UPDT_ID`, `DESCRIPTION`, `NAME`, `TITLE`, `LANGUAGE_ID`, `COUNTRY_ID`) VALUES (405,'2022-05-02 12:47:45','2022-05-02 12:47:45',NULL,NULL,'Mauricio',NULL,3,135);
INSERT INTO `country_description` (`DESCRIPTION_ID`, `DATE_CREATED`, `DATE_MODIFIED`, `UPDT_ID`, `DESCRIPTION`, `NAME`, `TITLE`, `LANGUAGE_ID`, `COUNTRY_ID`) VALUES (406,'2022-05-02 12:47:45','2022-05-02 12:47:45',NULL,NULL,'Mayotte',NULL,1,136);
INSERT INTO `country_description` (`DESCRIPTION_ID`, `DATE_CREATED`, `DATE_MODIFIED`, `UPDT_ID`, `DESCRIPTION`, `NAME`, `TITLE`, `LANGUAGE_ID`, `COUNTRY_ID`) VALUES (407,'2022-05-02 12:47:45','2022-05-02 12:47:45',NULL,NULL,'Mayotte',NULL,2,136);
INSERT INTO `country_description` (`DESCRIPTION_ID`, `DATE_CREATED`, `DATE_MODIFIED`, `UPDT_ID`, `DESCRIPTION`, `NAME`, `TITLE`, `LANGUAGE_ID`, `COUNTRY_ID`) VALUES (408,'2022-05-02 12:47:45','2022-05-02 12:47:45',NULL,NULL,'Mayotte',NULL,3,136);
INSERT INTO `country_description` (`DESCRIPTION_ID`, `DATE_CREATED`, `DATE_MODIFIED`, `UPDT_ID`, `DESCRIPTION`, `NAME`, `TITLE`, `LANGUAGE_ID`, `COUNTRY_ID`) VALUES (409,'2022-05-02 12:47:45','2022-05-02 12:47:45',NULL,NULL,'Mexico',NULL,1,137);
INSERT INTO `country_description` (`DESCRIPTION_ID`, `DATE_CREATED`, `DATE_MODIFIED`, `UPDT_ID`, `DESCRIPTION`, `NAME`, `TITLE`, `LANGUAGE_ID`, `COUNTRY_ID`) VALUES (410,'2022-05-02 12:47:45','2022-05-02 12:47:45',NULL,NULL,'Mexique',NULL,2,137);
INSERT INTO `country_description` (`DESCRIPTION_ID`, `DATE_CREATED`, `DATE_MODIFIED`, `UPDT_ID`, `DESCRIPTION`, `NAME`, `TITLE`, `LANGUAGE_ID`, `COUNTRY_ID`) VALUES (411,'2022-05-02 12:47:45','2022-05-02 12:47:45',NULL,NULL,'México',NULL,3,137);
INSERT INTO `country_description` (`DESCRIPTION_ID`, `DATE_CREATED`, `DATE_MODIFIED`, `UPDT_ID`, `DESCRIPTION`, `NAME`, `TITLE`, `LANGUAGE_ID`, `COUNTRY_ID`) VALUES (412,'2022-05-02 12:47:45','2022-05-02 12:47:45',NULL,NULL,'Micronesia',NULL,1,138);
INSERT INTO `country_description` (`DESCRIPTION_ID`, `DATE_CREATED`, `DATE_MODIFIED`, `UPDT_ID`, `DESCRIPTION`, `NAME`, `TITLE`, `LANGUAGE_ID`, `COUNTRY_ID`) VALUES (413,'2022-05-02 12:47:45','2022-05-02 12:47:45',NULL,NULL,'États fédérés de Micronésie',NULL,2,138);
INSERT INTO `country_description` (`DESCRIPTION_ID`, `DATE_CREATED`, `DATE_MODIFIED`, `UPDT_ID`, `DESCRIPTION`, `NAME`, `TITLE`, `LANGUAGE_ID`, `COUNTRY_ID`) VALUES (414,'2022-05-02 12:47:45','2022-05-02 12:47:45',NULL,NULL,'Micronesia',NULL,3,138);
INSERT INTO `country_description` (`DESCRIPTION_ID`, `DATE_CREATED`, `DATE_MODIFIED`, `UPDT_ID`, `DESCRIPTION`, `NAME`, `TITLE`, `LANGUAGE_ID`, `COUNTRY_ID`) VALUES (415,'2022-05-02 12:47:45','2022-05-02 12:47:45',NULL,NULL,'Moldova',NULL,1,139);
INSERT INTO `country_description` (`DESCRIPTION_ID`, `DATE_CREATED`, `DATE_MODIFIED`, `UPDT_ID`, `DESCRIPTION`, `NAME`, `TITLE`, `LANGUAGE_ID`, `COUNTRY_ID`) VALUES (416,'2022-05-02 12:47:45','2022-05-02 12:47:45',NULL,NULL,'Moldavie',NULL,2,139);
INSERT INTO `country_description` (`DESCRIPTION_ID`, `DATE_CREATED`, `DATE_MODIFIED`, `UPDT_ID`, `DESCRIPTION`, `NAME`, `TITLE`, `LANGUAGE_ID`, `COUNTRY_ID`) VALUES (417,'2022-05-02 12:47:45','2022-05-02 12:47:45',NULL,NULL,'Moldavia',NULL,3,139);
INSERT INTO `country_description` (`DESCRIPTION_ID`, `DATE_CREATED`, `DATE_MODIFIED`, `UPDT_ID`, `DESCRIPTION`, `NAME`, `TITLE`, `LANGUAGE_ID`, `COUNTRY_ID`) VALUES (418,'2022-05-02 12:47:45','2022-05-02 12:47:45',NULL,NULL,'Monaco',NULL,1,140);
INSERT INTO `country_description` (`DESCRIPTION_ID`, `DATE_CREATED`, `DATE_MODIFIED`, `UPDT_ID`, `DESCRIPTION`, `NAME`, `TITLE`, `LANGUAGE_ID`, `COUNTRY_ID`) VALUES (419,'2022-05-02 12:47:45','2022-05-02 12:47:45',NULL,NULL,'Monaco',NULL,2,140);
INSERT INTO `country_description` (`DESCRIPTION_ID`, `DATE_CREATED`, `DATE_MODIFIED`, `UPDT_ID`, `DESCRIPTION`, `NAME`, `TITLE`, `LANGUAGE_ID`, `COUNTRY_ID`) VALUES (420,'2022-05-02 12:47:45','2022-05-02 12:47:45',NULL,NULL,'Mónaco',NULL,3,140);
INSERT INTO `country_description` (`DESCRIPTION_ID`, `DATE_CREATED`, `DATE_MODIFIED`, `UPDT_ID`, `DESCRIPTION`, `NAME`, `TITLE`, `LANGUAGE_ID`, `COUNTRY_ID`) VALUES (421,'2022-05-02 12:47:45','2022-05-02 12:47:45',NULL,NULL,'Mongolia',NULL,1,141);
INSERT INTO `country_description` (`DESCRIPTION_ID`, `DATE_CREATED`, `DATE_MODIFIED`, `UPDT_ID`, `DESCRIPTION`, `NAME`, `TITLE`, `LANGUAGE_ID`, `COUNTRY_ID`) VALUES (422,'2022-05-02 12:47:45','2022-05-02 12:47:45',NULL,NULL,'Mongolie',NULL,2,141);
INSERT INTO `country_description` (`DESCRIPTION_ID`, `DATE_CREATED`, `DATE_MODIFIED`, `UPDT_ID`, `DESCRIPTION`, `NAME`, `TITLE`, `LANGUAGE_ID`, `COUNTRY_ID`) VALUES (423,'2022-05-02 12:47:45','2022-05-02 12:47:45',NULL,NULL,'Mongolia',NULL,3,141);
INSERT INTO `country_description` (`DESCRIPTION_ID`, `DATE_CREATED`, `DATE_MODIFIED`, `UPDT_ID`, `DESCRIPTION`, `NAME`, `TITLE`, `LANGUAGE_ID`, `COUNTRY_ID`) VALUES (424,'2022-05-02 12:47:45','2022-05-02 12:47:45',NULL,NULL,'Montenegro',NULL,1,142);
INSERT INTO `country_description` (`DESCRIPTION_ID`, `DATE_CREATED`, `DATE_MODIFIED`, `UPDT_ID`, `DESCRIPTION`, `NAME`, `TITLE`, `LANGUAGE_ID`, `COUNTRY_ID`) VALUES (425,'2022-05-02 12:47:45','2022-05-02 12:47:45',NULL,NULL,'Monténégro',NULL,2,142);
INSERT INTO `country_description` (`DESCRIPTION_ID`, `DATE_CREATED`, `DATE_MODIFIED`, `UPDT_ID`, `DESCRIPTION`, `NAME`, `TITLE`, `LANGUAGE_ID`, `COUNTRY_ID`) VALUES (426,'2022-05-02 12:47:45','2022-05-02 12:47:45',NULL,NULL,'Montenegro',NULL,3,142);
INSERT INTO `country_description` (`DESCRIPTION_ID`, `DATE_CREATED`, `DATE_MODIFIED`, `UPDT_ID`, `DESCRIPTION`, `NAME`, `TITLE`, `LANGUAGE_ID`, `COUNTRY_ID`) VALUES (427,'2022-05-02 12:47:45','2022-05-02 12:47:45',NULL,NULL,'Montserrat',NULL,1,143);
INSERT INTO `country_description` (`DESCRIPTION_ID`, `DATE_CREATED`, `DATE_MODIFIED`, `UPDT_ID`, `DESCRIPTION`, `NAME`, `TITLE`, `LANGUAGE_ID`, `COUNTRY_ID`) VALUES (428,'2022-05-02 12:47:45','2022-05-02 12:47:45',NULL,NULL,'Montserrat',NULL,2,143);
INSERT INTO `country_description` (`DESCRIPTION_ID`, `DATE_CREATED`, `DATE_MODIFIED`, `UPDT_ID`, `DESCRIPTION`, `NAME`, `TITLE`, `LANGUAGE_ID`, `COUNTRY_ID`) VALUES (429,'2022-05-02 12:47:45','2022-05-02 12:47:45',NULL,NULL,'Montserrat',NULL,3,143);
INSERT INTO `country_description` (`DESCRIPTION_ID`, `DATE_CREATED`, `DATE_MODIFIED`, `UPDT_ID`, `DESCRIPTION`, `NAME`, `TITLE`, `LANGUAGE_ID`, `COUNTRY_ID`) VALUES (430,'2022-05-02 12:47:45','2022-05-02 12:47:45',NULL,NULL,'Morocco',NULL,1,144);
INSERT INTO `country_description` (`DESCRIPTION_ID`, `DATE_CREATED`, `DATE_MODIFIED`, `UPDT_ID`, `DESCRIPTION`, `NAME`, `TITLE`, `LANGUAGE_ID`, `COUNTRY_ID`) VALUES (431,'2022-05-02 12:47:45','2022-05-02 12:47:45',NULL,NULL,'Maroc',NULL,2,144);
INSERT INTO `country_description` (`DESCRIPTION_ID`, `DATE_CREATED`, `DATE_MODIFIED`, `UPDT_ID`, `DESCRIPTION`, `NAME`, `TITLE`, `LANGUAGE_ID`, `COUNTRY_ID`) VALUES (432,'2022-05-02 12:47:45','2022-05-02 12:47:45',NULL,NULL,'Marruecos',NULL,3,144);
INSERT INTO `country_description` (`DESCRIPTION_ID`, `DATE_CREATED`, `DATE_MODIFIED`, `UPDT_ID`, `DESCRIPTION`, `NAME`, `TITLE`, `LANGUAGE_ID`, `COUNTRY_ID`) VALUES (433,'2022-05-02 12:47:45','2022-05-02 12:47:45',NULL,NULL,'Mozambique',NULL,1,145);
INSERT INTO `country_description` (`DESCRIPTION_ID`, `DATE_CREATED`, `DATE_MODIFIED`, `UPDT_ID`, `DESCRIPTION`, `NAME`, `TITLE`, `LANGUAGE_ID`, `COUNTRY_ID`) VALUES (434,'2022-05-02 12:47:45','2022-05-02 12:47:45',NULL,NULL,'Mozambique',NULL,2,145);
INSERT INTO `country_description` (`DESCRIPTION_ID`, `DATE_CREATED`, `DATE_MODIFIED`, `UPDT_ID`, `DESCRIPTION`, `NAME`, `TITLE`, `LANGUAGE_ID`, `COUNTRY_ID`) VALUES (435,'2022-05-02 12:47:45','2022-05-02 12:47:45',NULL,NULL,'Mozambique',NULL,3,145);
INSERT INTO `country_description` (`DESCRIPTION_ID`, `DATE_CREATED`, `DATE_MODIFIED`, `UPDT_ID`, `DESCRIPTION`, `NAME`, `TITLE`, `LANGUAGE_ID`, `COUNTRY_ID`) VALUES (436,'2022-05-02 12:47:45','2022-05-02 12:47:45',NULL,NULL,'Myanmar (Burma)',NULL,1,146);
INSERT INTO `country_description` (`DESCRIPTION_ID`, `DATE_CREATED`, `DATE_MODIFIED`, `UPDT_ID`, `DESCRIPTION`, `NAME`, `TITLE`, `LANGUAGE_ID`, `COUNTRY_ID`) VALUES (437,'2022-05-02 12:47:45','2022-05-02 12:47:45',NULL,NULL,'Myanmar (Birmanie)',NULL,2,146);
INSERT INTO `country_description` (`DESCRIPTION_ID`, `DATE_CREATED`, `DATE_MODIFIED`, `UPDT_ID`, `DESCRIPTION`, `NAME`, `TITLE`, `LANGUAGE_ID`, `COUNTRY_ID`) VALUES (438,'2022-05-02 12:47:45','2022-05-02 12:47:45',NULL,NULL,'Myanmar (Birmania)',NULL,3,146);
INSERT INTO `country_description` (`DESCRIPTION_ID`, `DATE_CREATED`, `DATE_MODIFIED`, `UPDT_ID`, `DESCRIPTION`, `NAME`, `TITLE`, `LANGUAGE_ID`, `COUNTRY_ID`) VALUES (439,'2022-05-02 12:47:46','2022-05-02 12:47:46',NULL,NULL,'Namibia',NULL,1,147);
INSERT INTO `country_description` (`DESCRIPTION_ID`, `DATE_CREATED`, `DATE_MODIFIED`, `UPDT_ID`, `DESCRIPTION`, `NAME`, `TITLE`, `LANGUAGE_ID`, `COUNTRY_ID`) VALUES (440,'2022-05-02 12:47:46','2022-05-02 12:47:46',NULL,NULL,'Namibie',NULL,2,147);
INSERT INTO `country_description` (`DESCRIPTION_ID`, `DATE_CREATED`, `DATE_MODIFIED`, `UPDT_ID`, `DESCRIPTION`, `NAME`, `TITLE`, `LANGUAGE_ID`, `COUNTRY_ID`) VALUES (441,'2022-05-02 12:47:46','2022-05-02 12:47:46',NULL,NULL,'Namibia',NULL,3,147);
INSERT INTO `country_description` (`DESCRIPTION_ID`, `DATE_CREATED`, `DATE_MODIFIED`, `UPDT_ID`, `DESCRIPTION`, `NAME`, `TITLE`, `LANGUAGE_ID`, `COUNTRY_ID`) VALUES (442,'2022-05-02 12:47:46','2022-05-02 12:47:46',NULL,NULL,'Nauru',NULL,1,148);
INSERT INTO `country_description` (`DESCRIPTION_ID`, `DATE_CREATED`, `DATE_MODIFIED`, `UPDT_ID`, `DESCRIPTION`, `NAME`, `TITLE`, `LANGUAGE_ID`, `COUNTRY_ID`) VALUES (443,'2022-05-02 12:47:46','2022-05-02 12:47:46',NULL,NULL,'Nauru',NULL,2,148);
INSERT INTO `country_description` (`DESCRIPTION_ID`, `DATE_CREATED`, `DATE_MODIFIED`, `UPDT_ID`, `DESCRIPTION`, `NAME`, `TITLE`, `LANGUAGE_ID`, `COUNTRY_ID`) VALUES (444,'2022-05-02 12:47:46','2022-05-02 12:47:46',NULL,NULL,'Nauru',NULL,3,148);
INSERT INTO `country_description` (`DESCRIPTION_ID`, `DATE_CREATED`, `DATE_MODIFIED`, `UPDT_ID`, `DESCRIPTION`, `NAME`, `TITLE`, `LANGUAGE_ID`, `COUNTRY_ID`) VALUES (445,'2022-05-02 12:47:46','2022-05-02 12:47:46',NULL,NULL,'Nepal',NULL,1,149);
INSERT INTO `country_description` (`DESCRIPTION_ID`, `DATE_CREATED`, `DATE_MODIFIED`, `UPDT_ID`, `DESCRIPTION`, `NAME`, `TITLE`, `LANGUAGE_ID`, `COUNTRY_ID`) VALUES (446,'2022-05-02 12:47:46','2022-05-02 12:47:46',NULL,NULL,'Népal',NULL,2,149);
INSERT INTO `country_description` (`DESCRIPTION_ID`, `DATE_CREATED`, `DATE_MODIFIED`, `UPDT_ID`, `DESCRIPTION`, `NAME`, `TITLE`, `LANGUAGE_ID`, `COUNTRY_ID`) VALUES (447,'2022-05-02 12:47:46','2022-05-02 12:47:46',NULL,NULL,'Nepal',NULL,3,149);
INSERT INTO `country_description` (`DESCRIPTION_ID`, `DATE_CREATED`, `DATE_MODIFIED`, `UPDT_ID`, `DESCRIPTION`, `NAME`, `TITLE`, `LANGUAGE_ID`, `COUNTRY_ID`) VALUES (448,'2022-05-02 12:47:46','2022-05-02 12:47:46',NULL,NULL,'Netherlands',NULL,1,150);
INSERT INTO `country_description` (`DESCRIPTION_ID`, `DATE_CREATED`, `DATE_MODIFIED`, `UPDT_ID`, `DESCRIPTION`, `NAME`, `TITLE`, `LANGUAGE_ID`, `COUNTRY_ID`) VALUES (449,'2022-05-02 12:47:46','2022-05-02 12:47:46',NULL,NULL,'Pays-Bas',NULL,2,150);
INSERT INTO `country_description` (`DESCRIPTION_ID`, `DATE_CREATED`, `DATE_MODIFIED`, `UPDT_ID`, `DESCRIPTION`, `NAME`, `TITLE`, `LANGUAGE_ID`, `COUNTRY_ID`) VALUES (450,'2022-05-02 12:47:46','2022-05-02 12:47:46',NULL,NULL,'Países Bajos',NULL,3,150);
INSERT INTO `country_description` (`DESCRIPTION_ID`, `DATE_CREATED`, `DATE_MODIFIED`, `UPDT_ID`, `DESCRIPTION`, `NAME`, `TITLE`, `LANGUAGE_ID`, `COUNTRY_ID`) VALUES (451,'2022-05-02 12:47:46','2022-05-02 12:47:46',NULL,NULL,'New Caledonia',NULL,1,151);
INSERT INTO `country_description` (`DESCRIPTION_ID`, `DATE_CREATED`, `DATE_MODIFIED`, `UPDT_ID`, `DESCRIPTION`, `NAME`, `TITLE`, `LANGUAGE_ID`, `COUNTRY_ID`) VALUES (452,'2022-05-02 12:47:46','2022-05-02 12:47:46',NULL,NULL,'Nouvelle-Calédonie',NULL,2,151);
INSERT INTO `country_description` (`DESCRIPTION_ID`, `DATE_CREATED`, `DATE_MODIFIED`, `UPDT_ID`, `DESCRIPTION`, `NAME`, `TITLE`, `LANGUAGE_ID`, `COUNTRY_ID`) VALUES (453,'2022-05-02 12:47:46','2022-05-02 12:47:46',NULL,NULL,'Nueva Caledonia',NULL,3,151);
INSERT INTO `country_description` (`DESCRIPTION_ID`, `DATE_CREATED`, `DATE_MODIFIED`, `UPDT_ID`, `DESCRIPTION`, `NAME`, `TITLE`, `LANGUAGE_ID`, `COUNTRY_ID`) VALUES (454,'2022-05-02 12:47:46','2022-05-02 12:47:46',NULL,NULL,'New Zealand',NULL,1,152);
INSERT INTO `country_description` (`DESCRIPTION_ID`, `DATE_CREATED`, `DATE_MODIFIED`, `UPDT_ID`, `DESCRIPTION`, `NAME`, `TITLE`, `LANGUAGE_ID`, `COUNTRY_ID`) VALUES (455,'2022-05-02 12:47:46','2022-05-02 12:47:46',NULL,NULL,'Nouvelle-Zélande',NULL,2,152);
INSERT INTO `country_description` (`DESCRIPTION_ID`, `DATE_CREATED`, `DATE_MODIFIED`, `UPDT_ID`, `DESCRIPTION`, `NAME`, `TITLE`, `LANGUAGE_ID`, `COUNTRY_ID`) VALUES (456,'2022-05-02 12:47:46','2022-05-02 12:47:46',NULL,NULL,'Nueva Zelanda',NULL,3,152);
INSERT INTO `country_description` (`DESCRIPTION_ID`, `DATE_CREATED`, `DATE_MODIFIED`, `UPDT_ID`, `DESCRIPTION`, `NAME`, `TITLE`, `LANGUAGE_ID`, `COUNTRY_ID`) VALUES (457,'2022-05-02 12:47:46','2022-05-02 12:47:46',NULL,NULL,'Nicaragua',NULL,1,153);
INSERT INTO `country_description` (`DESCRIPTION_ID`, `DATE_CREATED`, `DATE_MODIFIED`, `UPDT_ID`, `DESCRIPTION`, `NAME`, `TITLE`, `LANGUAGE_ID`, `COUNTRY_ID`) VALUES (458,'2022-05-02 12:47:46','2022-05-02 12:47:46',NULL,NULL,'Nicaragua',NULL,2,153);
INSERT INTO `country_description` (`DESCRIPTION_ID`, `DATE_CREATED`, `DATE_MODIFIED`, `UPDT_ID`, `DESCRIPTION`, `NAME`, `TITLE`, `LANGUAGE_ID`, `COUNTRY_ID`) VALUES (459,'2022-05-02 12:47:46','2022-05-02 12:47:46',NULL,NULL,'Nicaragua',NULL,3,153);
INSERT INTO `country_description` (`DESCRIPTION_ID`, `DATE_CREATED`, `DATE_MODIFIED`, `UPDT_ID`, `DESCRIPTION`, `NAME`, `TITLE`, `LANGUAGE_ID`, `COUNTRY_ID`) VALUES (460,'2022-05-02 12:47:46','2022-05-02 12:47:46',NULL,NULL,'Niger',NULL,1,154);
INSERT INTO `country_description` (`DESCRIPTION_ID`, `DATE_CREATED`, `DATE_MODIFIED`, `UPDT_ID`, `DESCRIPTION`, `NAME`, `TITLE`, `LANGUAGE_ID`, `COUNTRY_ID`) VALUES (461,'2022-05-02 12:47:46','2022-05-02 12:47:46',NULL,NULL,'Niger',NULL,2,154);
INSERT INTO `country_description` (`DESCRIPTION_ID`, `DATE_CREATED`, `DATE_MODIFIED`, `UPDT_ID`, `DESCRIPTION`, `NAME`, `TITLE`, `LANGUAGE_ID`, `COUNTRY_ID`) VALUES (462,'2022-05-02 12:47:46','2022-05-02 12:47:46',NULL,NULL,'Níger',NULL,3,154);
INSERT INTO `country_description` (`DESCRIPTION_ID`, `DATE_CREATED`, `DATE_MODIFIED`, `UPDT_ID`, `DESCRIPTION`, `NAME`, `TITLE`, `LANGUAGE_ID`, `COUNTRY_ID`) VALUES (463,'2022-05-02 12:47:46','2022-05-02 12:47:46',NULL,NULL,'Nigeria',NULL,1,155);
INSERT INTO `country_description` (`DESCRIPTION_ID`, `DATE_CREATED`, `DATE_MODIFIED`, `UPDT_ID`, `DESCRIPTION`, `NAME`, `TITLE`, `LANGUAGE_ID`, `COUNTRY_ID`) VALUES (464,'2022-05-02 12:47:46','2022-05-02 12:47:46',NULL,NULL,'Nigéria',NULL,2,155);
INSERT INTO `country_description` (`DESCRIPTION_ID`, `DATE_CREATED`, `DATE_MODIFIED`, `UPDT_ID`, `DESCRIPTION`, `NAME`, `TITLE`, `LANGUAGE_ID`, `COUNTRY_ID`) VALUES (465,'2022-05-02 12:47:46','2022-05-02 12:47:46',NULL,NULL,'Nigeria',NULL,3,155);
INSERT INTO `country_description` (`DESCRIPTION_ID`, `DATE_CREATED`, `DATE_MODIFIED`, `UPDT_ID`, `DESCRIPTION`, `NAME`, `TITLE`, `LANGUAGE_ID`, `COUNTRY_ID`) VALUES (466,'2022-05-02 12:47:46','2022-05-02 12:47:46',NULL,NULL,'Niue',NULL,1,156);
INSERT INTO `country_description` (`DESCRIPTION_ID`, `DATE_CREATED`, `DATE_MODIFIED`, `UPDT_ID`, `DESCRIPTION`, `NAME`, `TITLE`, `LANGUAGE_ID`, `COUNTRY_ID`) VALUES (467,'2022-05-02 12:47:46','2022-05-02 12:47:46',NULL,NULL,'Niue',NULL,2,156);
INSERT INTO `country_description` (`DESCRIPTION_ID`, `DATE_CREATED`, `DATE_MODIFIED`, `UPDT_ID`, `DESCRIPTION`, `NAME`, `TITLE`, `LANGUAGE_ID`, `COUNTRY_ID`) VALUES (468,'2022-05-02 12:47:46','2022-05-02 12:47:46',NULL,NULL,'Niue',NULL,3,156);
INSERT INTO `country_description` (`DESCRIPTION_ID`, `DATE_CREATED`, `DATE_MODIFIED`, `UPDT_ID`, `DESCRIPTION`, `NAME`, `TITLE`, `LANGUAGE_ID`, `COUNTRY_ID`) VALUES (469,'2022-05-02 12:47:46','2022-05-02 12:47:46',NULL,NULL,'Norfolk Island',NULL,1,157);
INSERT INTO `country_description` (`DESCRIPTION_ID`, `DATE_CREATED`, `DATE_MODIFIED`, `UPDT_ID`, `DESCRIPTION`, `NAME`, `TITLE`, `LANGUAGE_ID`, `COUNTRY_ID`) VALUES (470,'2022-05-02 12:47:46','2022-05-02 12:47:46',NULL,NULL,'Île Norfolk',NULL,2,157);
INSERT INTO `country_description` (`DESCRIPTION_ID`, `DATE_CREATED`, `DATE_MODIFIED`, `UPDT_ID`, `DESCRIPTION`, `NAME`, `TITLE`, `LANGUAGE_ID`, `COUNTRY_ID`) VALUES (471,'2022-05-02 12:47:46','2022-05-02 12:47:46',NULL,NULL,'Isla Norfolk',NULL,3,157);
INSERT INTO `country_description` (`DESCRIPTION_ID`, `DATE_CREATED`, `DATE_MODIFIED`, `UPDT_ID`, `DESCRIPTION`, `NAME`, `TITLE`, `LANGUAGE_ID`, `COUNTRY_ID`) VALUES (472,'2022-05-02 12:47:46','2022-05-02 12:47:46',NULL,NULL,'Northern Mariana Islands',NULL,1,158);
INSERT INTO `country_description` (`DESCRIPTION_ID`, `DATE_CREATED`, `DATE_MODIFIED`, `UPDT_ID`, `DESCRIPTION`, `NAME`, `TITLE`, `LANGUAGE_ID`, `COUNTRY_ID`) VALUES (473,'2022-05-02 12:47:46','2022-05-02 12:47:46',NULL,NULL,'Îles Mariannes du Nord',NULL,2,158);
INSERT INTO `country_description` (`DESCRIPTION_ID`, `DATE_CREATED`, `DATE_MODIFIED`, `UPDT_ID`, `DESCRIPTION`, `NAME`, `TITLE`, `LANGUAGE_ID`, `COUNTRY_ID`) VALUES (474,'2022-05-02 12:47:46','2022-05-02 12:47:46',NULL,NULL,'Islas Marianas del Norte',NULL,3,158);
INSERT INTO `country_description` (`DESCRIPTION_ID`, `DATE_CREATED`, `DATE_MODIFIED`, `UPDT_ID`, `DESCRIPTION`, `NAME`, `TITLE`, `LANGUAGE_ID`, `COUNTRY_ID`) VALUES (475,'2022-05-02 12:47:46','2022-05-02 12:47:46',NULL,NULL,'Norway',NULL,1,159);
INSERT INTO `country_description` (`DESCRIPTION_ID`, `DATE_CREATED`, `DATE_MODIFIED`, `UPDT_ID`, `DESCRIPTION`, `NAME`, `TITLE`, `LANGUAGE_ID`, `COUNTRY_ID`) VALUES (476,'2022-05-02 12:47:46','2022-05-02 12:47:46',NULL,NULL,'Norvège',NULL,2,159);
INSERT INTO `country_description` (`DESCRIPTION_ID`, `DATE_CREATED`, `DATE_MODIFIED`, `UPDT_ID`, `DESCRIPTION`, `NAME`, `TITLE`, `LANGUAGE_ID`, `COUNTRY_ID`) VALUES (477,'2022-05-02 12:47:46','2022-05-02 12:47:46',NULL,NULL,'Noruega',NULL,3,159);
INSERT INTO `country_description` (`DESCRIPTION_ID`, `DATE_CREATED`, `DATE_MODIFIED`, `UPDT_ID`, `DESCRIPTION`, `NAME`, `TITLE`, `LANGUAGE_ID`, `COUNTRY_ID`) VALUES (478,'2022-05-02 12:47:47','2022-05-02 12:47:47',NULL,NULL,'Oman',NULL,1,160);
INSERT INTO `country_description` (`DESCRIPTION_ID`, `DATE_CREATED`, `DATE_MODIFIED`, `UPDT_ID`, `DESCRIPTION`, `NAME`, `TITLE`, `LANGUAGE_ID`, `COUNTRY_ID`) VALUES (479,'2022-05-02 12:47:47','2022-05-02 12:47:47',NULL,NULL,'Oman',NULL,2,160);
INSERT INTO `country_description` (`DESCRIPTION_ID`, `DATE_CREATED`, `DATE_MODIFIED`, `UPDT_ID`, `DESCRIPTION`, `NAME`, `TITLE`, `LANGUAGE_ID`, `COUNTRY_ID`) VALUES (480,'2022-05-02 12:47:47','2022-05-02 12:47:47',NULL,NULL,'Omán',NULL,3,160);
INSERT INTO `country_description` (`DESCRIPTION_ID`, `DATE_CREATED`, `DATE_MODIFIED`, `UPDT_ID`, `DESCRIPTION`, `NAME`, `TITLE`, `LANGUAGE_ID`, `COUNTRY_ID`) VALUES (481,'2022-05-02 12:47:47','2022-05-02 12:47:47',NULL,NULL,'Pakistan',NULL,1,161);
INSERT INTO `country_description` (`DESCRIPTION_ID`, `DATE_CREATED`, `DATE_MODIFIED`, `UPDT_ID`, `DESCRIPTION`, `NAME`, `TITLE`, `LANGUAGE_ID`, `COUNTRY_ID`) VALUES (482,'2022-05-02 12:47:47','2022-05-02 12:47:47',NULL,NULL,'Pakistan',NULL,2,161);
INSERT INTO `country_description` (`DESCRIPTION_ID`, `DATE_CREATED`, `DATE_MODIFIED`, `UPDT_ID`, `DESCRIPTION`, `NAME`, `TITLE`, `LANGUAGE_ID`, `COUNTRY_ID`) VALUES (483,'2022-05-02 12:47:47','2022-05-02 12:47:47',NULL,NULL,'Pakistán',NULL,3,161);
INSERT INTO `country_description` (`DESCRIPTION_ID`, `DATE_CREATED`, `DATE_MODIFIED`, `UPDT_ID`, `DESCRIPTION`, `NAME`, `TITLE`, `LANGUAGE_ID`, `COUNTRY_ID`) VALUES (484,'2022-05-02 12:47:47','2022-05-02 12:47:47',NULL,NULL,'Palau',NULL,1,162);
INSERT INTO `country_description` (`DESCRIPTION_ID`, `DATE_CREATED`, `DATE_MODIFIED`, `UPDT_ID`, `DESCRIPTION`, `NAME`, `TITLE`, `LANGUAGE_ID`, `COUNTRY_ID`) VALUES (485,'2022-05-02 12:47:47','2022-05-02 12:47:47',NULL,NULL,'Palaos',NULL,2,162);
INSERT INTO `country_description` (`DESCRIPTION_ID`, `DATE_CREATED`, `DATE_MODIFIED`, `UPDT_ID`, `DESCRIPTION`, `NAME`, `TITLE`, `LANGUAGE_ID`, `COUNTRY_ID`) VALUES (486,'2022-05-02 12:47:47','2022-05-02 12:47:47',NULL,NULL,'Palaos',NULL,3,162);
INSERT INTO `country_description` (`DESCRIPTION_ID`, `DATE_CREATED`, `DATE_MODIFIED`, `UPDT_ID`, `DESCRIPTION`, `NAME`, `TITLE`, `LANGUAGE_ID`, `COUNTRY_ID`) VALUES (487,'2022-05-02 12:47:47','2022-05-02 12:47:47',NULL,NULL,'Palestinian Territories',NULL,1,163);
INSERT INTO `country_description` (`DESCRIPTION_ID`, `DATE_CREATED`, `DATE_MODIFIED`, `UPDT_ID`, `DESCRIPTION`, `NAME`, `TITLE`, `LANGUAGE_ID`, `COUNTRY_ID`) VALUES (488,'2022-05-02 12:47:47','2022-05-02 12:47:47',NULL,NULL,'Territoires palestiniens',NULL,2,163);
INSERT INTO `country_description` (`DESCRIPTION_ID`, `DATE_CREATED`, `DATE_MODIFIED`, `UPDT_ID`, `DESCRIPTION`, `NAME`, `TITLE`, `LANGUAGE_ID`, `COUNTRY_ID`) VALUES (489,'2022-05-02 12:47:47','2022-05-02 12:47:47',NULL,NULL,'Territorios Palestinos',NULL,3,163);
INSERT INTO `country_description` (`DESCRIPTION_ID`, `DATE_CREATED`, `DATE_MODIFIED`, `UPDT_ID`, `DESCRIPTION`, `NAME`, `TITLE`, `LANGUAGE_ID`, `COUNTRY_ID`) VALUES (490,'2022-05-02 12:47:47','2022-05-02 12:47:47',NULL,NULL,'Panama',NULL,1,164);
INSERT INTO `country_description` (`DESCRIPTION_ID`, `DATE_CREATED`, `DATE_MODIFIED`, `UPDT_ID`, `DESCRIPTION`, `NAME`, `TITLE`, `LANGUAGE_ID`, `COUNTRY_ID`) VALUES (491,'2022-05-02 12:47:47','2022-05-02 12:47:47',NULL,NULL,'Panama',NULL,2,164);
INSERT INTO `country_description` (`DESCRIPTION_ID`, `DATE_CREATED`, `DATE_MODIFIED`, `UPDT_ID`, `DESCRIPTION`, `NAME`, `TITLE`, `LANGUAGE_ID`, `COUNTRY_ID`) VALUES (492,'2022-05-02 12:47:47','2022-05-02 12:47:47',NULL,NULL,'Panamá',NULL,3,164);
INSERT INTO `country_description` (`DESCRIPTION_ID`, `DATE_CREATED`, `DATE_MODIFIED`, `UPDT_ID`, `DESCRIPTION`, `NAME`, `TITLE`, `LANGUAGE_ID`, `COUNTRY_ID`) VALUES (493,'2022-05-02 12:47:47','2022-05-02 12:47:47',NULL,NULL,'Papua New Guinea',NULL,1,165);
INSERT INTO `country_description` (`DESCRIPTION_ID`, `DATE_CREATED`, `DATE_MODIFIED`, `UPDT_ID`, `DESCRIPTION`, `NAME`, `TITLE`, `LANGUAGE_ID`, `COUNTRY_ID`) VALUES (494,'2022-05-02 12:47:47','2022-05-02 12:47:47',NULL,NULL,'Papouasie-Nouvelle-Guinée',NULL,2,165);
INSERT INTO `country_description` (`DESCRIPTION_ID`, `DATE_CREATED`, `DATE_MODIFIED`, `UPDT_ID`, `DESCRIPTION`, `NAME`, `TITLE`, `LANGUAGE_ID`, `COUNTRY_ID`) VALUES (495,'2022-05-02 12:47:47','2022-05-02 12:47:47',NULL,NULL,'Papúa Nueva Guinea',NULL,3,165);
INSERT INTO `country_description` (`DESCRIPTION_ID`, `DATE_CREATED`, `DATE_MODIFIED`, `UPDT_ID`, `DESCRIPTION`, `NAME`, `TITLE`, `LANGUAGE_ID`, `COUNTRY_ID`) VALUES (496,'2022-05-02 12:47:47','2022-05-02 12:47:47',NULL,NULL,'Paraguay',NULL,1,166);
INSERT INTO `country_description` (`DESCRIPTION_ID`, `DATE_CREATED`, `DATE_MODIFIED`, `UPDT_ID`, `DESCRIPTION`, `NAME`, `TITLE`, `LANGUAGE_ID`, `COUNTRY_ID`) VALUES (497,'2022-05-02 12:47:47','2022-05-02 12:47:47',NULL,NULL,'Paraguay',NULL,2,166);
INSERT INTO `country_description` (`DESCRIPTION_ID`, `DATE_CREATED`, `DATE_MODIFIED`, `UPDT_ID`, `DESCRIPTION`, `NAME`, `TITLE`, `LANGUAGE_ID`, `COUNTRY_ID`) VALUES (498,'2022-05-02 12:47:47','2022-05-02 12:47:47',NULL,NULL,'Paraguay',NULL,3,166);
INSERT INTO `country_description` (`DESCRIPTION_ID`, `DATE_CREATED`, `DATE_MODIFIED`, `UPDT_ID`, `DESCRIPTION`, `NAME`, `TITLE`, `LANGUAGE_ID`, `COUNTRY_ID`) VALUES (499,'2022-05-02 12:47:47','2022-05-02 12:47:47',NULL,NULL,'Peru',NULL,1,167);
INSERT INTO `country_description` (`DESCRIPTION_ID`, `DATE_CREATED`, `DATE_MODIFIED`, `UPDT_ID`, `DESCRIPTION`, `NAME`, `TITLE`, `LANGUAGE_ID`, `COUNTRY_ID`) VALUES (500,'2022-05-02 12:47:47','2022-05-02 12:47:47',NULL,NULL,'Pérou',NULL,2,167);
INSERT INTO `country_description` (`DESCRIPTION_ID`, `DATE_CREATED`, `DATE_MODIFIED`, `UPDT_ID`, `DESCRIPTION`, `NAME`, `TITLE`, `LANGUAGE_ID`, `COUNTRY_ID`) VALUES (501,'2022-05-02 12:47:47','2022-05-02 12:47:47',NULL,NULL,'Perú',NULL,3,167);
INSERT INTO `country_description` (`DESCRIPTION_ID`, `DATE_CREATED`, `DATE_MODIFIED`, `UPDT_ID`, `DESCRIPTION`, `NAME`, `TITLE`, `LANGUAGE_ID`, `COUNTRY_ID`) VALUES (502,'2022-05-02 12:47:47','2022-05-02 12:47:47',NULL,NULL,'Philippines',NULL,1,168);
INSERT INTO `country_description` (`DESCRIPTION_ID`, `DATE_CREATED`, `DATE_MODIFIED`, `UPDT_ID`, `DESCRIPTION`, `NAME`, `TITLE`, `LANGUAGE_ID`, `COUNTRY_ID`) VALUES (503,'2022-05-02 12:47:47','2022-05-02 12:47:47',NULL,NULL,'Philippines',NULL,2,168);
INSERT INTO `country_description` (`DESCRIPTION_ID`, `DATE_CREATED`, `DATE_MODIFIED`, `UPDT_ID`, `DESCRIPTION`, `NAME`, `TITLE`, `LANGUAGE_ID`, `COUNTRY_ID`) VALUES (504,'2022-05-02 12:47:47','2022-05-02 12:47:47',NULL,NULL,'Filipinas',NULL,3,168);
INSERT INTO `country_description` (`DESCRIPTION_ID`, `DATE_CREATED`, `DATE_MODIFIED`, `UPDT_ID`, `DESCRIPTION`, `NAME`, `TITLE`, `LANGUAGE_ID`, `COUNTRY_ID`) VALUES (505,'2022-05-02 12:47:47','2022-05-02 12:47:47',NULL,NULL,'Pitcairn Islands',NULL,1,169);
INSERT INTO `country_description` (`DESCRIPTION_ID`, `DATE_CREATED`, `DATE_MODIFIED`, `UPDT_ID`, `DESCRIPTION`, `NAME`, `TITLE`, `LANGUAGE_ID`, `COUNTRY_ID`) VALUES (506,'2022-05-02 12:47:47','2022-05-02 12:47:47',NULL,NULL,'Îles Pitcairn',NULL,2,169);
INSERT INTO `country_description` (`DESCRIPTION_ID`, `DATE_CREATED`, `DATE_MODIFIED`, `UPDT_ID`, `DESCRIPTION`, `NAME`, `TITLE`, `LANGUAGE_ID`, `COUNTRY_ID`) VALUES (507,'2022-05-02 12:47:47','2022-05-02 12:47:47',NULL,NULL,'Islas Pitcairn',NULL,3,169);
INSERT INTO `country_description` (`DESCRIPTION_ID`, `DATE_CREATED`, `DATE_MODIFIED`, `UPDT_ID`, `DESCRIPTION`, `NAME`, `TITLE`, `LANGUAGE_ID`, `COUNTRY_ID`) VALUES (508,'2022-05-02 12:47:47','2022-05-02 12:47:47',NULL,NULL,'Poland',NULL,1,170);
INSERT INTO `country_description` (`DESCRIPTION_ID`, `DATE_CREATED`, `DATE_MODIFIED`, `UPDT_ID`, `DESCRIPTION`, `NAME`, `TITLE`, `LANGUAGE_ID`, `COUNTRY_ID`) VALUES (509,'2022-05-02 12:47:47','2022-05-02 12:47:47',NULL,NULL,'Pologne',NULL,2,170);
INSERT INTO `country_description` (`DESCRIPTION_ID`, `DATE_CREATED`, `DATE_MODIFIED`, `UPDT_ID`, `DESCRIPTION`, `NAME`, `TITLE`, `LANGUAGE_ID`, `COUNTRY_ID`) VALUES (510,'2022-05-02 12:47:47','2022-05-02 12:47:47',NULL,NULL,'Polonia',NULL,3,170);
INSERT INTO `country_description` (`DESCRIPTION_ID`, `DATE_CREATED`, `DATE_MODIFIED`, `UPDT_ID`, `DESCRIPTION`, `NAME`, `TITLE`, `LANGUAGE_ID`, `COUNTRY_ID`) VALUES (511,'2022-05-02 12:47:47','2022-05-02 12:47:47',NULL,NULL,'Portugal',NULL,1,171);
INSERT INTO `country_description` (`DESCRIPTION_ID`, `DATE_CREATED`, `DATE_MODIFIED`, `UPDT_ID`, `DESCRIPTION`, `NAME`, `TITLE`, `LANGUAGE_ID`, `COUNTRY_ID`) VALUES (512,'2022-05-02 12:47:47','2022-05-02 12:47:47',NULL,NULL,'Portugal',NULL,2,171);
INSERT INTO `country_description` (`DESCRIPTION_ID`, `DATE_CREATED`, `DATE_MODIFIED`, `UPDT_ID`, `DESCRIPTION`, `NAME`, `TITLE`, `LANGUAGE_ID`, `COUNTRY_ID`) VALUES (513,'2022-05-02 12:47:47','2022-05-02 12:47:47',NULL,NULL,'Portugal',NULL,3,171);
INSERT INTO `country_description` (`DESCRIPTION_ID`, `DATE_CREATED`, `DATE_MODIFIED`, `UPDT_ID`, `DESCRIPTION`, `NAME`, `TITLE`, `LANGUAGE_ID`, `COUNTRY_ID`) VALUES (514,'2022-05-02 12:47:47','2022-05-02 12:47:47',NULL,NULL,'Puerto Rico',NULL,1,172);
INSERT INTO `country_description` (`DESCRIPTION_ID`, `DATE_CREATED`, `DATE_MODIFIED`, `UPDT_ID`, `DESCRIPTION`, `NAME`, `TITLE`, `LANGUAGE_ID`, `COUNTRY_ID`) VALUES (515,'2022-05-02 12:47:47','2022-05-02 12:47:47',NULL,NULL,'Porto Rico',NULL,2,172);
INSERT INTO `country_description` (`DESCRIPTION_ID`, `DATE_CREATED`, `DATE_MODIFIED`, `UPDT_ID`, `DESCRIPTION`, `NAME`, `TITLE`, `LANGUAGE_ID`, `COUNTRY_ID`) VALUES (516,'2022-05-02 12:47:47','2022-05-02 12:47:47',NULL,NULL,'Puerto Rico',NULL,3,172);
INSERT INTO `country_description` (`DESCRIPTION_ID`, `DATE_CREATED`, `DATE_MODIFIED`, `UPDT_ID`, `DESCRIPTION`, `NAME`, `TITLE`, `LANGUAGE_ID`, `COUNTRY_ID`) VALUES (517,'2022-05-02 12:47:47','2022-05-02 12:47:47',NULL,NULL,'Qatar',NULL,1,173);
INSERT INTO `country_description` (`DESCRIPTION_ID`, `DATE_CREATED`, `DATE_MODIFIED`, `UPDT_ID`, `DESCRIPTION`, `NAME`, `TITLE`, `LANGUAGE_ID`, `COUNTRY_ID`) VALUES (518,'2022-05-02 12:47:47','2022-05-02 12:47:47',NULL,NULL,'Qatar',NULL,2,173);
INSERT INTO `country_description` (`DESCRIPTION_ID`, `DATE_CREATED`, `DATE_MODIFIED`, `UPDT_ID`, `DESCRIPTION`, `NAME`, `TITLE`, `LANGUAGE_ID`, `COUNTRY_ID`) VALUES (519,'2022-05-02 12:47:47','2022-05-02 12:47:47',NULL,NULL,'Catar',NULL,3,173);
INSERT INTO `country_description` (`DESCRIPTION_ID`, `DATE_CREATED`, `DATE_MODIFIED`, `UPDT_ID`, `DESCRIPTION`, `NAME`, `TITLE`, `LANGUAGE_ID`, `COUNTRY_ID`) VALUES (520,'2022-05-02 12:47:47','2022-05-02 12:47:47',NULL,NULL,'Réunion',NULL,1,174);
INSERT INTO `country_description` (`DESCRIPTION_ID`, `DATE_CREATED`, `DATE_MODIFIED`, `UPDT_ID`, `DESCRIPTION`, `NAME`, `TITLE`, `LANGUAGE_ID`, `COUNTRY_ID`) VALUES (521,'2022-05-02 12:47:47','2022-05-02 12:47:47',NULL,NULL,'La Réunion',NULL,2,174);
INSERT INTO `country_description` (`DESCRIPTION_ID`, `DATE_CREATED`, `DATE_MODIFIED`, `UPDT_ID`, `DESCRIPTION`, `NAME`, `TITLE`, `LANGUAGE_ID`, `COUNTRY_ID`) VALUES (522,'2022-05-02 12:47:47','2022-05-02 12:47:47',NULL,NULL,'Reunión',NULL,3,174);
INSERT INTO `country_description` (`DESCRIPTION_ID`, `DATE_CREATED`, `DATE_MODIFIED`, `UPDT_ID`, `DESCRIPTION`, `NAME`, `TITLE`, `LANGUAGE_ID`, `COUNTRY_ID`) VALUES (523,'2022-05-02 12:47:48','2022-05-02 12:47:48',NULL,NULL,'Romania',NULL,1,175);
INSERT INTO `country_description` (`DESCRIPTION_ID`, `DATE_CREATED`, `DATE_MODIFIED`, `UPDT_ID`, `DESCRIPTION`, `NAME`, `TITLE`, `LANGUAGE_ID`, `COUNTRY_ID`) VALUES (524,'2022-05-02 12:47:48','2022-05-02 12:47:48',NULL,NULL,'Roumanie',NULL,2,175);
INSERT INTO `country_description` (`DESCRIPTION_ID`, `DATE_CREATED`, `DATE_MODIFIED`, `UPDT_ID`, `DESCRIPTION`, `NAME`, `TITLE`, `LANGUAGE_ID`, `COUNTRY_ID`) VALUES (525,'2022-05-02 12:47:48','2022-05-02 12:47:48',NULL,NULL,'Rumanía',NULL,3,175);
INSERT INTO `country_description` (`DESCRIPTION_ID`, `DATE_CREATED`, `DATE_MODIFIED`, `UPDT_ID`, `DESCRIPTION`, `NAME`, `TITLE`, `LANGUAGE_ID`, `COUNTRY_ID`) VALUES (526,'2022-05-02 12:47:48','2022-05-02 12:47:48',NULL,NULL,'Russia',NULL,1,176);
INSERT INTO `country_description` (`DESCRIPTION_ID`, `DATE_CREATED`, `DATE_MODIFIED`, `UPDT_ID`, `DESCRIPTION`, `NAME`, `TITLE`, `LANGUAGE_ID`, `COUNTRY_ID`) VALUES (527,'2022-05-02 12:47:48','2022-05-02 12:47:48',NULL,NULL,'Russie',NULL,2,176);
INSERT INTO `country_description` (`DESCRIPTION_ID`, `DATE_CREATED`, `DATE_MODIFIED`, `UPDT_ID`, `DESCRIPTION`, `NAME`, `TITLE`, `LANGUAGE_ID`, `COUNTRY_ID`) VALUES (528,'2022-05-02 12:47:48','2022-05-02 12:47:48',NULL,NULL,'Rusia',NULL,3,176);
INSERT INTO `country_description` (`DESCRIPTION_ID`, `DATE_CREATED`, `DATE_MODIFIED`, `UPDT_ID`, `DESCRIPTION`, `NAME`, `TITLE`, `LANGUAGE_ID`, `COUNTRY_ID`) VALUES (529,'2022-05-02 12:47:48','2022-05-02 12:47:48',NULL,NULL,'Rwanda',NULL,1,177);
INSERT INTO `country_description` (`DESCRIPTION_ID`, `DATE_CREATED`, `DATE_MODIFIED`, `UPDT_ID`, `DESCRIPTION`, `NAME`, `TITLE`, `LANGUAGE_ID`, `COUNTRY_ID`) VALUES (530,'2022-05-02 12:47:48','2022-05-02 12:47:48',NULL,NULL,'Rwanda',NULL,2,177);
INSERT INTO `country_description` (`DESCRIPTION_ID`, `DATE_CREATED`, `DATE_MODIFIED`, `UPDT_ID`, `DESCRIPTION`, `NAME`, `TITLE`, `LANGUAGE_ID`, `COUNTRY_ID`) VALUES (531,'2022-05-02 12:47:48','2022-05-02 12:47:48',NULL,NULL,'Ruanda',NULL,3,177);
INSERT INTO `country_description` (`DESCRIPTION_ID`, `DATE_CREATED`, `DATE_MODIFIED`, `UPDT_ID`, `DESCRIPTION`, `NAME`, `TITLE`, `LANGUAGE_ID`, `COUNTRY_ID`) VALUES (532,'2022-05-02 12:47:48','2022-05-02 12:47:48',NULL,NULL,'St. Helena',NULL,1,178);
INSERT INTO `country_description` (`DESCRIPTION_ID`, `DATE_CREATED`, `DATE_MODIFIED`, `UPDT_ID`, `DESCRIPTION`, `NAME`, `TITLE`, `LANGUAGE_ID`, `COUNTRY_ID`) VALUES (533,'2022-05-02 12:47:48','2022-05-02 12:47:48',NULL,NULL,'Sainte-Hélène',NULL,2,178);
INSERT INTO `country_description` (`DESCRIPTION_ID`, `DATE_CREATED`, `DATE_MODIFIED`, `UPDT_ID`, `DESCRIPTION`, `NAME`, `TITLE`, `LANGUAGE_ID`, `COUNTRY_ID`) VALUES (534,'2022-05-02 12:47:48','2022-05-02 12:47:48',NULL,NULL,'Santa Elena',NULL,3,178);
INSERT INTO `country_description` (`DESCRIPTION_ID`, `DATE_CREATED`, `DATE_MODIFIED`, `UPDT_ID`, `DESCRIPTION`, `NAME`, `TITLE`, `LANGUAGE_ID`, `COUNTRY_ID`) VALUES (535,'2022-05-02 12:47:48','2022-05-02 12:47:48',NULL,NULL,'St. Kitts & Nevis',NULL,1,179);
INSERT INTO `country_description` (`DESCRIPTION_ID`, `DATE_CREATED`, `DATE_MODIFIED`, `UPDT_ID`, `DESCRIPTION`, `NAME`, `TITLE`, `LANGUAGE_ID`, `COUNTRY_ID`) VALUES (536,'2022-05-02 12:47:48','2022-05-02 12:47:48',NULL,NULL,'Saint-Christophe-et-Niévès',NULL,2,179);
INSERT INTO `country_description` (`DESCRIPTION_ID`, `DATE_CREATED`, `DATE_MODIFIED`, `UPDT_ID`, `DESCRIPTION`, `NAME`, `TITLE`, `LANGUAGE_ID`, `COUNTRY_ID`) VALUES (537,'2022-05-02 12:47:48','2022-05-02 12:47:48',NULL,NULL,'San Cristóbal y Nieves',NULL,3,179);
INSERT INTO `country_description` (`DESCRIPTION_ID`, `DATE_CREATED`, `DATE_MODIFIED`, `UPDT_ID`, `DESCRIPTION`, `NAME`, `TITLE`, `LANGUAGE_ID`, `COUNTRY_ID`) VALUES (538,'2022-05-02 12:47:48','2022-05-02 12:47:48',NULL,NULL,'St. Lucia',NULL,1,180);
INSERT INTO `country_description` (`DESCRIPTION_ID`, `DATE_CREATED`, `DATE_MODIFIED`, `UPDT_ID`, `DESCRIPTION`, `NAME`, `TITLE`, `LANGUAGE_ID`, `COUNTRY_ID`) VALUES (539,'2022-05-02 12:47:48','2022-05-02 12:47:48',NULL,NULL,'Sainte-Lucie',NULL,2,180);
INSERT INTO `country_description` (`DESCRIPTION_ID`, `DATE_CREATED`, `DATE_MODIFIED`, `UPDT_ID`, `DESCRIPTION`, `NAME`, `TITLE`, `LANGUAGE_ID`, `COUNTRY_ID`) VALUES (540,'2022-05-02 12:47:48','2022-05-02 12:47:48',NULL,NULL,'Santa Lucía',NULL,3,180);
INSERT INTO `country_description` (`DESCRIPTION_ID`, `DATE_CREATED`, `DATE_MODIFIED`, `UPDT_ID`, `DESCRIPTION`, `NAME`, `TITLE`, `LANGUAGE_ID`, `COUNTRY_ID`) VALUES (541,'2022-05-02 12:47:48','2022-05-02 12:47:48',NULL,NULL,'St. Pierre & Miquelon',NULL,1,181);
INSERT INTO `country_description` (`DESCRIPTION_ID`, `DATE_CREATED`, `DATE_MODIFIED`, `UPDT_ID`, `DESCRIPTION`, `NAME`, `TITLE`, `LANGUAGE_ID`, `COUNTRY_ID`) VALUES (542,'2022-05-02 12:47:48','2022-05-02 12:47:48',NULL,NULL,'Saint-Pierre-et-Miquelon',NULL,2,181);
INSERT INTO `country_description` (`DESCRIPTION_ID`, `DATE_CREATED`, `DATE_MODIFIED`, `UPDT_ID`, `DESCRIPTION`, `NAME`, `TITLE`, `LANGUAGE_ID`, `COUNTRY_ID`) VALUES (543,'2022-05-02 12:47:48','2022-05-02 12:47:48',NULL,NULL,'San Pedro y Miquelón',NULL,3,181);
INSERT INTO `country_description` (`DESCRIPTION_ID`, `DATE_CREATED`, `DATE_MODIFIED`, `UPDT_ID`, `DESCRIPTION`, `NAME`, `TITLE`, `LANGUAGE_ID`, `COUNTRY_ID`) VALUES (544,'2022-05-02 12:47:48','2022-05-02 12:47:48',NULL,NULL,'St. Vincent & Grenadines',NULL,1,182);
INSERT INTO `country_description` (`DESCRIPTION_ID`, `DATE_CREATED`, `DATE_MODIFIED`, `UPDT_ID`, `DESCRIPTION`, `NAME`, `TITLE`, `LANGUAGE_ID`, `COUNTRY_ID`) VALUES (545,'2022-05-02 12:47:48','2022-05-02 12:47:48',NULL,NULL,'Saint-Vincent-et-les-Grenadines',NULL,2,182);
INSERT INTO `country_description` (`DESCRIPTION_ID`, `DATE_CREATED`, `DATE_MODIFIED`, `UPDT_ID`, `DESCRIPTION`, `NAME`, `TITLE`, `LANGUAGE_ID`, `COUNTRY_ID`) VALUES (546,'2022-05-02 12:47:48','2022-05-02 12:47:48',NULL,NULL,'San Vicente y las Granadinas',NULL,3,182);
INSERT INTO `country_description` (`DESCRIPTION_ID`, `DATE_CREATED`, `DATE_MODIFIED`, `UPDT_ID`, `DESCRIPTION`, `NAME`, `TITLE`, `LANGUAGE_ID`, `COUNTRY_ID`) VALUES (547,'2022-05-02 12:47:48','2022-05-02 12:47:48',NULL,NULL,'Samoa',NULL,1,183);
INSERT INTO `country_description` (`DESCRIPTION_ID`, `DATE_CREATED`, `DATE_MODIFIED`, `UPDT_ID`, `DESCRIPTION`, `NAME`, `TITLE`, `LANGUAGE_ID`, `COUNTRY_ID`) VALUES (548,'2022-05-02 12:47:48','2022-05-02 12:47:48',NULL,NULL,'Samoa',NULL,2,183);
INSERT INTO `country_description` (`DESCRIPTION_ID`, `DATE_CREATED`, `DATE_MODIFIED`, `UPDT_ID`, `DESCRIPTION`, `NAME`, `TITLE`, `LANGUAGE_ID`, `COUNTRY_ID`) VALUES (549,'2022-05-02 12:47:48','2022-05-02 12:47:48',NULL,NULL,'Samoa',NULL,3,183);
INSERT INTO `country_description` (`DESCRIPTION_ID`, `DATE_CREATED`, `DATE_MODIFIED`, `UPDT_ID`, `DESCRIPTION`, `NAME`, `TITLE`, `LANGUAGE_ID`, `COUNTRY_ID`) VALUES (550,'2022-05-02 12:47:48','2022-05-02 12:47:48',NULL,NULL,'San Marino',NULL,1,184);
INSERT INTO `country_description` (`DESCRIPTION_ID`, `DATE_CREATED`, `DATE_MODIFIED`, `UPDT_ID`, `DESCRIPTION`, `NAME`, `TITLE`, `LANGUAGE_ID`, `COUNTRY_ID`) VALUES (551,'2022-05-02 12:47:48','2022-05-02 12:47:48',NULL,NULL,'Saint-Marin',NULL,2,184);
INSERT INTO `country_description` (`DESCRIPTION_ID`, `DATE_CREATED`, `DATE_MODIFIED`, `UPDT_ID`, `DESCRIPTION`, `NAME`, `TITLE`, `LANGUAGE_ID`, `COUNTRY_ID`) VALUES (552,'2022-05-02 12:47:48','2022-05-02 12:47:48',NULL,NULL,'San Marino',NULL,3,184);
INSERT INTO `country_description` (`DESCRIPTION_ID`, `DATE_CREATED`, `DATE_MODIFIED`, `UPDT_ID`, `DESCRIPTION`, `NAME`, `TITLE`, `LANGUAGE_ID`, `COUNTRY_ID`) VALUES (553,'2022-05-02 12:47:48','2022-05-02 12:47:48',NULL,NULL,'São Tomé & Príncipe',NULL,1,185);
INSERT INTO `country_description` (`DESCRIPTION_ID`, `DATE_CREATED`, `DATE_MODIFIED`, `UPDT_ID`, `DESCRIPTION`, `NAME`, `TITLE`, `LANGUAGE_ID`, `COUNTRY_ID`) VALUES (554,'2022-05-02 12:47:48','2022-05-02 12:47:48',NULL,NULL,'Sao Tomé-et-Principe',NULL,2,185);
INSERT INTO `country_description` (`DESCRIPTION_ID`, `DATE_CREATED`, `DATE_MODIFIED`, `UPDT_ID`, `DESCRIPTION`, `NAME`, `TITLE`, `LANGUAGE_ID`, `COUNTRY_ID`) VALUES (555,'2022-05-02 12:47:48','2022-05-02 12:47:48',NULL,NULL,'Santo Tomé y Príncipe',NULL,3,185);
INSERT INTO `country_description` (`DESCRIPTION_ID`, `DATE_CREATED`, `DATE_MODIFIED`, `UPDT_ID`, `DESCRIPTION`, `NAME`, `TITLE`, `LANGUAGE_ID`, `COUNTRY_ID`) VALUES (556,'2022-05-02 12:47:48','2022-05-02 12:47:48',NULL,NULL,'Saudi Arabia',NULL,1,186);
INSERT INTO `country_description` (`DESCRIPTION_ID`, `DATE_CREATED`, `DATE_MODIFIED`, `UPDT_ID`, `DESCRIPTION`, `NAME`, `TITLE`, `LANGUAGE_ID`, `COUNTRY_ID`) VALUES (557,'2022-05-02 12:47:48','2022-05-02 12:47:48',NULL,NULL,'Arabie saoudite',NULL,2,186);
INSERT INTO `country_description` (`DESCRIPTION_ID`, `DATE_CREATED`, `DATE_MODIFIED`, `UPDT_ID`, `DESCRIPTION`, `NAME`, `TITLE`, `LANGUAGE_ID`, `COUNTRY_ID`) VALUES (558,'2022-05-02 12:47:48','2022-05-02 12:47:48',NULL,NULL,'Arabia Saudí',NULL,3,186);
INSERT INTO `country_description` (`DESCRIPTION_ID`, `DATE_CREATED`, `DATE_MODIFIED`, `UPDT_ID`, `DESCRIPTION`, `NAME`, `TITLE`, `LANGUAGE_ID`, `COUNTRY_ID`) VALUES (559,'2022-05-02 12:47:48','2022-05-02 12:47:48',NULL,NULL,'Senegal',NULL,1,187);
INSERT INTO `country_description` (`DESCRIPTION_ID`, `DATE_CREATED`, `DATE_MODIFIED`, `UPDT_ID`, `DESCRIPTION`, `NAME`, `TITLE`, `LANGUAGE_ID`, `COUNTRY_ID`) VALUES (560,'2022-05-02 12:47:48','2022-05-02 12:47:48',NULL,NULL,'Sénégal',NULL,2,187);
INSERT INTO `country_description` (`DESCRIPTION_ID`, `DATE_CREATED`, `DATE_MODIFIED`, `UPDT_ID`, `DESCRIPTION`, `NAME`, `TITLE`, `LANGUAGE_ID`, `COUNTRY_ID`) VALUES (561,'2022-05-02 12:47:48','2022-05-02 12:47:48',NULL,NULL,'Senegal',NULL,3,187);
INSERT INTO `country_description` (`DESCRIPTION_ID`, `DATE_CREATED`, `DATE_MODIFIED`, `UPDT_ID`, `DESCRIPTION`, `NAME`, `TITLE`, `LANGUAGE_ID`, `COUNTRY_ID`) VALUES (562,'2022-05-02 12:47:48','2022-05-02 12:47:48',NULL,NULL,'Serbia',NULL,1,188);
INSERT INTO `country_description` (`DESCRIPTION_ID`, `DATE_CREATED`, `DATE_MODIFIED`, `UPDT_ID`, `DESCRIPTION`, `NAME`, `TITLE`, `LANGUAGE_ID`, `COUNTRY_ID`) VALUES (563,'2022-05-02 12:47:48','2022-05-02 12:47:48',NULL,NULL,'Serbie',NULL,2,188);
INSERT INTO `country_description` (`DESCRIPTION_ID`, `DATE_CREATED`, `DATE_MODIFIED`, `UPDT_ID`, `DESCRIPTION`, `NAME`, `TITLE`, `LANGUAGE_ID`, `COUNTRY_ID`) VALUES (564,'2022-05-02 12:47:48','2022-05-02 12:47:48',NULL,NULL,'Serbia',NULL,3,188);
INSERT INTO `country_description` (`DESCRIPTION_ID`, `DATE_CREATED`, `DATE_MODIFIED`, `UPDT_ID`, `DESCRIPTION`, `NAME`, `TITLE`, `LANGUAGE_ID`, `COUNTRY_ID`) VALUES (565,'2022-05-02 12:47:48','2022-05-02 12:47:48',NULL,NULL,'Seychelles',NULL,1,189);
INSERT INTO `country_description` (`DESCRIPTION_ID`, `DATE_CREATED`, `DATE_MODIFIED`, `UPDT_ID`, `DESCRIPTION`, `NAME`, `TITLE`, `LANGUAGE_ID`, `COUNTRY_ID`) VALUES (566,'2022-05-02 12:47:48','2022-05-02 12:47:48',NULL,NULL,'Seychelles',NULL,2,189);
INSERT INTO `country_description` (`DESCRIPTION_ID`, `DATE_CREATED`, `DATE_MODIFIED`, `UPDT_ID`, `DESCRIPTION`, `NAME`, `TITLE`, `LANGUAGE_ID`, `COUNTRY_ID`) VALUES (567,'2022-05-02 12:47:48','2022-05-02 12:47:48',NULL,NULL,'Seychelles',NULL,3,189);
INSERT INTO `country_description` (`DESCRIPTION_ID`, `DATE_CREATED`, `DATE_MODIFIED`, `UPDT_ID`, `DESCRIPTION`, `NAME`, `TITLE`, `LANGUAGE_ID`, `COUNTRY_ID`) VALUES (568,'2022-05-02 12:47:49','2022-05-02 12:47:49',NULL,NULL,'Sierra Leone',NULL,1,190);
INSERT INTO `country_description` (`DESCRIPTION_ID`, `DATE_CREATED`, `DATE_MODIFIED`, `UPDT_ID`, `DESCRIPTION`, `NAME`, `TITLE`, `LANGUAGE_ID`, `COUNTRY_ID`) VALUES (569,'2022-05-02 12:47:49','2022-05-02 12:47:49',NULL,NULL,'Sierra Leone',NULL,2,190);
INSERT INTO `country_description` (`DESCRIPTION_ID`, `DATE_CREATED`, `DATE_MODIFIED`, `UPDT_ID`, `DESCRIPTION`, `NAME`, `TITLE`, `LANGUAGE_ID`, `COUNTRY_ID`) VALUES (570,'2022-05-02 12:47:49','2022-05-02 12:47:49',NULL,NULL,'Sierra Leona',NULL,3,190);
INSERT INTO `country_description` (`DESCRIPTION_ID`, `DATE_CREATED`, `DATE_MODIFIED`, `UPDT_ID`, `DESCRIPTION`, `NAME`, `TITLE`, `LANGUAGE_ID`, `COUNTRY_ID`) VALUES (571,'2022-05-02 12:47:49','2022-05-02 12:47:49',NULL,NULL,'Singapore',NULL,1,191);
INSERT INTO `country_description` (`DESCRIPTION_ID`, `DATE_CREATED`, `DATE_MODIFIED`, `UPDT_ID`, `DESCRIPTION`, `NAME`, `TITLE`, `LANGUAGE_ID`, `COUNTRY_ID`) VALUES (572,'2022-05-02 12:47:49','2022-05-02 12:47:49',NULL,NULL,'Singapour',NULL,2,191);
INSERT INTO `country_description` (`DESCRIPTION_ID`, `DATE_CREATED`, `DATE_MODIFIED`, `UPDT_ID`, `DESCRIPTION`, `NAME`, `TITLE`, `LANGUAGE_ID`, `COUNTRY_ID`) VALUES (573,'2022-05-02 12:47:49','2022-05-02 12:47:49',NULL,NULL,'Singapur',NULL,3,191);
INSERT INTO `country_description` (`DESCRIPTION_ID`, `DATE_CREATED`, `DATE_MODIFIED`, `UPDT_ID`, `DESCRIPTION`, `NAME`, `TITLE`, `LANGUAGE_ID`, `COUNTRY_ID`) VALUES (574,'2022-05-02 12:47:49','2022-05-02 12:47:49',NULL,NULL,'Slovakia',NULL,1,192);
INSERT INTO `country_description` (`DESCRIPTION_ID`, `DATE_CREATED`, `DATE_MODIFIED`, `UPDT_ID`, `DESCRIPTION`, `NAME`, `TITLE`, `LANGUAGE_ID`, `COUNTRY_ID`) VALUES (575,'2022-05-02 12:47:49','2022-05-02 12:47:49',NULL,NULL,'Slovaquie',NULL,2,192);
INSERT INTO `country_description` (`DESCRIPTION_ID`, `DATE_CREATED`, `DATE_MODIFIED`, `UPDT_ID`, `DESCRIPTION`, `NAME`, `TITLE`, `LANGUAGE_ID`, `COUNTRY_ID`) VALUES (576,'2022-05-02 12:47:49','2022-05-02 12:47:49',NULL,NULL,'Eslovaquia',NULL,3,192);
INSERT INTO `country_description` (`DESCRIPTION_ID`, `DATE_CREATED`, `DATE_MODIFIED`, `UPDT_ID`, `DESCRIPTION`, `NAME`, `TITLE`, `LANGUAGE_ID`, `COUNTRY_ID`) VALUES (577,'2022-05-02 12:47:49','2022-05-02 12:47:49',NULL,NULL,'Slovenia',NULL,1,193);
INSERT INTO `country_description` (`DESCRIPTION_ID`, `DATE_CREATED`, `DATE_MODIFIED`, `UPDT_ID`, `DESCRIPTION`, `NAME`, `TITLE`, `LANGUAGE_ID`, `COUNTRY_ID`) VALUES (578,'2022-05-02 12:47:49','2022-05-02 12:47:49',NULL,NULL,'Slovénie',NULL,2,193);
INSERT INTO `country_description` (`DESCRIPTION_ID`, `DATE_CREATED`, `DATE_MODIFIED`, `UPDT_ID`, `DESCRIPTION`, `NAME`, `TITLE`, `LANGUAGE_ID`, `COUNTRY_ID`) VALUES (579,'2022-05-02 12:47:49','2022-05-02 12:47:49',NULL,NULL,'Eslovenia',NULL,3,193);
INSERT INTO `country_description` (`DESCRIPTION_ID`, `DATE_CREATED`, `DATE_MODIFIED`, `UPDT_ID`, `DESCRIPTION`, `NAME`, `TITLE`, `LANGUAGE_ID`, `COUNTRY_ID`) VALUES (580,'2022-05-02 12:47:49','2022-05-02 12:47:49',NULL,NULL,'Solomon Islands',NULL,1,194);
INSERT INTO `country_description` (`DESCRIPTION_ID`, `DATE_CREATED`, `DATE_MODIFIED`, `UPDT_ID`, `DESCRIPTION`, `NAME`, `TITLE`, `LANGUAGE_ID`, `COUNTRY_ID`) VALUES (581,'2022-05-02 12:47:49','2022-05-02 12:47:49',NULL,NULL,'Îles Salomon',NULL,2,194);
INSERT INTO `country_description` (`DESCRIPTION_ID`, `DATE_CREATED`, `DATE_MODIFIED`, `UPDT_ID`, `DESCRIPTION`, `NAME`, `TITLE`, `LANGUAGE_ID`, `COUNTRY_ID`) VALUES (582,'2022-05-02 12:47:49','2022-05-02 12:47:49',NULL,NULL,'Islas Salomón',NULL,3,194);
INSERT INTO `country_description` (`DESCRIPTION_ID`, `DATE_CREATED`, `DATE_MODIFIED`, `UPDT_ID`, `DESCRIPTION`, `NAME`, `TITLE`, `LANGUAGE_ID`, `COUNTRY_ID`) VALUES (583,'2022-05-02 12:47:49','2022-05-02 12:47:49',NULL,NULL,'Somalia',NULL,1,195);
INSERT INTO `country_description` (`DESCRIPTION_ID`, `DATE_CREATED`, `DATE_MODIFIED`, `UPDT_ID`, `DESCRIPTION`, `NAME`, `TITLE`, `LANGUAGE_ID`, `COUNTRY_ID`) VALUES (584,'2022-05-02 12:47:49','2022-05-02 12:47:49',NULL,NULL,'Somalie',NULL,2,195);
INSERT INTO `country_description` (`DESCRIPTION_ID`, `DATE_CREATED`, `DATE_MODIFIED`, `UPDT_ID`, `DESCRIPTION`, `NAME`, `TITLE`, `LANGUAGE_ID`, `COUNTRY_ID`) VALUES (585,'2022-05-02 12:47:49','2022-05-02 12:47:49',NULL,NULL,'Somalia',NULL,3,195);
INSERT INTO `country_description` (`DESCRIPTION_ID`, `DATE_CREATED`, `DATE_MODIFIED`, `UPDT_ID`, `DESCRIPTION`, `NAME`, `TITLE`, `LANGUAGE_ID`, `COUNTRY_ID`) VALUES (586,'2022-05-02 12:47:49','2022-05-02 12:47:49',NULL,NULL,'South Africa',NULL,1,196);
INSERT INTO `country_description` (`DESCRIPTION_ID`, `DATE_CREATED`, `DATE_MODIFIED`, `UPDT_ID`, `DESCRIPTION`, `NAME`, `TITLE`, `LANGUAGE_ID`, `COUNTRY_ID`) VALUES (587,'2022-05-02 12:47:49','2022-05-02 12:47:49',NULL,NULL,'Afrique du Sud',NULL,2,196);
INSERT INTO `country_description` (`DESCRIPTION_ID`, `DATE_CREATED`, `DATE_MODIFIED`, `UPDT_ID`, `DESCRIPTION`, `NAME`, `TITLE`, `LANGUAGE_ID`, `COUNTRY_ID`) VALUES (588,'2022-05-02 12:47:49','2022-05-02 12:47:49',NULL,NULL,'Sudáfrica',NULL,3,196);
INSERT INTO `country_description` (`DESCRIPTION_ID`, `DATE_CREATED`, `DATE_MODIFIED`, `UPDT_ID`, `DESCRIPTION`, `NAME`, `TITLE`, `LANGUAGE_ID`, `COUNTRY_ID`) VALUES (589,'2022-05-02 12:47:49','2022-05-02 12:47:49',NULL,NULL,'Spain',NULL,1,197);
INSERT INTO `country_description` (`DESCRIPTION_ID`, `DATE_CREATED`, `DATE_MODIFIED`, `UPDT_ID`, `DESCRIPTION`, `NAME`, `TITLE`, `LANGUAGE_ID`, `COUNTRY_ID`) VALUES (590,'2022-05-02 12:47:49','2022-05-02 12:47:49',NULL,NULL,'Espagne',NULL,2,197);
INSERT INTO `country_description` (`DESCRIPTION_ID`, `DATE_CREATED`, `DATE_MODIFIED`, `UPDT_ID`, `DESCRIPTION`, `NAME`, `TITLE`, `LANGUAGE_ID`, `COUNTRY_ID`) VALUES (591,'2022-05-02 12:47:49','2022-05-02 12:47:49',NULL,NULL,'España',NULL,3,197);
INSERT INTO `country_description` (`DESCRIPTION_ID`, `DATE_CREATED`, `DATE_MODIFIED`, `UPDT_ID`, `DESCRIPTION`, `NAME`, `TITLE`, `LANGUAGE_ID`, `COUNTRY_ID`) VALUES (592,'2022-05-02 12:47:49','2022-05-02 12:47:49',NULL,NULL,'Sri Lanka',NULL,1,198);
INSERT INTO `country_description` (`DESCRIPTION_ID`, `DATE_CREATED`, `DATE_MODIFIED`, `UPDT_ID`, `DESCRIPTION`, `NAME`, `TITLE`, `LANGUAGE_ID`, `COUNTRY_ID`) VALUES (593,'2022-05-02 12:47:49','2022-05-02 12:47:49',NULL,NULL,'Sri Lanka',NULL,2,198);
INSERT INTO `country_description` (`DESCRIPTION_ID`, `DATE_CREATED`, `DATE_MODIFIED`, `UPDT_ID`, `DESCRIPTION`, `NAME`, `TITLE`, `LANGUAGE_ID`, `COUNTRY_ID`) VALUES (594,'2022-05-02 12:47:49','2022-05-02 12:47:49',NULL,NULL,'Sri Lanka',NULL,3,198);
INSERT INTO `country_description` (`DESCRIPTION_ID`, `DATE_CREATED`, `DATE_MODIFIED`, `UPDT_ID`, `DESCRIPTION`, `NAME`, `TITLE`, `LANGUAGE_ID`, `COUNTRY_ID`) VALUES (595,'2022-05-02 12:47:49','2022-05-02 12:47:49',NULL,NULL,'Sudan',NULL,1,199);
INSERT INTO `country_description` (`DESCRIPTION_ID`, `DATE_CREATED`, `DATE_MODIFIED`, `UPDT_ID`, `DESCRIPTION`, `NAME`, `TITLE`, `LANGUAGE_ID`, `COUNTRY_ID`) VALUES (596,'2022-05-02 12:47:49','2022-05-02 12:47:49',NULL,NULL,'Soudan',NULL,2,199);
INSERT INTO `country_description` (`DESCRIPTION_ID`, `DATE_CREATED`, `DATE_MODIFIED`, `UPDT_ID`, `DESCRIPTION`, `NAME`, `TITLE`, `LANGUAGE_ID`, `COUNTRY_ID`) VALUES (597,'2022-05-02 12:47:49','2022-05-02 12:47:49',NULL,NULL,'Sudán',NULL,3,199);
INSERT INTO `country_description` (`DESCRIPTION_ID`, `DATE_CREATED`, `DATE_MODIFIED`, `UPDT_ID`, `DESCRIPTION`, `NAME`, `TITLE`, `LANGUAGE_ID`, `COUNTRY_ID`) VALUES (598,'2022-05-02 12:47:49','2022-05-02 12:47:49',NULL,NULL,'Suriname',NULL,1,200);
INSERT INTO `country_description` (`DESCRIPTION_ID`, `DATE_CREATED`, `DATE_MODIFIED`, `UPDT_ID`, `DESCRIPTION`, `NAME`, `TITLE`, `LANGUAGE_ID`, `COUNTRY_ID`) VALUES (599,'2022-05-02 12:47:49','2022-05-02 12:47:49',NULL,NULL,'Suriname',NULL,2,200);
INSERT INTO `country_description` (`DESCRIPTION_ID`, `DATE_CREATED`, `DATE_MODIFIED`, `UPDT_ID`, `DESCRIPTION`, `NAME`, `TITLE`, `LANGUAGE_ID`, `COUNTRY_ID`) VALUES (600,'2022-05-02 12:47:49','2022-05-02 12:47:49',NULL,NULL,'Surinam',NULL,3,200);
INSERT INTO `country_description` (`DESCRIPTION_ID`, `DATE_CREATED`, `DATE_MODIFIED`, `UPDT_ID`, `DESCRIPTION`, `NAME`, `TITLE`, `LANGUAGE_ID`, `COUNTRY_ID`) VALUES (601,'2022-05-02 12:47:49','2022-05-02 12:47:49',NULL,NULL,'Svalbard & Jan Mayen',NULL,1,201);
INSERT INTO `country_description` (`DESCRIPTION_ID`, `DATE_CREATED`, `DATE_MODIFIED`, `UPDT_ID`, `DESCRIPTION`, `NAME`, `TITLE`, `LANGUAGE_ID`, `COUNTRY_ID`) VALUES (602,'2022-05-02 12:47:49','2022-05-02 12:47:49',NULL,NULL,'Svalbard et Jan Mayen',NULL,2,201);
INSERT INTO `country_description` (`DESCRIPTION_ID`, `DATE_CREATED`, `DATE_MODIFIED`, `UPDT_ID`, `DESCRIPTION`, `NAME`, `TITLE`, `LANGUAGE_ID`, `COUNTRY_ID`) VALUES (603,'2022-05-02 12:47:49','2022-05-02 12:47:49',NULL,NULL,'Svalbard y Jan Mayen',NULL,3,201);
INSERT INTO `country_description` (`DESCRIPTION_ID`, `DATE_CREATED`, `DATE_MODIFIED`, `UPDT_ID`, `DESCRIPTION`, `NAME`, `TITLE`, `LANGUAGE_ID`, `COUNTRY_ID`) VALUES (604,'2022-05-02 12:47:49','2022-05-02 12:47:49',NULL,NULL,'Swaziland',NULL,1,202);
INSERT INTO `country_description` (`DESCRIPTION_ID`, `DATE_CREATED`, `DATE_MODIFIED`, `UPDT_ID`, `DESCRIPTION`, `NAME`, `TITLE`, `LANGUAGE_ID`, `COUNTRY_ID`) VALUES (605,'2022-05-02 12:47:49','2022-05-02 12:47:49',NULL,NULL,'Swaziland',NULL,2,202);
INSERT INTO `country_description` (`DESCRIPTION_ID`, `DATE_CREATED`, `DATE_MODIFIED`, `UPDT_ID`, `DESCRIPTION`, `NAME`, `TITLE`, `LANGUAGE_ID`, `COUNTRY_ID`) VALUES (606,'2022-05-02 12:47:49','2022-05-02 12:47:49',NULL,NULL,'Suazilandia',NULL,3,202);
INSERT INTO `country_description` (`DESCRIPTION_ID`, `DATE_CREATED`, `DATE_MODIFIED`, `UPDT_ID`, `DESCRIPTION`, `NAME`, `TITLE`, `LANGUAGE_ID`, `COUNTRY_ID`) VALUES (607,'2022-05-02 12:47:49','2022-05-02 12:47:49',NULL,NULL,'Sweden',NULL,1,203);
INSERT INTO `country_description` (`DESCRIPTION_ID`, `DATE_CREATED`, `DATE_MODIFIED`, `UPDT_ID`, `DESCRIPTION`, `NAME`, `TITLE`, `LANGUAGE_ID`, `COUNTRY_ID`) VALUES (608,'2022-05-02 12:47:50','2022-05-02 12:47:50',NULL,NULL,'Suède',NULL,2,203);
INSERT INTO `country_description` (`DESCRIPTION_ID`, `DATE_CREATED`, `DATE_MODIFIED`, `UPDT_ID`, `DESCRIPTION`, `NAME`, `TITLE`, `LANGUAGE_ID`, `COUNTRY_ID`) VALUES (609,'2022-05-02 12:47:50','2022-05-02 12:47:50',NULL,NULL,'Suecia',NULL,3,203);
INSERT INTO `country_description` (`DESCRIPTION_ID`, `DATE_CREATED`, `DATE_MODIFIED`, `UPDT_ID`, `DESCRIPTION`, `NAME`, `TITLE`, `LANGUAGE_ID`, `COUNTRY_ID`) VALUES (610,'2022-05-02 12:47:50','2022-05-02 12:47:50',NULL,NULL,'Switzerland',NULL,1,204);
INSERT INTO `country_description` (`DESCRIPTION_ID`, `DATE_CREATED`, `DATE_MODIFIED`, `UPDT_ID`, `DESCRIPTION`, `NAME`, `TITLE`, `LANGUAGE_ID`, `COUNTRY_ID`) VALUES (611,'2022-05-02 12:47:50','2022-05-02 12:47:50',NULL,NULL,'Suisse',NULL,2,204);
INSERT INTO `country_description` (`DESCRIPTION_ID`, `DATE_CREATED`, `DATE_MODIFIED`, `UPDT_ID`, `DESCRIPTION`, `NAME`, `TITLE`, `LANGUAGE_ID`, `COUNTRY_ID`) VALUES (612,'2022-05-02 12:47:50','2022-05-02 12:47:50',NULL,NULL,'Suiza',NULL,3,204);
INSERT INTO `country_description` (`DESCRIPTION_ID`, `DATE_CREATED`, `DATE_MODIFIED`, `UPDT_ID`, `DESCRIPTION`, `NAME`, `TITLE`, `LANGUAGE_ID`, `COUNTRY_ID`) VALUES (613,'2022-05-02 12:47:50','2022-05-02 12:47:50',NULL,NULL,'Syria',NULL,1,205);
INSERT INTO `country_description` (`DESCRIPTION_ID`, `DATE_CREATED`, `DATE_MODIFIED`, `UPDT_ID`, `DESCRIPTION`, `NAME`, `TITLE`, `LANGUAGE_ID`, `COUNTRY_ID`) VALUES (614,'2022-05-02 12:47:50','2022-05-02 12:47:50',NULL,NULL,'Syrie',NULL,2,205);
INSERT INTO `country_description` (`DESCRIPTION_ID`, `DATE_CREATED`, `DATE_MODIFIED`, `UPDT_ID`, `DESCRIPTION`, `NAME`, `TITLE`, `LANGUAGE_ID`, `COUNTRY_ID`) VALUES (615,'2022-05-02 12:47:50','2022-05-02 12:47:50',NULL,NULL,'Siria',NULL,3,205);
INSERT INTO `country_description` (`DESCRIPTION_ID`, `DATE_CREATED`, `DATE_MODIFIED`, `UPDT_ID`, `DESCRIPTION`, `NAME`, `TITLE`, `LANGUAGE_ID`, `COUNTRY_ID`) VALUES (616,'2022-05-02 12:47:50','2022-05-02 12:47:50',NULL,NULL,'Taiwan',NULL,1,206);
INSERT INTO `country_description` (`DESCRIPTION_ID`, `DATE_CREATED`, `DATE_MODIFIED`, `UPDT_ID`, `DESCRIPTION`, `NAME`, `TITLE`, `LANGUAGE_ID`, `COUNTRY_ID`) VALUES (617,'2022-05-02 12:47:50','2022-05-02 12:47:50',NULL,NULL,'Taïwan',NULL,2,206);
INSERT INTO `country_description` (`DESCRIPTION_ID`, `DATE_CREATED`, `DATE_MODIFIED`, `UPDT_ID`, `DESCRIPTION`, `NAME`, `TITLE`, `LANGUAGE_ID`, `COUNTRY_ID`) VALUES (618,'2022-05-02 12:47:50','2022-05-02 12:47:50',NULL,NULL,'Taiwán',NULL,3,206);
INSERT INTO `country_description` (`DESCRIPTION_ID`, `DATE_CREATED`, `DATE_MODIFIED`, `UPDT_ID`, `DESCRIPTION`, `NAME`, `TITLE`, `LANGUAGE_ID`, `COUNTRY_ID`) VALUES (619,'2022-05-02 12:47:50','2022-05-02 12:47:50',NULL,NULL,'Tajikistan',NULL,1,207);
INSERT INTO `country_description` (`DESCRIPTION_ID`, `DATE_CREATED`, `DATE_MODIFIED`, `UPDT_ID`, `DESCRIPTION`, `NAME`, `TITLE`, `LANGUAGE_ID`, `COUNTRY_ID`) VALUES (620,'2022-05-02 12:47:50','2022-05-02 12:47:50',NULL,NULL,'Tadjikistan',NULL,2,207);
INSERT INTO `country_description` (`DESCRIPTION_ID`, `DATE_CREATED`, `DATE_MODIFIED`, `UPDT_ID`, `DESCRIPTION`, `NAME`, `TITLE`, `LANGUAGE_ID`, `COUNTRY_ID`) VALUES (621,'2022-05-02 12:47:50','2022-05-02 12:47:50',NULL,NULL,'Tayikistán',NULL,3,207);
INSERT INTO `country_description` (`DESCRIPTION_ID`, `DATE_CREATED`, `DATE_MODIFIED`, `UPDT_ID`, `DESCRIPTION`, `NAME`, `TITLE`, `LANGUAGE_ID`, `COUNTRY_ID`) VALUES (622,'2022-05-02 12:47:50','2022-05-02 12:47:50',NULL,NULL,'Tanzania',NULL,1,208);
INSERT INTO `country_description` (`DESCRIPTION_ID`, `DATE_CREATED`, `DATE_MODIFIED`, `UPDT_ID`, `DESCRIPTION`, `NAME`, `TITLE`, `LANGUAGE_ID`, `COUNTRY_ID`) VALUES (623,'2022-05-02 12:47:50','2022-05-02 12:47:50',NULL,NULL,'Tanzanie',NULL,2,208);
INSERT INTO `country_description` (`DESCRIPTION_ID`, `DATE_CREATED`, `DATE_MODIFIED`, `UPDT_ID`, `DESCRIPTION`, `NAME`, `TITLE`, `LANGUAGE_ID`, `COUNTRY_ID`) VALUES (624,'2022-05-02 12:47:50','2022-05-02 12:47:50',NULL,NULL,'Tanzania',NULL,3,208);
INSERT INTO `country_description` (`DESCRIPTION_ID`, `DATE_CREATED`, `DATE_MODIFIED`, `UPDT_ID`, `DESCRIPTION`, `NAME`, `TITLE`, `LANGUAGE_ID`, `COUNTRY_ID`) VALUES (625,'2022-05-02 12:47:50','2022-05-02 12:47:50',NULL,NULL,'Thailand',NULL,1,209);
INSERT INTO `country_description` (`DESCRIPTION_ID`, `DATE_CREATED`, `DATE_MODIFIED`, `UPDT_ID`, `DESCRIPTION`, `NAME`, `TITLE`, `LANGUAGE_ID`, `COUNTRY_ID`) VALUES (626,'2022-05-02 12:47:50','2022-05-02 12:47:50',NULL,NULL,'Thaïlande',NULL,2,209);
INSERT INTO `country_description` (`DESCRIPTION_ID`, `DATE_CREATED`, `DATE_MODIFIED`, `UPDT_ID`, `DESCRIPTION`, `NAME`, `TITLE`, `LANGUAGE_ID`, `COUNTRY_ID`) VALUES (627,'2022-05-02 12:47:50','2022-05-02 12:47:50',NULL,NULL,'Tailandia',NULL,3,209);
INSERT INTO `country_description` (`DESCRIPTION_ID`, `DATE_CREATED`, `DATE_MODIFIED`, `UPDT_ID`, `DESCRIPTION`, `NAME`, `TITLE`, `LANGUAGE_ID`, `COUNTRY_ID`) VALUES (628,'2022-05-02 12:47:50','2022-05-02 12:47:50',NULL,NULL,'Timor-Leste',NULL,1,210);
INSERT INTO `country_description` (`DESCRIPTION_ID`, `DATE_CREATED`, `DATE_MODIFIED`, `UPDT_ID`, `DESCRIPTION`, `NAME`, `TITLE`, `LANGUAGE_ID`, `COUNTRY_ID`) VALUES (629,'2022-05-02 12:47:50','2022-05-02 12:47:50',NULL,NULL,'Timor oriental',NULL,2,210);
INSERT INTO `country_description` (`DESCRIPTION_ID`, `DATE_CREATED`, `DATE_MODIFIED`, `UPDT_ID`, `DESCRIPTION`, `NAME`, `TITLE`, `LANGUAGE_ID`, `COUNTRY_ID`) VALUES (630,'2022-05-02 12:47:50','2022-05-02 12:47:50',NULL,NULL,'Timor-Leste',NULL,3,210);
INSERT INTO `country_description` (`DESCRIPTION_ID`, `DATE_CREATED`, `DATE_MODIFIED`, `UPDT_ID`, `DESCRIPTION`, `NAME`, `TITLE`, `LANGUAGE_ID`, `COUNTRY_ID`) VALUES (631,'2022-05-02 12:47:50','2022-05-02 12:47:50',NULL,NULL,'Togo',NULL,1,211);
INSERT INTO `country_description` (`DESCRIPTION_ID`, `DATE_CREATED`, `DATE_MODIFIED`, `UPDT_ID`, `DESCRIPTION`, `NAME`, `TITLE`, `LANGUAGE_ID`, `COUNTRY_ID`) VALUES (632,'2022-05-02 12:47:50','2022-05-02 12:47:50',NULL,NULL,'Togo',NULL,2,211);
INSERT INTO `country_description` (`DESCRIPTION_ID`, `DATE_CREATED`, `DATE_MODIFIED`, `UPDT_ID`, `DESCRIPTION`, `NAME`, `TITLE`, `LANGUAGE_ID`, `COUNTRY_ID`) VALUES (633,'2022-05-02 12:47:50','2022-05-02 12:47:50',NULL,NULL,'Togo',NULL,3,211);
INSERT INTO `country_description` (`DESCRIPTION_ID`, `DATE_CREATED`, `DATE_MODIFIED`, `UPDT_ID`, `DESCRIPTION`, `NAME`, `TITLE`, `LANGUAGE_ID`, `COUNTRY_ID`) VALUES (634,'2022-05-02 12:47:50','2022-05-02 12:47:50',NULL,NULL,'Tokelau',NULL,1,212);
INSERT INTO `country_description` (`DESCRIPTION_ID`, `DATE_CREATED`, `DATE_MODIFIED`, `UPDT_ID`, `DESCRIPTION`, `NAME`, `TITLE`, `LANGUAGE_ID`, `COUNTRY_ID`) VALUES (635,'2022-05-02 12:47:50','2022-05-02 12:47:50',NULL,NULL,'Tokélaou',NULL,2,212);
INSERT INTO `country_description` (`DESCRIPTION_ID`, `DATE_CREATED`, `DATE_MODIFIED`, `UPDT_ID`, `DESCRIPTION`, `NAME`, `TITLE`, `LANGUAGE_ID`, `COUNTRY_ID`) VALUES (636,'2022-05-02 12:47:50','2022-05-02 12:47:50',NULL,NULL,'Tokelau',NULL,3,212);
INSERT INTO `country_description` (`DESCRIPTION_ID`, `DATE_CREATED`, `DATE_MODIFIED`, `UPDT_ID`, `DESCRIPTION`, `NAME`, `TITLE`, `LANGUAGE_ID`, `COUNTRY_ID`) VALUES (637,'2022-05-02 12:47:50','2022-05-02 12:47:50',NULL,NULL,'Tonga',NULL,1,213);
INSERT INTO `country_description` (`DESCRIPTION_ID`, `DATE_CREATED`, `DATE_MODIFIED`, `UPDT_ID`, `DESCRIPTION`, `NAME`, `TITLE`, `LANGUAGE_ID`, `COUNTRY_ID`) VALUES (638,'2022-05-02 12:47:50','2022-05-02 12:47:50',NULL,NULL,'Tonga',NULL,2,213);
INSERT INTO `country_description` (`DESCRIPTION_ID`, `DATE_CREATED`, `DATE_MODIFIED`, `UPDT_ID`, `DESCRIPTION`, `NAME`, `TITLE`, `LANGUAGE_ID`, `COUNTRY_ID`) VALUES (639,'2022-05-02 12:47:50','2022-05-02 12:47:50',NULL,NULL,'Tonga',NULL,3,213);
INSERT INTO `country_description` (`DESCRIPTION_ID`, `DATE_CREATED`, `DATE_MODIFIED`, `UPDT_ID`, `DESCRIPTION`, `NAME`, `TITLE`, `LANGUAGE_ID`, `COUNTRY_ID`) VALUES (640,'2022-05-02 12:47:50','2022-05-02 12:47:50',NULL,NULL,'Trinidad & Tobago',NULL,1,214);
INSERT INTO `country_description` (`DESCRIPTION_ID`, `DATE_CREATED`, `DATE_MODIFIED`, `UPDT_ID`, `DESCRIPTION`, `NAME`, `TITLE`, `LANGUAGE_ID`, `COUNTRY_ID`) VALUES (641,'2022-05-02 12:47:50','2022-05-02 12:47:50',NULL,NULL,'Trinité-et-Tobago',NULL,2,214);
INSERT INTO `country_description` (`DESCRIPTION_ID`, `DATE_CREATED`, `DATE_MODIFIED`, `UPDT_ID`, `DESCRIPTION`, `NAME`, `TITLE`, `LANGUAGE_ID`, `COUNTRY_ID`) VALUES (642,'2022-05-02 12:47:50','2022-05-02 12:47:50',NULL,NULL,'Trinidad y Tobago',NULL,3,214);
INSERT INTO `country_description` (`DESCRIPTION_ID`, `DATE_CREATED`, `DATE_MODIFIED`, `UPDT_ID`, `DESCRIPTION`, `NAME`, `TITLE`, `LANGUAGE_ID`, `COUNTRY_ID`) VALUES (643,'2022-05-02 12:47:50','2022-05-02 12:47:50',NULL,NULL,'Tunisia',NULL,1,215);
INSERT INTO `country_description` (`DESCRIPTION_ID`, `DATE_CREATED`, `DATE_MODIFIED`, `UPDT_ID`, `DESCRIPTION`, `NAME`, `TITLE`, `LANGUAGE_ID`, `COUNTRY_ID`) VALUES (644,'2022-05-02 12:47:50','2022-05-02 12:47:50',NULL,NULL,'Tunisie',NULL,2,215);
INSERT INTO `country_description` (`DESCRIPTION_ID`, `DATE_CREATED`, `DATE_MODIFIED`, `UPDT_ID`, `DESCRIPTION`, `NAME`, `TITLE`, `LANGUAGE_ID`, `COUNTRY_ID`) VALUES (645,'2022-05-02 12:47:50','2022-05-02 12:47:50',NULL,NULL,'Túnez',NULL,3,215);
INSERT INTO `country_description` (`DESCRIPTION_ID`, `DATE_CREATED`, `DATE_MODIFIED`, `UPDT_ID`, `DESCRIPTION`, `NAME`, `TITLE`, `LANGUAGE_ID`, `COUNTRY_ID`) VALUES (646,'2022-05-02 12:47:50','2022-05-02 12:47:50',NULL,NULL,'Turkey',NULL,1,216);
INSERT INTO `country_description` (`DESCRIPTION_ID`, `DATE_CREATED`, `DATE_MODIFIED`, `UPDT_ID`, `DESCRIPTION`, `NAME`, `TITLE`, `LANGUAGE_ID`, `COUNTRY_ID`) VALUES (647,'2022-05-02 12:47:50','2022-05-02 12:47:50',NULL,NULL,'Turquie',NULL,2,216);
INSERT INTO `country_description` (`DESCRIPTION_ID`, `DATE_CREATED`, `DATE_MODIFIED`, `UPDT_ID`, `DESCRIPTION`, `NAME`, `TITLE`, `LANGUAGE_ID`, `COUNTRY_ID`) VALUES (648,'2022-05-02 12:47:51','2022-05-02 12:47:51',NULL,NULL,'Turquía',NULL,3,216);
INSERT INTO `country_description` (`DESCRIPTION_ID`, `DATE_CREATED`, `DATE_MODIFIED`, `UPDT_ID`, `DESCRIPTION`, `NAME`, `TITLE`, `LANGUAGE_ID`, `COUNTRY_ID`) VALUES (649,'2022-05-02 12:47:51','2022-05-02 12:47:51',NULL,NULL,'Turkmenistan',NULL,1,217);
INSERT INTO `country_description` (`DESCRIPTION_ID`, `DATE_CREATED`, `DATE_MODIFIED`, `UPDT_ID`, `DESCRIPTION`, `NAME`, `TITLE`, `LANGUAGE_ID`, `COUNTRY_ID`) VALUES (650,'2022-05-02 12:47:51','2022-05-02 12:47:51',NULL,NULL,'Turkménistan',NULL,2,217);
INSERT INTO `country_description` (`DESCRIPTION_ID`, `DATE_CREATED`, `DATE_MODIFIED`, `UPDT_ID`, `DESCRIPTION`, `NAME`, `TITLE`, `LANGUAGE_ID`, `COUNTRY_ID`) VALUES (651,'2022-05-02 12:47:51','2022-05-02 12:47:51',NULL,NULL,'Turkmenistán',NULL,3,217);
INSERT INTO `country_description` (`DESCRIPTION_ID`, `DATE_CREATED`, `DATE_MODIFIED`, `UPDT_ID`, `DESCRIPTION`, `NAME`, `TITLE`, `LANGUAGE_ID`, `COUNTRY_ID`) VALUES (652,'2022-05-02 12:47:51','2022-05-02 12:47:51',NULL,NULL,'Turks & Caicos Islands',NULL,1,218);
INSERT INTO `country_description` (`DESCRIPTION_ID`, `DATE_CREATED`, `DATE_MODIFIED`, `UPDT_ID`, `DESCRIPTION`, `NAME`, `TITLE`, `LANGUAGE_ID`, `COUNTRY_ID`) VALUES (653,'2022-05-02 12:47:51','2022-05-02 12:47:51',NULL,NULL,'Îles Turques-et-Caïques',NULL,2,218);
INSERT INTO `country_description` (`DESCRIPTION_ID`, `DATE_CREATED`, `DATE_MODIFIED`, `UPDT_ID`, `DESCRIPTION`, `NAME`, `TITLE`, `LANGUAGE_ID`, `COUNTRY_ID`) VALUES (654,'2022-05-02 12:47:51','2022-05-02 12:47:51',NULL,NULL,'Islas Turcas y Caicos',NULL,3,218);
INSERT INTO `country_description` (`DESCRIPTION_ID`, `DATE_CREATED`, `DATE_MODIFIED`, `UPDT_ID`, `DESCRIPTION`, `NAME`, `TITLE`, `LANGUAGE_ID`, `COUNTRY_ID`) VALUES (655,'2022-05-02 12:47:51','2022-05-02 12:47:51',NULL,NULL,'Tuvalu',NULL,1,219);
INSERT INTO `country_description` (`DESCRIPTION_ID`, `DATE_CREATED`, `DATE_MODIFIED`, `UPDT_ID`, `DESCRIPTION`, `NAME`, `TITLE`, `LANGUAGE_ID`, `COUNTRY_ID`) VALUES (656,'2022-05-02 12:47:51','2022-05-02 12:47:51',NULL,NULL,'Tuvalu',NULL,2,219);
INSERT INTO `country_description` (`DESCRIPTION_ID`, `DATE_CREATED`, `DATE_MODIFIED`, `UPDT_ID`, `DESCRIPTION`, `NAME`, `TITLE`, `LANGUAGE_ID`, `COUNTRY_ID`) VALUES (657,'2022-05-02 12:47:51','2022-05-02 12:47:51',NULL,NULL,'Tuvalu',NULL,3,219);
INSERT INTO `country_description` (`DESCRIPTION_ID`, `DATE_CREATED`, `DATE_MODIFIED`, `UPDT_ID`, `DESCRIPTION`, `NAME`, `TITLE`, `LANGUAGE_ID`, `COUNTRY_ID`) VALUES (658,'2022-05-02 12:47:51','2022-05-02 12:47:51',NULL,NULL,'Uganda',NULL,1,220);
INSERT INTO `country_description` (`DESCRIPTION_ID`, `DATE_CREATED`, `DATE_MODIFIED`, `UPDT_ID`, `DESCRIPTION`, `NAME`, `TITLE`, `LANGUAGE_ID`, `COUNTRY_ID`) VALUES (659,'2022-05-02 12:47:51','2022-05-02 12:47:51',NULL,NULL,'Ouganda',NULL,2,220);
INSERT INTO `country_description` (`DESCRIPTION_ID`, `DATE_CREATED`, `DATE_MODIFIED`, `UPDT_ID`, `DESCRIPTION`, `NAME`, `TITLE`, `LANGUAGE_ID`, `COUNTRY_ID`) VALUES (660,'2022-05-02 12:47:51','2022-05-02 12:47:51',NULL,NULL,'Uganda',NULL,3,220);
INSERT INTO `country_description` (`DESCRIPTION_ID`, `DATE_CREATED`, `DATE_MODIFIED`, `UPDT_ID`, `DESCRIPTION`, `NAME`, `TITLE`, `LANGUAGE_ID`, `COUNTRY_ID`) VALUES (661,'2022-05-02 12:47:51','2022-05-02 12:47:51',NULL,NULL,'Ukraine',NULL,1,221);
INSERT INTO `country_description` (`DESCRIPTION_ID`, `DATE_CREATED`, `DATE_MODIFIED`, `UPDT_ID`, `DESCRIPTION`, `NAME`, `TITLE`, `LANGUAGE_ID`, `COUNTRY_ID`) VALUES (662,'2022-05-02 12:47:51','2022-05-02 12:47:51',NULL,NULL,'Ukraine',NULL,2,221);
INSERT INTO `country_description` (`DESCRIPTION_ID`, `DATE_CREATED`, `DATE_MODIFIED`, `UPDT_ID`, `DESCRIPTION`, `NAME`, `TITLE`, `LANGUAGE_ID`, `COUNTRY_ID`) VALUES (663,'2022-05-02 12:47:51','2022-05-02 12:47:51',NULL,NULL,'Ucrania',NULL,3,221);
INSERT INTO `country_description` (`DESCRIPTION_ID`, `DATE_CREATED`, `DATE_MODIFIED`, `UPDT_ID`, `DESCRIPTION`, `NAME`, `TITLE`, `LANGUAGE_ID`, `COUNTRY_ID`) VALUES (664,'2022-05-02 12:47:51','2022-05-02 12:47:51',NULL,NULL,'United Arab Emirates',NULL,1,222);
INSERT INTO `country_description` (`DESCRIPTION_ID`, `DATE_CREATED`, `DATE_MODIFIED`, `UPDT_ID`, `DESCRIPTION`, `NAME`, `TITLE`, `LANGUAGE_ID`, `COUNTRY_ID`) VALUES (665,'2022-05-02 12:47:51','2022-05-02 12:47:51',NULL,NULL,'Émirats arabes unis',NULL,2,222);
INSERT INTO `country_description` (`DESCRIPTION_ID`, `DATE_CREATED`, `DATE_MODIFIED`, `UPDT_ID`, `DESCRIPTION`, `NAME`, `TITLE`, `LANGUAGE_ID`, `COUNTRY_ID`) VALUES (666,'2022-05-02 12:47:51','2022-05-02 12:47:51',NULL,NULL,'Emiratos Árabes Unidos',NULL,3,222);
INSERT INTO `country_description` (`DESCRIPTION_ID`, `DATE_CREATED`, `DATE_MODIFIED`, `UPDT_ID`, `DESCRIPTION`, `NAME`, `TITLE`, `LANGUAGE_ID`, `COUNTRY_ID`) VALUES (667,'2022-05-02 12:47:51','2022-05-02 12:47:51',NULL,NULL,'United Kingdom',NULL,1,223);
INSERT INTO `country_description` (`DESCRIPTION_ID`, `DATE_CREATED`, `DATE_MODIFIED`, `UPDT_ID`, `DESCRIPTION`, `NAME`, `TITLE`, `LANGUAGE_ID`, `COUNTRY_ID`) VALUES (668,'2022-05-02 12:47:51','2022-05-02 12:47:51',NULL,NULL,'Royaume-Uni',NULL,2,223);
INSERT INTO `country_description` (`DESCRIPTION_ID`, `DATE_CREATED`, `DATE_MODIFIED`, `UPDT_ID`, `DESCRIPTION`, `NAME`, `TITLE`, `LANGUAGE_ID`, `COUNTRY_ID`) VALUES (669,'2022-05-02 12:47:51','2022-05-02 12:47:51',NULL,NULL,'Reino Unido',NULL,3,223);
INSERT INTO `country_description` (`DESCRIPTION_ID`, `DATE_CREATED`, `DATE_MODIFIED`, `UPDT_ID`, `DESCRIPTION`, `NAME`, `TITLE`, `LANGUAGE_ID`, `COUNTRY_ID`) VALUES (670,'2022-05-02 12:47:51','2022-05-02 12:47:51',NULL,NULL,'United States',NULL,1,224);
INSERT INTO `country_description` (`DESCRIPTION_ID`, `DATE_CREATED`, `DATE_MODIFIED`, `UPDT_ID`, `DESCRIPTION`, `NAME`, `TITLE`, `LANGUAGE_ID`, `COUNTRY_ID`) VALUES (671,'2022-05-02 12:47:51','2022-05-02 12:47:51',NULL,NULL,'États-Unis',NULL,2,224);
INSERT INTO `country_description` (`DESCRIPTION_ID`, `DATE_CREATED`, `DATE_MODIFIED`, `UPDT_ID`, `DESCRIPTION`, `NAME`, `TITLE`, `LANGUAGE_ID`, `COUNTRY_ID`) VALUES (672,'2022-05-02 12:47:51','2022-05-02 12:47:51',NULL,NULL,'Estados Unidos',NULL,3,224);
INSERT INTO `country_description` (`DESCRIPTION_ID`, `DATE_CREATED`, `DATE_MODIFIED`, `UPDT_ID`, `DESCRIPTION`, `NAME`, `TITLE`, `LANGUAGE_ID`, `COUNTRY_ID`) VALUES (673,'2022-05-02 12:47:51','2022-05-02 12:47:51',NULL,NULL,'U.S. Outlying Islands',NULL,1,225);
INSERT INTO `country_description` (`DESCRIPTION_ID`, `DATE_CREATED`, `DATE_MODIFIED`, `UPDT_ID`, `DESCRIPTION`, `NAME`, `TITLE`, `LANGUAGE_ID`, `COUNTRY_ID`) VALUES (674,'2022-05-02 12:47:51','2022-05-02 12:47:51',NULL,NULL,'Îles mineures éloignées des États-Unis',NULL,2,225);
INSERT INTO `country_description` (`DESCRIPTION_ID`, `DATE_CREATED`, `DATE_MODIFIED`, `UPDT_ID`, `DESCRIPTION`, `NAME`, `TITLE`, `LANGUAGE_ID`, `COUNTRY_ID`) VALUES (675,'2022-05-02 12:47:51','2022-05-02 12:47:51',NULL,NULL,'Islas menores alejadas de EE. UU.',NULL,3,225);
INSERT INTO `country_description` (`DESCRIPTION_ID`, `DATE_CREATED`, `DATE_MODIFIED`, `UPDT_ID`, `DESCRIPTION`, `NAME`, `TITLE`, `LANGUAGE_ID`, `COUNTRY_ID`) VALUES (676,'2022-05-02 12:47:51','2022-05-02 12:47:51',NULL,NULL,'Uruguay',NULL,1,226);
INSERT INTO `country_description` (`DESCRIPTION_ID`, `DATE_CREATED`, `DATE_MODIFIED`, `UPDT_ID`, `DESCRIPTION`, `NAME`, `TITLE`, `LANGUAGE_ID`, `COUNTRY_ID`) VALUES (677,'2022-05-02 12:47:51','2022-05-02 12:47:51',NULL,NULL,'Uruguay',NULL,2,226);
INSERT INTO `country_description` (`DESCRIPTION_ID`, `DATE_CREATED`, `DATE_MODIFIED`, `UPDT_ID`, `DESCRIPTION`, `NAME`, `TITLE`, `LANGUAGE_ID`, `COUNTRY_ID`) VALUES (678,'2022-05-02 12:47:51','2022-05-02 12:47:51',NULL,NULL,'Uruguay',NULL,3,226);
INSERT INTO `country_description` (`DESCRIPTION_ID`, `DATE_CREATED`, `DATE_MODIFIED`, `UPDT_ID`, `DESCRIPTION`, `NAME`, `TITLE`, `LANGUAGE_ID`, `COUNTRY_ID`) VALUES (679,'2022-05-02 12:47:51','2022-05-02 12:47:51',NULL,NULL,'Uzbekistan',NULL,1,227);
INSERT INTO `country_description` (`DESCRIPTION_ID`, `DATE_CREATED`, `DATE_MODIFIED`, `UPDT_ID`, `DESCRIPTION`, `NAME`, `TITLE`, `LANGUAGE_ID`, `COUNTRY_ID`) VALUES (680,'2022-05-02 12:47:51','2022-05-02 12:47:51',NULL,NULL,'Ouzbékistan',NULL,2,227);
INSERT INTO `country_description` (`DESCRIPTION_ID`, `DATE_CREATED`, `DATE_MODIFIED`, `UPDT_ID`, `DESCRIPTION`, `NAME`, `TITLE`, `LANGUAGE_ID`, `COUNTRY_ID`) VALUES (681,'2022-05-02 12:47:51','2022-05-02 12:47:51',NULL,NULL,'Uzbekistán',NULL,3,227);
INSERT INTO `country_description` (`DESCRIPTION_ID`, `DATE_CREATED`, `DATE_MODIFIED`, `UPDT_ID`, `DESCRIPTION`, `NAME`, `TITLE`, `LANGUAGE_ID`, `COUNTRY_ID`) VALUES (682,'2022-05-02 12:47:52','2022-05-02 12:47:52',NULL,NULL,'Vanuatu',NULL,1,228);
INSERT INTO `country_description` (`DESCRIPTION_ID`, `DATE_CREATED`, `DATE_MODIFIED`, `UPDT_ID`, `DESCRIPTION`, `NAME`, `TITLE`, `LANGUAGE_ID`, `COUNTRY_ID`) VALUES (683,'2022-05-02 12:47:52','2022-05-02 12:47:52',NULL,NULL,'Vanuatu',NULL,2,228);
INSERT INTO `country_description` (`DESCRIPTION_ID`, `DATE_CREATED`, `DATE_MODIFIED`, `UPDT_ID`, `DESCRIPTION`, `NAME`, `TITLE`, `LANGUAGE_ID`, `COUNTRY_ID`) VALUES (684,'2022-05-02 12:47:52','2022-05-02 12:47:52',NULL,NULL,'Vanuatu',NULL,3,228);
INSERT INTO `country_description` (`DESCRIPTION_ID`, `DATE_CREATED`, `DATE_MODIFIED`, `UPDT_ID`, `DESCRIPTION`, `NAME`, `TITLE`, `LANGUAGE_ID`, `COUNTRY_ID`) VALUES (685,'2022-05-02 12:47:52','2022-05-02 12:47:52',NULL,NULL,'Venezuela',NULL,1,229);
INSERT INTO `country_description` (`DESCRIPTION_ID`, `DATE_CREATED`, `DATE_MODIFIED`, `UPDT_ID`, `DESCRIPTION`, `NAME`, `TITLE`, `LANGUAGE_ID`, `COUNTRY_ID`) VALUES (686,'2022-05-02 12:47:52','2022-05-02 12:47:52',NULL,NULL,'Venezuela',NULL,2,229);
INSERT INTO `country_description` (`DESCRIPTION_ID`, `DATE_CREATED`, `DATE_MODIFIED`, `UPDT_ID`, `DESCRIPTION`, `NAME`, `TITLE`, `LANGUAGE_ID`, `COUNTRY_ID`) VALUES (687,'2022-05-02 12:47:52','2022-05-02 12:47:52',NULL,NULL,'Venezuela',NULL,3,229);
INSERT INTO `country_description` (`DESCRIPTION_ID`, `DATE_CREATED`, `DATE_MODIFIED`, `UPDT_ID`, `DESCRIPTION`, `NAME`, `TITLE`, `LANGUAGE_ID`, `COUNTRY_ID`) VALUES (688,'2022-05-02 12:47:52','2022-05-02 12:47:52',NULL,NULL,'Vietnam',NULL,1,230);
INSERT INTO `country_description` (`DESCRIPTION_ID`, `DATE_CREATED`, `DATE_MODIFIED`, `UPDT_ID`, `DESCRIPTION`, `NAME`, `TITLE`, `LANGUAGE_ID`, `COUNTRY_ID`) VALUES (689,'2022-05-02 12:47:52','2022-05-02 12:47:52',NULL,NULL,'Vietnam',NULL,2,230);
INSERT INTO `country_description` (`DESCRIPTION_ID`, `DATE_CREATED`, `DATE_MODIFIED`, `UPDT_ID`, `DESCRIPTION`, `NAME`, `TITLE`, `LANGUAGE_ID`, `COUNTRY_ID`) VALUES (690,'2022-05-02 12:47:52','2022-05-02 12:47:52',NULL,NULL,'Vietnam',NULL,3,230);
INSERT INTO `country_description` (`DESCRIPTION_ID`, `DATE_CREATED`, `DATE_MODIFIED`, `UPDT_ID`, `DESCRIPTION`, `NAME`, `TITLE`, `LANGUAGE_ID`, `COUNTRY_ID`) VALUES (691,'2022-05-02 12:47:52','2022-05-02 12:47:52',NULL,NULL,'British Virgin Islands',NULL,1,231);
INSERT INTO `country_description` (`DESCRIPTION_ID`, `DATE_CREATED`, `DATE_MODIFIED`, `UPDT_ID`, `DESCRIPTION`, `NAME`, `TITLE`, `LANGUAGE_ID`, `COUNTRY_ID`) VALUES (692,'2022-05-02 12:47:52','2022-05-02 12:47:52',NULL,NULL,'Îles Vierges britanniques',NULL,2,231);
INSERT INTO `country_description` (`DESCRIPTION_ID`, `DATE_CREATED`, `DATE_MODIFIED`, `UPDT_ID`, `DESCRIPTION`, `NAME`, `TITLE`, `LANGUAGE_ID`, `COUNTRY_ID`) VALUES (693,'2022-05-02 12:47:52','2022-05-02 12:47:52',NULL,NULL,'Islas Vírgenes Británicas',NULL,3,231);
INSERT INTO `country_description` (`DESCRIPTION_ID`, `DATE_CREATED`, `DATE_MODIFIED`, `UPDT_ID`, `DESCRIPTION`, `NAME`, `TITLE`, `LANGUAGE_ID`, `COUNTRY_ID`) VALUES (694,'2022-05-02 12:47:52','2022-05-02 12:47:52',NULL,NULL,'U.S. Virgin Islands',NULL,1,232);
INSERT INTO `country_description` (`DESCRIPTION_ID`, `DATE_CREATED`, `DATE_MODIFIED`, `UPDT_ID`, `DESCRIPTION`, `NAME`, `TITLE`, `LANGUAGE_ID`, `COUNTRY_ID`) VALUES (695,'2022-05-02 12:47:52','2022-05-02 12:47:52',NULL,NULL,'Îles Vierges des États-Unis',NULL,2,232);
INSERT INTO `country_description` (`DESCRIPTION_ID`, `DATE_CREATED`, `DATE_MODIFIED`, `UPDT_ID`, `DESCRIPTION`, `NAME`, `TITLE`, `LANGUAGE_ID`, `COUNTRY_ID`) VALUES (696,'2022-05-02 12:47:52','2022-05-02 12:47:52',NULL,NULL,'Islas Vírgenes de EE. UU.',NULL,3,232);
INSERT INTO `country_description` (`DESCRIPTION_ID`, `DATE_CREATED`, `DATE_MODIFIED`, `UPDT_ID`, `DESCRIPTION`, `NAME`, `TITLE`, `LANGUAGE_ID`, `COUNTRY_ID`) VALUES (697,'2022-05-02 12:47:52','2022-05-02 12:47:52',NULL,NULL,'Wallis & Futuna',NULL,1,233);
INSERT INTO `country_description` (`DESCRIPTION_ID`, `DATE_CREATED`, `DATE_MODIFIED`, `UPDT_ID`, `DESCRIPTION`, `NAME`, `TITLE`, `LANGUAGE_ID`, `COUNTRY_ID`) VALUES (698,'2022-05-02 12:47:52','2022-05-02 12:47:52',NULL,NULL,'Wallis-et-Futuna',NULL,2,233);
INSERT INTO `country_description` (`DESCRIPTION_ID`, `DATE_CREATED`, `DATE_MODIFIED`, `UPDT_ID`, `DESCRIPTION`, `NAME`, `TITLE`, `LANGUAGE_ID`, `COUNTRY_ID`) VALUES (699,'2022-05-02 12:47:52','2022-05-02 12:47:52',NULL,NULL,'Wallis y Futuna',NULL,3,233);
INSERT INTO `country_description` (`DESCRIPTION_ID`, `DATE_CREATED`, `DATE_MODIFIED`, `UPDT_ID`, `DESCRIPTION`, `NAME`, `TITLE`, `LANGUAGE_ID`, `COUNTRY_ID`) VALUES (700,'2022-05-02 12:47:52','2022-05-02 12:47:52',NULL,NULL,'Western Sahara',NULL,1,234);
INSERT INTO `country_description` (`DESCRIPTION_ID`, `DATE_CREATED`, `DATE_MODIFIED`, `UPDT_ID`, `DESCRIPTION`, `NAME`, `TITLE`, `LANGUAGE_ID`, `COUNTRY_ID`) VALUES (701,'2022-05-02 12:47:52','2022-05-02 12:47:52',NULL,NULL,'Sahara occidental',NULL,2,234);
INSERT INTO `country_description` (`DESCRIPTION_ID`, `DATE_CREATED`, `DATE_MODIFIED`, `UPDT_ID`, `DESCRIPTION`, `NAME`, `TITLE`, `LANGUAGE_ID`, `COUNTRY_ID`) VALUES (702,'2022-05-02 12:47:52','2022-05-02 12:47:52',NULL,NULL,'Sáhara Occidental',NULL,3,234);
INSERT INTO `country_description` (`DESCRIPTION_ID`, `DATE_CREATED`, `DATE_MODIFIED`, `UPDT_ID`, `DESCRIPTION`, `NAME`, `TITLE`, `LANGUAGE_ID`, `COUNTRY_ID`) VALUES (703,'2022-05-02 12:47:52','2022-05-02 12:47:52',NULL,NULL,'Yemen',NULL,1,235);
INSERT INTO `country_description` (`DESCRIPTION_ID`, `DATE_CREATED`, `DATE_MODIFIED`, `UPDT_ID`, `DESCRIPTION`, `NAME`, `TITLE`, `LANGUAGE_ID`, `COUNTRY_ID`) VALUES (704,'2022-05-02 12:47:52','2022-05-02 12:47:52',NULL,NULL,'Yémen',NULL,2,235);
INSERT INTO `country_description` (`DESCRIPTION_ID`, `DATE_CREATED`, `DATE_MODIFIED`, `UPDT_ID`, `DESCRIPTION`, `NAME`, `TITLE`, `LANGUAGE_ID`, `COUNTRY_ID`) VALUES (705,'2022-05-02 12:47:52','2022-05-02 12:47:52',NULL,NULL,'Yemen',NULL,3,235);
INSERT INTO `country_description` (`DESCRIPTION_ID`, `DATE_CREATED`, `DATE_MODIFIED`, `UPDT_ID`, `DESCRIPTION`, `NAME`, `TITLE`, `LANGUAGE_ID`, `COUNTRY_ID`) VALUES (706,'2022-05-02 12:47:52','2022-05-02 12:47:52',NULL,NULL,'Zambia',NULL,1,236);
INSERT INTO `country_description` (`DESCRIPTION_ID`, `DATE_CREATED`, `DATE_MODIFIED`, `UPDT_ID`, `DESCRIPTION`, `NAME`, `TITLE`, `LANGUAGE_ID`, `COUNTRY_ID`) VALUES (707,'2022-05-02 12:47:52','2022-05-02 12:47:52',NULL,NULL,'Zambie',NULL,2,236);
INSERT INTO `country_description` (`DESCRIPTION_ID`, `DATE_CREATED`, `DATE_MODIFIED`, `UPDT_ID`, `DESCRIPTION`, `NAME`, `TITLE`, `LANGUAGE_ID`, `COUNTRY_ID`) VALUES (708,'2022-05-02 12:47:52','2022-05-02 12:47:52',NULL,NULL,'Zambia',NULL,3,236);
INSERT INTO `country_description` (`DESCRIPTION_ID`, `DATE_CREATED`, `DATE_MODIFIED`, `UPDT_ID`, `DESCRIPTION`, `NAME`, `TITLE`, `LANGUAGE_ID`, `COUNTRY_ID`) VALUES (709,'2022-05-02 12:47:52','2022-05-02 12:47:52',NULL,NULL,'Zimbabwe',NULL,1,237);
INSERT INTO `country_description` (`DESCRIPTION_ID`, `DATE_CREATED`, `DATE_MODIFIED`, `UPDT_ID`, `DESCRIPTION`, `NAME`, `TITLE`, `LANGUAGE_ID`, `COUNTRY_ID`) VALUES (710,'2022-05-02 12:47:52','2022-05-02 12:47:52',NULL,NULL,'Zimbabwe',NULL,2,237);
INSERT INTO `country_description` (`DESCRIPTION_ID`, `DATE_CREATED`, `DATE_MODIFIED`, `UPDT_ID`, `DESCRIPTION`, `NAME`, `TITLE`, `LANGUAGE_ID`, `COUNTRY_ID`) VALUES (711,'2022-05-02 12:47:52','2022-05-02 12:47:52',NULL,NULL,'Zimbabue',NULL,3,237);

--
-- Table structure for table `currency`
--

DROP TABLE IF EXISTS `currency`;
/*!40101 SET @saved_cs_client     = @@character_set_client */;
 SET character_set_client = utf8mb4 ;
CREATE TABLE `currency` (
  `CURRENCY_ID` bigint(20) NOT NULL,
  `CURRENCY_CODE` varchar(255) DEFAULT NULL,
  `CURRENCY_CURRENCY_CODE` varchar(255) NOT NULL,
  `CURRENCY_NAME` varchar(255) DEFAULT NULL,
  `CURRENCY_SUPPORTED` bit(1) DEFAULT NULL,
  PRIMARY KEY (`CURRENCY_ID`),
  UNIQUE KEY `UK_m7ku15ekud52vp67ry73a36te` (`CURRENCY_CURRENCY_CODE`),
  UNIQUE KEY `UK_1ubr7n96hjajamtggqp090a4x` (`CURRENCY_CODE`),
  UNIQUE KEY `UK_7r1k69cbk5giewqr5c9r4v6f` (`CURRENCY_NAME`)
) ENGINE=InnoDB DEFAULT CHARSET=utf8;
/*!40101 SET character_set_client = @saved_cs_client */;

--
-- Dumping data for table `currency`
--

INSERT INTO `currency` (`CURRENCY_ID`, `CURRENCY_CODE`, `CURRENCY_CURRENCY_CODE`, `CURRENCY_NAME`, `CURRENCY_SUPPORTED`) VALUES (1,'FJD','FJD','FJD',_binary '');
INSERT INTO `currency` (`CURRENCY_ID`, `CURRENCY_CODE`, `CURRENCY_CURRENCY_CODE`, `CURRENCY_NAME`, `CURRENCY_SUPPORTED`) VALUES (2,'MXN','MXN','MXN',_binary '');
INSERT INTO `currency` (`CURRENCY_ID`, `CURRENCY_CODE`, `CURRENCY_CURRENCY_CODE`, `CURRENCY_NAME`, `CURRENCY_SUPPORTED`) VALUES (3,'STD','STD','STD',_binary '');
INSERT INTO `currency` (`CURRENCY_ID`, `CURRENCY_CODE`, `CURRENCY_CURRENCY_CODE`, `CURRENCY_NAME`, `CURRENCY_SUPPORTED`) VALUES (4,'LVL','LVL','LVL',_binary '');
INSERT INTO `currency` (`CURRENCY_ID`, `CURRENCY_CODE`, `CURRENCY_CURRENCY_CODE`, `CURRENCY_NAME`, `CURRENCY_SUPPORTED`) VALUES (5,'SCR','SCR','SCR',_binary '');
INSERT INTO `currency` (`CURRENCY_ID`, `CURRENCY_CODE`, `CURRENCY_CURRENCY_CODE`, `CURRENCY_NAME`, `CURRENCY_SUPPORTED`) VALUES (6,'CDF','CDF','CDF',_binary '');
INSERT INTO `currency` (`CURRENCY_ID`, `CURRENCY_CODE`, `CURRENCY_CURRENCY_CODE`, `CURRENCY_NAME`, `CURRENCY_SUPPORTED`) VALUES (7,'BBD','BBD','BBD',_binary '');
INSERT INTO `currency` (`CURRENCY_ID`, `CURRENCY_CODE`, `CURRENCY_CURRENCY_CODE`, `CURRENCY_NAME`, `CURRENCY_SUPPORTED`) VALUES (8,'GTQ','GTQ','GTQ',_binary '');
INSERT INTO `currency` (`CURRENCY_ID`, `CURRENCY_CODE`, `CURRENCY_CURRENCY_CODE`, `CURRENCY_NAME`, `CURRENCY_SUPPORTED`) VALUES (9,'CLP','CLP','CLP',_binary '');
INSERT INTO `currency` (`CURRENCY_ID`, `CURRENCY_CODE`, `CURRENCY_CURRENCY_CODE`, `CURRENCY_NAME`, `CURRENCY_SUPPORTED`) VALUES (10,'HNL','HNL','HNL',_binary '');
INSERT INTO `currency` (`CURRENCY_ID`, `CURRENCY_CODE`, `CURRENCY_CURRENCY_CODE`, `CURRENCY_NAME`, `CURRENCY_SUPPORTED`) VALUES (11,'UGX','UGX','UGX',_binary '');
INSERT INTO `currency` (`CURRENCY_ID`, `CURRENCY_CODE`, `CURRENCY_CURRENCY_CODE`, `CURRENCY_NAME`, `CURRENCY_SUPPORTED`) VALUES (12,'ZAR','ZAR','ZAR',_binary '');
INSERT INTO `currency` (`CURRENCY_ID`, `CURRENCY_CODE`, `CURRENCY_CURRENCY_CODE`, `CURRENCY_NAME`, `CURRENCY_SUPPORTED`) VALUES (13,'MXV','MXV','MXV',_binary '');
INSERT INTO `currency` (`CURRENCY_ID`, `CURRENCY_CODE`, `CURRENCY_CURRENCY_CODE`, `CURRENCY_NAME`, `CURRENCY_SUPPORTED`) VALUES (14,'TND','TND','TND',_binary '');
INSERT INTO `currency` (`CURRENCY_ID`, `CURRENCY_CODE`, `CURRENCY_CURRENCY_CODE`, `CURRENCY_NAME`, `CURRENCY_SUPPORTED`) VALUES (15,'BSD','BSD','BSD',_binary '');
INSERT INTO `currency` (`CURRENCY_ID`, `CURRENCY_CODE`, `CURRENCY_CURRENCY_CODE`, `CURRENCY_NAME`, `CURRENCY_SUPPORTED`) VALUES (16,'SLL','SLL','SLL',_binary '');
INSERT INTO `currency` (`CURRENCY_ID`, `CURRENCY_CODE`, `CURRENCY_CURRENCY_CODE`, `CURRENCY_NAME`, `CURRENCY_SUPPORTED`) VALUES (17,'SDG','SDG','SDG',_binary '');
INSERT INTO `currency` (`CURRENCY_ID`, `CURRENCY_CODE`, `CURRENCY_CURRENCY_CODE`, `CURRENCY_NAME`, `CURRENCY_SUPPORTED`) VALUES (18,'IQD','IQD','IQD',_binary '');
INSERT INTO `currency` (`CURRENCY_ID`, `CURRENCY_CODE`, `CURRENCY_CURRENCY_CODE`, `CURRENCY_NAME`, `CURRENCY_SUPPORTED`) VALUES (19,'CUP','CUP','CUP',_binary '');
INSERT INTO `currency` (`CURRENCY_ID`, `CURRENCY_CODE`, `CURRENCY_CURRENCY_CODE`, `CURRENCY_NAME`, `CURRENCY_SUPPORTED`) VALUES (20,'GMD','GMD','GMD',_binary '');
INSERT INTO `currency` (`CURRENCY_ID`, `CURRENCY_CODE`, `CURRENCY_CURRENCY_CODE`, `CURRENCY_NAME`, `CURRENCY_SUPPORTED`) VALUES (21,'TWD','TWD','TWD',_binary '');
INSERT INTO `currency` (`CURRENCY_ID`, `CURRENCY_CODE`, `CURRENCY_CURRENCY_CODE`, `CURRENCY_NAME`, `CURRENCY_SUPPORTED`) VALUES (22,'RSD','RSD','RSD',_binary '');
INSERT INTO `currency` (`CURRENCY_ID`, `CURRENCY_CODE`, `CURRENCY_CURRENCY_CODE`, `CURRENCY_NAME`, `CURRENCY_SUPPORTED`) VALUES (23,'DOP','DOP','DOP',_binary '');
INSERT INTO `currency` (`CURRENCY_ID`, `CURRENCY_CODE`, `CURRENCY_CURRENCY_CODE`, `CURRENCY_NAME`, `CURRENCY_SUPPORTED`) VALUES (24,'KMF','KMF','KMF',_binary '');
INSERT INTO `currency` (`CURRENCY_ID`, `CURRENCY_CODE`, `CURRENCY_CURRENCY_CODE`, `CURRENCY_NAME`, `CURRENCY_SUPPORTED`) VALUES (25,'MYR','MYR','MYR',_binary '');
INSERT INTO `currency` (`CURRENCY_ID`, `CURRENCY_CODE`, `CURRENCY_CURRENCY_CODE`, `CURRENCY_NAME`, `CURRENCY_SUPPORTED`) VALUES (26,'FKP','FKP','FKP',_binary '');
INSERT INTO `currency` (`CURRENCY_ID`, `CURRENCY_CODE`, `CURRENCY_CURRENCY_CODE`, `CURRENCY_NAME`, `CURRENCY_SUPPORTED`) VALUES (27,'XOF','XOF','XOF',_binary '');
INSERT INTO `currency` (`CURRENCY_ID`, `CURRENCY_CODE`, `CURRENCY_CURRENCY_CODE`, `CURRENCY_NAME`, `CURRENCY_SUPPORTED`) VALUES (28,'GEL','GEL','GEL',_binary '');
INSERT INTO `currency` (`CURRENCY_ID`, `CURRENCY_CODE`, `CURRENCY_CURRENCY_CODE`, `CURRENCY_NAME`, `CURRENCY_SUPPORTED`) VALUES (29,'UYU','UYU','UYU',_binary '');
INSERT INTO `currency` (`CURRENCY_ID`, `CURRENCY_CODE`, `CURRENCY_CURRENCY_CODE`, `CURRENCY_NAME`, `CURRENCY_SUPPORTED`) VALUES (30,'MAD','MAD','MAD',_binary '');
INSERT INTO `currency` (`CURRENCY_ID`, `CURRENCY_CODE`, `CURRENCY_CURRENCY_CODE`, `CURRENCY_NAME`, `CURRENCY_SUPPORTED`) VALUES (31,'CVE','CVE','CVE',_binary '');
INSERT INTO `currency` (`CURRENCY_ID`, `CURRENCY_CODE`, `CURRENCY_CURRENCY_CODE`, `CURRENCY_NAME`, `CURRENCY_SUPPORTED`) VALUES (32,'AZN','AZN','AZN',_binary '');
INSERT INTO `currency` (`CURRENCY_ID`, `CURRENCY_CODE`, `CURRENCY_CURRENCY_CODE`, `CURRENCY_NAME`, `CURRENCY_SUPPORTED`) VALUES (33,'OMR','OMR','OMR',_binary '');
INSERT INTO `currency` (`CURRENCY_ID`, `CURRENCY_CODE`, `CURRENCY_CURRENCY_CODE`, `CURRENCY_NAME`, `CURRENCY_SUPPORTED`) VALUES (34,'PGK','PGK','PGK',_binary '');
INSERT INTO `currency` (`CURRENCY_ID`, `CURRENCY_CODE`, `CURRENCY_CURRENCY_CODE`, `CURRENCY_NAME`, `CURRENCY_SUPPORTED`) VALUES (35,'KES','KES','KES',_binary '');
INSERT INTO `currency` (`CURRENCY_ID`, `CURRENCY_CODE`, `CURRENCY_CURRENCY_CODE`, `CURRENCY_NAME`, `CURRENCY_SUPPORTED`) VALUES (36,'SEK','SEK','SEK',_binary '');
INSERT INTO `currency` (`CURRENCY_ID`, `CURRENCY_CODE`, `CURRENCY_CURRENCY_CODE`, `CURRENCY_NAME`, `CURRENCY_SUPPORTED`) VALUES (37,'BTN','BTN','BTN',_binary '');
INSERT INTO `currency` (`CURRENCY_ID`, `CURRENCY_CODE`, `CURRENCY_CURRENCY_CODE`, `CURRENCY_NAME`, `CURRENCY_SUPPORTED`) VALUES (38,'UAH','UAH','UAH',_binary '');
INSERT INTO `currency` (`CURRENCY_ID`, `CURRENCY_CODE`, `CURRENCY_CURRENCY_CODE`, `CURRENCY_NAME`, `CURRENCY_SUPPORTED`) VALUES (39,'GNF','GNF','GNF',_binary '');
INSERT INTO `currency` (`CURRENCY_ID`, `CURRENCY_CODE`, `CURRENCY_CURRENCY_CODE`, `CURRENCY_NAME`, `CURRENCY_SUPPORTED`) VALUES (40,'ERN','ERN','ERN',_binary '');
INSERT INTO `currency` (`CURRENCY_ID`, `CURRENCY_CODE`, `CURRENCY_CURRENCY_CODE`, `CURRENCY_NAME`, `CURRENCY_SUPPORTED`) VALUES (41,'MZN','MZN','MZN',_binary '');
INSERT INTO `currency` (`CURRENCY_ID`, `CURRENCY_CODE`, `CURRENCY_CURRENCY_CODE`, `CURRENCY_NAME`, `CURRENCY_SUPPORTED`) VALUES (42,'SVC','SVC','SVC',_binary '');
INSERT INTO `currency` (`CURRENCY_ID`, `CURRENCY_CODE`, `CURRENCY_CURRENCY_CODE`, `CURRENCY_NAME`, `CURRENCY_SUPPORTED`) VALUES (43,'ARS','ARS','ARS',_binary '');
INSERT INTO `currency` (`CURRENCY_ID`, `CURRENCY_CODE`, `CURRENCY_CURRENCY_CODE`, `CURRENCY_NAME`, `CURRENCY_SUPPORTED`) VALUES (44,'QAR','QAR','QAR',_binary '');
INSERT INTO `currency` (`CURRENCY_ID`, `CURRENCY_CODE`, `CURRENCY_CURRENCY_CODE`, `CURRENCY_NAME`, `CURRENCY_SUPPORTED`) VALUES (45,'IRR','IRR','IRR',_binary '');
INSERT INTO `currency` (`CURRENCY_ID`, `CURRENCY_CODE`, `CURRENCY_CURRENCY_CODE`, `CURRENCY_NAME`, `CURRENCY_SUPPORTED`) VALUES (46,'MRO','MRO','MRO',_binary '');
INSERT INTO `currency` (`CURRENCY_ID`, `CURRENCY_CODE`, `CURRENCY_CURRENCY_CODE`, `CURRENCY_NAME`, `CURRENCY_SUPPORTED`) VALUES (47,'CNY','CNY','CNY',_binary '');
INSERT INTO `currency` (`CURRENCY_ID`, `CURRENCY_CODE`, `CURRENCY_CURRENCY_CODE`, `CURRENCY_NAME`, `CURRENCY_SUPPORTED`) VALUES (48,'XPF','XPF','XPF',_binary '');
INSERT INTO `currency` (`CURRENCY_ID`, `CURRENCY_CODE`, `CURRENCY_CURRENCY_CODE`, `CURRENCY_NAME`, `CURRENCY_SUPPORTED`) VALUES (49,'THB','THB','THB',_binary '');
INSERT INTO `currency` (`CURRENCY_ID`, `CURRENCY_CODE`, `CURRENCY_CURRENCY_CODE`, `CURRENCY_NAME`, `CURRENCY_SUPPORTED`) VALUES (50,'UZS','UZS','UZS',_binary '');
INSERT INTO `currency` (`CURRENCY_ID`, `CURRENCY_CODE`, `CURRENCY_CURRENCY_CODE`, `CURRENCY_NAME`, `CURRENCY_SUPPORTED`) VALUES (51,'BDT','BDT','BDT',_binary '');
INSERT INTO `currency` (`CURRENCY_ID`, `CURRENCY_CODE`, `CURRENCY_CURRENCY_CODE`, `CURRENCY_NAME`, `CURRENCY_SUPPORTED`) VALUES (52,'LYD','LYD','LYD',_binary '');
INSERT INTO `currency` (`CURRENCY_ID`, `CURRENCY_CODE`, `CURRENCY_CURRENCY_CODE`, `CURRENCY_NAME`, `CURRENCY_SUPPORTED`) VALUES (53,'BMD','BMD','BMD',_binary '');
INSERT INTO `currency` (`CURRENCY_ID`, `CURRENCY_CODE`, `CURRENCY_CURRENCY_CODE`, `CURRENCY_NAME`, `CURRENCY_SUPPORTED`) VALUES (54,'KWD','KWD','KWD',_binary '');
INSERT INTO `currency` (`CURRENCY_ID`, `CURRENCY_CODE`, `CURRENCY_CURRENCY_CODE`, `CURRENCY_NAME`, `CURRENCY_SUPPORTED`) VALUES (55,'PHP','PHP','PHP',_binary '');
INSERT INTO `currency` (`CURRENCY_ID`, `CURRENCY_CODE`, `CURRENCY_CURRENCY_CODE`, `CURRENCY_NAME`, `CURRENCY_SUPPORTED`) VALUES (56,'RUB','RUB','RUB',_binary '');
INSERT INTO `currency` (`CURRENCY_ID`, `CURRENCY_CODE`, `CURRENCY_CURRENCY_CODE`, `CURRENCY_NAME`, `CURRENCY_SUPPORTED`) VALUES (57,'PYG','PYG','PYG',_binary '');
INSERT INTO `currency` (`CURRENCY_ID`, `CURRENCY_CODE`, `CURRENCY_CURRENCY_CODE`, `CURRENCY_NAME`, `CURRENCY_SUPPORTED`) VALUES (58,'ISK','ISK','ISK',_binary '');
INSERT INTO `currency` (`CURRENCY_ID`, `CURRENCY_CODE`, `CURRENCY_CURRENCY_CODE`, `CURRENCY_NAME`, `CURRENCY_SUPPORTED`) VALUES (59,'JMD','JMD','JMD',_binary '');
INSERT INTO `currency` (`CURRENCY_ID`, `CURRENCY_CODE`, `CURRENCY_CURRENCY_CODE`, `CURRENCY_NAME`, `CURRENCY_SUPPORTED`) VALUES (60,'COP','COP','COP',_binary '');
INSERT INTO `currency` (`CURRENCY_ID`, `CURRENCY_CODE`, `CURRENCY_CURRENCY_CODE`, `CURRENCY_NAME`, `CURRENCY_SUPPORTED`) VALUES (61,'USD','USD','USD',_binary '');
INSERT INTO `currency` (`CURRENCY_ID`, `CURRENCY_CODE`, `CURRENCY_CURRENCY_CODE`, `CURRENCY_NAME`, `CURRENCY_SUPPORTED`) VALUES (62,'MKD','MKD','MKD',_binary '');
INSERT INTO `currency` (`CURRENCY_ID`, `CURRENCY_CODE`, `CURRENCY_CURRENCY_CODE`, `CURRENCY_NAME`, `CURRENCY_SUPPORTED`) VALUES (63,'DZD','DZD','DZD',_binary '');
INSERT INTO `currency` (`CURRENCY_ID`, `CURRENCY_CODE`, `CURRENCY_CURRENCY_CODE`, `CURRENCY_NAME`, `CURRENCY_SUPPORTED`) VALUES (64,'PAB','PAB','PAB',_binary '');
INSERT INTO `currency` (`CURRENCY_ID`, `CURRENCY_CODE`, `CURRENCY_CURRENCY_CODE`, `CURRENCY_NAME`, `CURRENCY_SUPPORTED`) VALUES (65,'SGD','SGD','SGD',_binary '');
INSERT INTO `currency` (`CURRENCY_ID`, `CURRENCY_CODE`, `CURRENCY_CURRENCY_CODE`, `CURRENCY_NAME`, `CURRENCY_SUPPORTED`) VALUES (66,'ETB','ETB','ETB',_binary '');
INSERT INTO `currency` (`CURRENCY_ID`, `CURRENCY_CODE`, `CURRENCY_CURRENCY_CODE`, `CURRENCY_NAME`, `CURRENCY_SUPPORTED`) VALUES (67,'KGS','KGS','KGS',_binary '');
INSERT INTO `currency` (`CURRENCY_ID`, `CURRENCY_CODE`, `CURRENCY_CURRENCY_CODE`, `CURRENCY_NAME`, `CURRENCY_SUPPORTED`) VALUES (68,'SOS','SOS','SOS',_binary '');
INSERT INTO `currency` (`CURRENCY_ID`, `CURRENCY_CODE`, `CURRENCY_CURRENCY_CODE`, `CURRENCY_NAME`, `CURRENCY_SUPPORTED`) VALUES (69,'VUV','VUV','VUV',_binary '');
INSERT INTO `currency` (`CURRENCY_ID`, `CURRENCY_CODE`, `CURRENCY_CURRENCY_CODE`, `CURRENCY_NAME`, `CURRENCY_SUPPORTED`) VALUES (70,'VEF','VEF','VEF',_binary '');
INSERT INTO `currency` (`CURRENCY_ID`, `CURRENCY_CODE`, `CURRENCY_CURRENCY_CODE`, `CURRENCY_NAME`, `CURRENCY_SUPPORTED`) VALUES (71,'LAK','LAK','LAK',_binary '');
INSERT INTO `currency` (`CURRENCY_ID`, `CURRENCY_CODE`, `CURRENCY_CURRENCY_CODE`, `CURRENCY_NAME`, `CURRENCY_SUPPORTED`) VALUES (72,'BND','BND','BND',_binary '');
INSERT INTO `currency` (`CURRENCY_ID`, `CURRENCY_CODE`, `CURRENCY_CURRENCY_CODE`, `CURRENCY_NAME`, `CURRENCY_SUPPORTED`) VALUES (73,'ZMK','ZMK','ZMK',_binary '');
INSERT INTO `currency` (`CURRENCY_ID`, `CURRENCY_CODE`, `CURRENCY_CURRENCY_CODE`, `CURRENCY_NAME`, `CURRENCY_SUPPORTED`) VALUES (74,'XAF','XAF','XAF',_binary '');
INSERT INTO `currency` (`CURRENCY_ID`, `CURRENCY_CODE`, `CURRENCY_CURRENCY_CODE`, `CURRENCY_NAME`, `CURRENCY_SUPPORTED`) VALUES (75,'LRD','LRD','LRD',_binary '');
INSERT INTO `currency` (`CURRENCY_ID`, `CURRENCY_CODE`, `CURRENCY_CURRENCY_CODE`, `CURRENCY_NAME`, `CURRENCY_SUPPORTED`) VALUES (76,'HRK','HRK','HRK',_binary '');
INSERT INTO `currency` (`CURRENCY_ID`, `CURRENCY_CODE`, `CURRENCY_CURRENCY_CODE`, `CURRENCY_NAME`, `CURRENCY_SUPPORTED`) VALUES (77,'CHF','CHF','CHF',_binary '');
INSERT INTO `currency` (`CURRENCY_ID`, `CURRENCY_CODE`, `CURRENCY_CURRENCY_CODE`, `CURRENCY_NAME`, `CURRENCY_SUPPORTED`) VALUES (78,'ALL','ALL','ALL',_binary '');
INSERT INTO `currency` (`CURRENCY_ID`, `CURRENCY_CODE`, `CURRENCY_CURRENCY_CODE`, `CURRENCY_NAME`, `CURRENCY_SUPPORTED`) VALUES (79,'DJF','DJF','DJF',_binary '');
INSERT INTO `currency` (`CURRENCY_ID`, `CURRENCY_CODE`, `CURRENCY_CURRENCY_CODE`, `CURRENCY_NAME`, `CURRENCY_SUPPORTED`) VALUES (80,'TZS','TZS','TZS',_binary '');
INSERT INTO `currency` (`CURRENCY_ID`, `CURRENCY_CODE`, `CURRENCY_CURRENCY_CODE`, `CURRENCY_NAME`, `CURRENCY_SUPPORTED`) VALUES (81,'VND','VND','VND',_binary '');
INSERT INTO `currency` (`CURRENCY_ID`, `CURRENCY_CODE`, `CURRENCY_CURRENCY_CODE`, `CURRENCY_NAME`, `CURRENCY_SUPPORTED`) VALUES (82,'AUD','AUD','AUD',_binary '');
INSERT INTO `currency` (`CURRENCY_ID`, `CURRENCY_CODE`, `CURRENCY_CURRENCY_CODE`, `CURRENCY_NAME`, `CURRENCY_SUPPORTED`) VALUES (83,'ILS','ILS','ILS',_binary '');
INSERT INTO `currency` (`CURRENCY_ID`, `CURRENCY_CODE`, `CURRENCY_CURRENCY_CODE`, `CURRENCY_NAME`, `CURRENCY_SUPPORTED`) VALUES (84,'GHS','GHS','GHS',_binary '');
INSERT INTO `currency` (`CURRENCY_ID`, `CURRENCY_CODE`, `CURRENCY_CURRENCY_CODE`, `CURRENCY_NAME`, `CURRENCY_SUPPORTED`) VALUES (85,'GYD','GYD','GYD',_binary '');
INSERT INTO `currency` (`CURRENCY_ID`, `CURRENCY_CODE`, `CURRENCY_CURRENCY_CODE`, `CURRENCY_NAME`, `CURRENCY_SUPPORTED`) VALUES (86,'KPW','KPW','KPW',_binary '');
INSERT INTO `currency` (`CURRENCY_ID`, `CURRENCY_CODE`, `CURRENCY_CURRENCY_CODE`, `CURRENCY_NAME`, `CURRENCY_SUPPORTED`) VALUES (87,'BOB','BOB','BOB',_binary '');
INSERT INTO `currency` (`CURRENCY_ID`, `CURRENCY_CODE`, `CURRENCY_CURRENCY_CODE`, `CURRENCY_NAME`, `CURRENCY_SUPPORTED`) VALUES (88,'KHR','KHR','KHR',_binary '');
INSERT INTO `currency` (`CURRENCY_ID`, `CURRENCY_CODE`, `CURRENCY_CURRENCY_CODE`, `CURRENCY_NAME`, `CURRENCY_SUPPORTED`) VALUES (89,'MDL','MDL','MDL',_binary '');
INSERT INTO `currency` (`CURRENCY_ID`, `CURRENCY_CODE`, `CURRENCY_CURRENCY_CODE`, `CURRENCY_NAME`, `CURRENCY_SUPPORTED`) VALUES (90,'IDR','IDR','IDR',_binary '');
INSERT INTO `currency` (`CURRENCY_ID`, `CURRENCY_CODE`, `CURRENCY_CURRENCY_CODE`, `CURRENCY_NAME`, `CURRENCY_SUPPORTED`) VALUES (91,'KYD','KYD','KYD',_binary '');
INSERT INTO `currency` (`CURRENCY_ID`, `CURRENCY_CODE`, `CURRENCY_CURRENCY_CODE`, `CURRENCY_NAME`, `CURRENCY_SUPPORTED`) VALUES (92,'AMD','AMD','AMD',_binary '');
INSERT INTO `currency` (`CURRENCY_ID`, `CURRENCY_CODE`, `CURRENCY_CURRENCY_CODE`, `CURRENCY_NAME`, `CURRENCY_SUPPORTED`) VALUES (93,'BWP','BWP','BWP',_binary '');
INSERT INTO `currency` (`CURRENCY_ID`, `CURRENCY_CODE`, `CURRENCY_CURRENCY_CODE`, `CURRENCY_NAME`, `CURRENCY_SUPPORTED`) VALUES (94,'SHP','SHP','SHP',_binary '');
INSERT INTO `currency` (`CURRENCY_ID`, `CURRENCY_CODE`, `CURRENCY_CURRENCY_CODE`, `CURRENCY_NAME`, `CURRENCY_SUPPORTED`) VALUES (95,'TRY','TRY','TRY',_binary '');
INSERT INTO `currency` (`CURRENCY_ID`, `CURRENCY_CODE`, `CURRENCY_CURRENCY_CODE`, `CURRENCY_NAME`, `CURRENCY_SUPPORTED`) VALUES (96,'LBP','LBP','LBP',_binary '');
INSERT INTO `currency` (`CURRENCY_ID`, `CURRENCY_CODE`, `CURRENCY_CURRENCY_CODE`, `CURRENCY_NAME`, `CURRENCY_SUPPORTED`) VALUES (97,'TJS','TJS','TJS',_binary '');
INSERT INTO `currency` (`CURRENCY_ID`, `CURRENCY_CODE`, `CURRENCY_CURRENCY_CODE`, `CURRENCY_NAME`, `CURRENCY_SUPPORTED`) VALUES (98,'JOD','JOD','JOD',_binary '');
INSERT INTO `currency` (`CURRENCY_ID`, `CURRENCY_CODE`, `CURRENCY_CURRENCY_CODE`, `CURRENCY_NAME`, `CURRENCY_SUPPORTED`) VALUES (99,'HKD','HKD','HKD',_binary '');
INSERT INTO `currency` (`CURRENCY_ID`, `CURRENCY_CODE`, `CURRENCY_CURRENCY_CODE`, `CURRENCY_NAME`, `CURRENCY_SUPPORTED`) VALUES (100,'RWF','RWF','RWF',_binary '');
INSERT INTO `currency` (`CURRENCY_ID`, `CURRENCY_CODE`, `CURRENCY_CURRENCY_CODE`, `CURRENCY_NAME`, `CURRENCY_SUPPORTED`) VALUES (101,'AED','AED','AED',_binary '');
INSERT INTO `currency` (`CURRENCY_ID`, `CURRENCY_CODE`, `CURRENCY_CURRENCY_CODE`, `CURRENCY_NAME`, `CURRENCY_SUPPORTED`) VALUES (102,'EUR','EUR','EUR',_binary '');
INSERT INTO `currency` (`CURRENCY_ID`, `CURRENCY_CODE`, `CURRENCY_CURRENCY_CODE`, `CURRENCY_NAME`, `CURRENCY_SUPPORTED`) VALUES (103,'LSL','LSL','LSL',_binary '');
INSERT INTO `currency` (`CURRENCY_ID`, `CURRENCY_CODE`, `CURRENCY_CURRENCY_CODE`, `CURRENCY_NAME`, `CURRENCY_SUPPORTED`) VALUES (104,'DKK','DKK','DKK',_binary '');
INSERT INTO `currency` (`CURRENCY_ID`, `CURRENCY_CODE`, `CURRENCY_CURRENCY_CODE`, `CURRENCY_NAME`, `CURRENCY_SUPPORTED`) VALUES (105,'CAD','CAD','CAD',_binary '');
INSERT INTO `currency` (`CURRENCY_ID`, `CURRENCY_CODE`, `CURRENCY_CURRENCY_CODE`, `CURRENCY_NAME`, `CURRENCY_SUPPORTED`) VALUES (106,'BOV','BOV','BOV',_binary '');
INSERT INTO `currency` (`CURRENCY_ID`, `CURRENCY_CODE`, `CURRENCY_CURRENCY_CODE`, `CURRENCY_NAME`, `CURRENCY_SUPPORTED`) VALUES (107,'BGN','BGN','BGN',_binary '');
INSERT INTO `currency` (`CURRENCY_ID`, `CURRENCY_CODE`, `CURRENCY_CURRENCY_CODE`, `CURRENCY_NAME`, `CURRENCY_SUPPORTED`) VALUES (108,'MMK','MMK','MMK',_binary '');
INSERT INTO `currency` (`CURRENCY_ID`, `CURRENCY_CODE`, `CURRENCY_CURRENCY_CODE`, `CURRENCY_NAME`, `CURRENCY_SUPPORTED`) VALUES (109,'NOK','NOK','NOK',_binary '');
INSERT INTO `currency` (`CURRENCY_ID`, `CURRENCY_CODE`, `CURRENCY_CURRENCY_CODE`, `CURRENCY_NAME`, `CURRENCY_SUPPORTED`) VALUES (110,'MUR','MUR','MUR',_binary '');
INSERT INTO `currency` (`CURRENCY_ID`, `CURRENCY_CODE`, `CURRENCY_CURRENCY_CODE`, `CURRENCY_NAME`, `CURRENCY_SUPPORTED`) VALUES (111,'SYP','SYP','SYP',_binary '');
INSERT INTO `currency` (`CURRENCY_ID`, `CURRENCY_CODE`, `CURRENCY_CURRENCY_CODE`, `CURRENCY_NAME`, `CURRENCY_SUPPORTED`) VALUES (112,'GIP','GIP','GIP',_binary '');
INSERT INTO `currency` (`CURRENCY_ID`, `CURRENCY_CODE`, `CURRENCY_CURRENCY_CODE`, `CURRENCY_NAME`, `CURRENCY_SUPPORTED`) VALUES (113,'RON','RON','RON',_binary '');
INSERT INTO `currency` (`CURRENCY_ID`, `CURRENCY_CODE`, `CURRENCY_CURRENCY_CODE`, `CURRENCY_NAME`, `CURRENCY_SUPPORTED`) VALUES (114,'LKR','LKR','LKR',_binary '');
INSERT INTO `currency` (`CURRENCY_ID`, `CURRENCY_CODE`, `CURRENCY_CURRENCY_CODE`, `CURRENCY_NAME`, `CURRENCY_SUPPORTED`) VALUES (115,'NGN','NGN','NGN',_binary '');
INSERT INTO `currency` (`CURRENCY_ID`, `CURRENCY_CODE`, `CURRENCY_CURRENCY_CODE`, `CURRENCY_NAME`, `CURRENCY_SUPPORTED`) VALUES (116,'CRC','CRC','CRC',_binary '');
INSERT INTO `currency` (`CURRENCY_ID`, `CURRENCY_CODE`, `CURRENCY_CURRENCY_CODE`, `CURRENCY_NAME`, `CURRENCY_SUPPORTED`) VALUES (117,'CZK','CZK','CZK',_binary '');
INSERT INTO `currency` (`CURRENCY_ID`, `CURRENCY_CODE`, `CURRENCY_CURRENCY_CODE`, `CURRENCY_NAME`, `CURRENCY_SUPPORTED`) VALUES (118,'PKR','PKR','PKR',_binary '');
INSERT INTO `currency` (`CURRENCY_ID`, `CURRENCY_CODE`, `CURRENCY_CURRENCY_CODE`, `CURRENCY_NAME`, `CURRENCY_SUPPORTED`) VALUES (119,'XCD','XCD','XCD',_binary '');
INSERT INTO `currency` (`CURRENCY_ID`, `CURRENCY_CODE`, `CURRENCY_CURRENCY_CODE`, `CURRENCY_NAME`, `CURRENCY_SUPPORTED`) VALUES (120,'ANG','ANG','ANG',_binary '');
INSERT INTO `currency` (`CURRENCY_ID`, `CURRENCY_CODE`, `CURRENCY_CURRENCY_CODE`, `CURRENCY_NAME`, `CURRENCY_SUPPORTED`) VALUES (121,'HTG','HTG','HTG',_binary '');
INSERT INTO `currency` (`CURRENCY_ID`, `CURRENCY_CODE`, `CURRENCY_CURRENCY_CODE`, `CURRENCY_NAME`, `CURRENCY_SUPPORTED`) VALUES (122,'BHD','BHD','BHD',_binary '');
INSERT INTO `currency` (`CURRENCY_ID`, `CURRENCY_CODE`, `CURRENCY_CURRENCY_CODE`, `CURRENCY_NAME`, `CURRENCY_SUPPORTED`) VALUES (123,'KZT','KZT','KZT',_binary '');
INSERT INTO `currency` (`CURRENCY_ID`, `CURRENCY_CODE`, `CURRENCY_CURRENCY_CODE`, `CURRENCY_NAME`, `CURRENCY_SUPPORTED`) VALUES (124,'SRD','SRD','SRD',_binary '');
INSERT INTO `currency` (`CURRENCY_ID`, `CURRENCY_CODE`, `CURRENCY_CURRENCY_CODE`, `CURRENCY_NAME`, `CURRENCY_SUPPORTED`) VALUES (125,'SZL','SZL','SZL',_binary '');
INSERT INTO `currency` (`CURRENCY_ID`, `CURRENCY_CODE`, `CURRENCY_CURRENCY_CODE`, `CURRENCY_NAME`, `CURRENCY_SUPPORTED`) VALUES (126,'LTL','LTL','LTL',_binary '');
INSERT INTO `currency` (`CURRENCY_ID`, `CURRENCY_CODE`, `CURRENCY_CURRENCY_CODE`, `CURRENCY_NAME`, `CURRENCY_SUPPORTED`) VALUES (127,'SAR','SAR','SAR',_binary '');
INSERT INTO `currency` (`CURRENCY_ID`, `CURRENCY_CODE`, `CURRENCY_CURRENCY_CODE`, `CURRENCY_NAME`, `CURRENCY_SUPPORTED`) VALUES (128,'TTD','TTD','TTD',_binary '');
INSERT INTO `currency` (`CURRENCY_ID`, `CURRENCY_CODE`, `CURRENCY_CURRENCY_CODE`, `CURRENCY_NAME`, `CURRENCY_SUPPORTED`) VALUES (129,'YER','YER','YER',_binary '');
INSERT INTO `currency` (`CURRENCY_ID`, `CURRENCY_CODE`, `CURRENCY_CURRENCY_CODE`, `CURRENCY_NAME`, `CURRENCY_SUPPORTED`) VALUES (130,'MVR','MVR','MVR',_binary '');
INSERT INTO `currency` (`CURRENCY_ID`, `CURRENCY_CODE`, `CURRENCY_CURRENCY_CODE`, `CURRENCY_NAME`, `CURRENCY_SUPPORTED`) VALUES (131,'AFN','AFN','AFN',_binary '');
INSERT INTO `currency` (`CURRENCY_ID`, `CURRENCY_CODE`, `CURRENCY_CURRENCY_CODE`, `CURRENCY_NAME`, `CURRENCY_SUPPORTED`) VALUES (132,'INR','INR','INR',_binary '');
INSERT INTO `currency` (`CURRENCY_ID`, `CURRENCY_CODE`, `CURRENCY_CURRENCY_CODE`, `CURRENCY_NAME`, `CURRENCY_SUPPORTED`) VALUES (133,'AWG','AWG','AWG',_binary '');
INSERT INTO `currency` (`CURRENCY_ID`, `CURRENCY_CODE`, `CURRENCY_CURRENCY_CODE`, `CURRENCY_NAME`, `CURRENCY_SUPPORTED`) VALUES (134,'KRW','KRW','KRW',_binary '');
INSERT INTO `currency` (`CURRENCY_ID`, `CURRENCY_CODE`, `CURRENCY_CURRENCY_CODE`, `CURRENCY_NAME`, `CURRENCY_SUPPORTED`) VALUES (135,'NPR','NPR','NPR',_binary '');
INSERT INTO `currency` (`CURRENCY_ID`, `CURRENCY_CODE`, `CURRENCY_CURRENCY_CODE`, `CURRENCY_NAME`, `CURRENCY_SUPPORTED`) VALUES (136,'JPY','JPY','JPY',_binary '');
INSERT INTO `currency` (`CURRENCY_ID`, `CURRENCY_CODE`, `CURRENCY_CURRENCY_CODE`, `CURRENCY_NAME`, `CURRENCY_SUPPORTED`) VALUES (137,'MNT','MNT','MNT',_binary '');
INSERT INTO `currency` (`CURRENCY_ID`, `CURRENCY_CODE`, `CURRENCY_CURRENCY_CODE`, `CURRENCY_NAME`, `CURRENCY_SUPPORTED`) VALUES (138,'AOA','AOA','AOA',_binary '');
INSERT INTO `currency` (`CURRENCY_ID`, `CURRENCY_CODE`, `CURRENCY_CURRENCY_CODE`, `CURRENCY_NAME`, `CURRENCY_SUPPORTED`) VALUES (139,'PLN','PLN','PLN',_binary '');
INSERT INTO `currency` (`CURRENCY_ID`, `CURRENCY_CODE`, `CURRENCY_CURRENCY_CODE`, `CURRENCY_NAME`, `CURRENCY_SUPPORTED`) VALUES (140,'GBP','GBP','GBP',_binary '');
INSERT INTO `currency` (`CURRENCY_ID`, `CURRENCY_CODE`, `CURRENCY_CURRENCY_CODE`, `CURRENCY_NAME`, `CURRENCY_SUPPORTED`) VALUES (141,'SBD','SBD','SBD',_binary '');
INSERT INTO `currency` (`CURRENCY_ID`, `CURRENCY_CODE`, `CURRENCY_CURRENCY_CODE`, `CURRENCY_NAME`, `CURRENCY_SUPPORTED`) VALUES (142,'HUF','HUF','HUF',_binary '');
INSERT INTO `currency` (`CURRENCY_ID`, `CURRENCY_CODE`, `CURRENCY_CURRENCY_CODE`, `CURRENCY_NAME`, `CURRENCY_SUPPORTED`) VALUES (143,'BYR','BYR','BYR',_binary '');
INSERT INTO `currency` (`CURRENCY_ID`, `CURRENCY_CODE`, `CURRENCY_CURRENCY_CODE`, `CURRENCY_NAME`, `CURRENCY_SUPPORTED`) VALUES (144,'BIF','BIF','BIF',_binary '');
INSERT INTO `currency` (`CURRENCY_ID`, `CURRENCY_CODE`, `CURRENCY_CURRENCY_CODE`, `CURRENCY_NAME`, `CURRENCY_SUPPORTED`) VALUES (145,'MWK','MWK','MWK',_binary '');
INSERT INTO `currency` (`CURRENCY_ID`, `CURRENCY_CODE`, `CURRENCY_CURRENCY_CODE`, `CURRENCY_NAME`, `CURRENCY_SUPPORTED`) VALUES (146,'MGA','MGA','MGA',_binary '');
INSERT INTO `currency` (`CURRENCY_ID`, `CURRENCY_CODE`, `CURRENCY_CURRENCY_CODE`, `CURRENCY_NAME`, `CURRENCY_SUPPORTED`) VALUES (147,'XDR','XDR','XDR',_binary '');
INSERT INTO `currency` (`CURRENCY_ID`, `CURRENCY_CODE`, `CURRENCY_CURRENCY_CODE`, `CURRENCY_NAME`, `CURRENCY_SUPPORTED`) VALUES (148,'BZD','BZD','BZD',_binary '');
INSERT INTO `currency` (`CURRENCY_ID`, `CURRENCY_CODE`, `CURRENCY_CURRENCY_CODE`, `CURRENCY_NAME`, `CURRENCY_SUPPORTED`) VALUES (149,'BAM','BAM','BAM',_binary '');
INSERT INTO `currency` (`CURRENCY_ID`, `CURRENCY_CODE`, `CURRENCY_CURRENCY_CODE`, `CURRENCY_NAME`, `CURRENCY_SUPPORTED`) VALUES (150,'EGP','EGP','EGP',_binary '');
INSERT INTO `currency` (`CURRENCY_ID`, `CURRENCY_CODE`, `CURRENCY_CURRENCY_CODE`, `CURRENCY_NAME`, `CURRENCY_SUPPORTED`) VALUES (151,'MOP','MOP','MOP',_binary '');
INSERT INTO `currency` (`CURRENCY_ID`, `CURRENCY_CODE`, `CURRENCY_CURRENCY_CODE`, `CURRENCY_NAME`, `CURRENCY_SUPPORTED`) VALUES (152,'NAD','NAD','NAD',_binary '');
INSERT INTO `currency` (`CURRENCY_ID`, `CURRENCY_CODE`, `CURRENCY_CURRENCY_CODE`, `CURRENCY_NAME`, `CURRENCY_SUPPORTED`) VALUES (153,'NIO','NIO','NIO',_binary '');
INSERT INTO `currency` (`CURRENCY_ID`, `CURRENCY_CODE`, `CURRENCY_CURRENCY_CODE`, `CURRENCY_NAME`, `CURRENCY_SUPPORTED`) VALUES (154,'PEN','PEN','PEN',_binary '');
INSERT INTO `currency` (`CURRENCY_ID`, `CURRENCY_CODE`, `CURRENCY_CURRENCY_CODE`, `CURRENCY_NAME`, `CURRENCY_SUPPORTED`) VALUES (155,'NZD','NZD','NZD',_binary '');
INSERT INTO `currency` (`CURRENCY_ID`, `CURRENCY_CODE`, `CURRENCY_CURRENCY_CODE`, `CURRENCY_NAME`, `CURRENCY_SUPPORTED`) VALUES (156,'WST','WST','WST',_binary '');
INSERT INTO `currency` (`CURRENCY_ID`, `CURRENCY_CODE`, `CURRENCY_CURRENCY_CODE`, `CURRENCY_NAME`, `CURRENCY_SUPPORTED`) VALUES (157,'CLF','CLF','CLF',_binary '');
INSERT INTO `currency` (`CURRENCY_ID`, `CURRENCY_CODE`, `CURRENCY_CURRENCY_CODE`, `CURRENCY_NAME`, `CURRENCY_SUPPORTED`) VALUES (158,'BRL','BRL','BRL',_binary '');

--
-- Table structure for table `customer`
--

DROP TABLE IF EXISTS `customer`;
/*!40101 SET @saved_cs_client     = @@character_set_client */;
 SET character_set_client = utf8mb4 ;
CREATE TABLE `customer` (
  `CUSTOMER_ID` bigint(20) NOT NULL,
  `CUSTOMER_ANONYMOUS` bit(1) DEFAULT NULL,
  `DATE_CREATED` datetime DEFAULT NULL,
  `DATE_MODIFIED` datetime DEFAULT NULL,
  `UPDT_ID` varchar(60) DEFAULT NULL,
  `BILLING_STREET_ADDRESS` varchar(256) DEFAULT NULL,
  `BILLING_CITY` varchar(100) DEFAULT NULL,
  `BILLING_COMPANY` varchar(100) DEFAULT NULL,
  `BILLING_FIRST_NAME` varchar(64) NOT NULL,
  `BILLING_LAST_NAME` varchar(64) NOT NULL,
  `LATITUDE` varchar(100) DEFAULT NULL,
  `LONGITUDE` varchar(100) DEFAULT NULL,
  `BILLING_POSTCODE` varchar(20) DEFAULT NULL,
  `BILLING_STATE` varchar(100) DEFAULT NULL,
  `BILLING_TELEPHONE` varchar(32) DEFAULT NULL,
  `CUSTOMER_COMPANY` varchar(100) DEFAULT NULL,
  `RESET_CREDENTIALS_REQ` varchar(256) DEFAULT NULL,
  `RESET_CREDENTIALS_EXP` date DEFAULT NULL,
  `REVIEW_AVG` decimal(19,2) DEFAULT NULL,
  `REVIEW_COUNT` int(11) DEFAULT NULL,
  `CUSTOMER_DOB` datetime DEFAULT NULL,
  `DELIVERY_STREET_ADDRESS` varchar(256) DEFAULT NULL,
  `DELIVERY_CITY` varchar(100) DEFAULT NULL,
  `DELIVERY_COMPANY` varchar(100) DEFAULT NULL,
  `DELIVERY_FIRST_NAME` varchar(64) DEFAULT NULL,
  `DELIVERY_LAST_NAME` varchar(64) DEFAULT NULL,
  `DELIVERY_POSTCODE` varchar(20) DEFAULT NULL,
  `DELIVERY_STATE` varchar(100) DEFAULT NULL,
  `DELIVERY_TELEPHONE` varchar(32) DEFAULT NULL,
  `CUSTOMER_EMAIL_ADDRESS` varchar(96) NOT NULL,
  `CUSTOMER_GENDER` varchar(1) DEFAULT NULL,
  `CUSTOMER_NICK` varchar(96) DEFAULT NULL,
  `CUSTOMER_PASSWORD` varchar(60) DEFAULT NULL,
  `PROVIDER` varchar(255) DEFAULT NULL,
  `BILLING_COUNTRY_ID` int(11) NOT NULL,
  `BILLING_ZONE_ID` bigint(20) DEFAULT NULL,
  `LANGUAGE_ID` int(11) NOT NULL,
  `DELIVERY_COUNTRY_ID` int(11) DEFAULT NULL,
  `DELIVERY_ZONE_ID` bigint(20) DEFAULT NULL,
  `MERCHANT_ID` int(11) NOT NULL,
  PRIMARY KEY (`CUSTOMER_ID`),
  UNIQUE KEY `UK6v48av32rli7qu9m3ksb32art` (`MERCHANT_ID`,`CUSTOMER_NICK`),
  KEY `FK5pas8t9mknk4kkin55t4v300l` (`BILLING_COUNTRY_ID`),
  KEY `FKp0xcpa3i2mgdr0kq43xiibx40` (`BILLING_ZONE_ID`),
  KEY `FKdgjqmj04qt89gmfloo4ofojcw` (`LANGUAGE_ID`),
  KEY `FKbxyooiceli2ko29bupdye6jgn` (`DELIVERY_COUNTRY_ID`),
  KEY `FK3k21jw28bbx043c2mnhevg9w4` (`DELIVERY_ZONE_ID`),
  CONSTRAINT `FK3k21jw28bbx043c2mnhevg9w4` FOREIGN KEY (`DELIVERY_ZONE_ID`) REFERENCES `zone` (`ZONE_ID`),
  CONSTRAINT `FK5pas8t9mknk4kkin55t4v300l` FOREIGN KEY (`BILLING_COUNTRY_ID`) REFERENCES `country` (`COUNTRY_ID`),
  CONSTRAINT `FK8122nrpakxu3umk1od4v0xxoa` FOREIGN KEY (`MERCHANT_ID`) REFERENCES `merchant_store` (`MERCHANT_ID`),
  CONSTRAINT `FKbxyooiceli2ko29bupdye6jgn` FOREIGN KEY (`DELIVERY_COUNTRY_ID`) REFERENCES `country` (`COUNTRY_ID`),
  CONSTRAINT `FKdgjqmj04qt89gmfloo4ofojcw` FOREIGN KEY (`LANGUAGE_ID`) REFERENCES `language` (`LANGUAGE_ID`),
  CONSTRAINT `FKp0xcpa3i2mgdr0kq43xiibx40` FOREIGN KEY (`BILLING_ZONE_ID`) REFERENCES `zone` (`ZONE_ID`)
) ENGINE=InnoDB DEFAULT CHARSET=utf8;
/*!40101 SET character_set_client = @saved_cs_client */;

--
-- Dumping data for table `customer`
--

INSERT INTO `customer` (`CUSTOMER_ID`, `CUSTOMER_ANONYMOUS`, `DATE_CREATED`, `DATE_MODIFIED`, `UPDT_ID`, `BILLING_STREET_ADDRESS`, `BILLING_CITY`, `BILLING_COMPANY`, `BILLING_FIRST_NAME`, `BILLING_LAST_NAME`, `LATITUDE`, `LONGITUDE`, `BILLING_POSTCODE`, `BILLING_STATE`, `BILLING_TELEPHONE`, `CUSTOMER_COMPANY`, `RESET_CREDENTIALS_REQ`, `RESET_CREDENTIALS_EXP`, `REVIEW_AVG`, `REVIEW_COUNT`, `CUSTOMER_DOB`, `DELIVERY_STREET_ADDRESS`, `DELIVERY_CITY`, `DELIVERY_COMPANY`, `DELIVERY_FIRST_NAME`, `DELIVERY_LAST_NAME`, `DELIVERY_POSTCODE`, `DELIVERY_STATE`, `DELIVERY_TELEPHONE`, `CUSTOMER_EMAIL_ADDRESS`, `CUSTOMER_GENDER`, `CUSTOMER_NICK`, `CUSTOMER_PASSWORD`, `PROVIDER`, `BILLING_COUNTRY_ID`, `BILLING_ZONE_ID`, `LANGUAGE_ID`, `DELIVERY_COUNTRY_ID`, `DELIVERY_ZONE_ID`, `MERCHANT_ID`) VALUES (1,_binary '\0',NULL,NULL,NULL,'358 Du Languadoc','Boucherville','CSTI Consulting','Leonardo','DiCaprio',NULL,NULL,'J4B-8J9',NULL,NULL,'CSTI Consulting',NULL,NULL,NULL,NULL,'2022-05-10 15:30:20','358 Du Languadoc','Boucherville',NULL,'Leonardo','DiCaprio','J4B-8J9',NULL,NULL,'test@shopizer.com','M','shopizer','$2a$10$9SEUYb18rudxTcbbtxu1gOOMmlN7v9cSGzWMOv8Env0kwkrRcru0i',NULL,37,9,1,37,9,1);

--
-- Table structure for table `customer_attribute`
--

DROP TABLE IF EXISTS `customer_attribute`;
/*!40101 SET @saved_cs_client     = @@character_set_client */;
 SET character_set_client = utf8mb4 ;
CREATE TABLE `customer_attribute` (
  `CUSTOMER_ATTRIBUTE_ID` bigint(20) NOT NULL,
  `CUSTOMER_ATTR_TXT_VAL` varchar(255) DEFAULT NULL,
  `CUSTOMER_ID` bigint(20) NOT NULL,
  `OPTION_ID` bigint(20) NOT NULL,
  `OPTION_VALUE_ID` bigint(20) NOT NULL,
  PRIMARY KEY (`CUSTOMER_ATTRIBUTE_ID`),
  UNIQUE KEY `UK46kbpre88yh963gewm3kmdni1` (`OPTION_ID`,`CUSTOMER_ID`),
  KEY `FKc3318o13i2bpxkci1bh52we5a` (`CUSTOMER_ID`),
  KEY `FK9fl7iexvdeeeoch9fh35o5vw4` (`OPTION_VALUE_ID`),
  CONSTRAINT `FK4xugs9yd9w4o3sw11fisb8tj5` FOREIGN KEY (`OPTION_ID`) REFERENCES `customer_option` (`CUSTOMER_OPTION_ID`),
  CONSTRAINT `FK9fl7iexvdeeeoch9fh35o5vw4` FOREIGN KEY (`OPTION_VALUE_ID`) REFERENCES `customer_option_value` (`CUSTOMER_OPTION_VALUE_ID`),
  CONSTRAINT `FKc3318o13i2bpxkci1bh52we5a` FOREIGN KEY (`CUSTOMER_ID`) REFERENCES `customer` (`CUSTOMER_ID`)
) ENGINE=InnoDB DEFAULT CHARSET=utf8;
/*!40101 SET character_set_client = @saved_cs_client */;

--
-- Dumping data for table `customer_attribute`
--


--
-- Table structure for table `customer_group`
--

DROP TABLE IF EXISTS `customer_group`;
/*!40101 SET @saved_cs_client     = @@character_set_client */;
 SET character_set_client = utf8mb4 ;
CREATE TABLE `customer_group` (
  `CUSTOMER_ID` bigint(20) NOT NULL,
  `GROUP_ID` int(11) NOT NULL,
  KEY `FKgrr5v89l1m9sl2qol62bbctq4` (`GROUP_ID`),
  KEY `FK257h3e27f4ujw08doqtq46hho` (`CUSTOMER_ID`),
  CONSTRAINT `FK257h3e27f4ujw08doqtq46hho` FOREIGN KEY (`CUSTOMER_ID`) REFERENCES `customer` (`CUSTOMER_ID`),
  CONSTRAINT `FKgrr5v89l1m9sl2qol62bbctq4` FOREIGN KEY (`GROUP_ID`) REFERENCES `sm_group` (`GROUP_ID`)
) ENGINE=InnoDB DEFAULT CHARSET=utf8;
/*!40101 SET character_set_client = @saved_cs_client */;

--
-- Dumping data for table `customer_group`
--

INSERT INTO `customer_group` (`CUSTOMER_ID`, `GROUP_ID`) VALUES (1,8);

--
-- Table structure for table `customer_opt_val_description`
--

DROP TABLE IF EXISTS `customer_opt_val_description`;
/*!40101 SET @saved_cs_client     = @@character_set_client */;
 SET character_set_client = utf8mb4 ;
CREATE TABLE `customer_opt_val_description` (
  `DESCRIPTION_ID` bigint(20) NOT NULL,
  `DATE_CREATED` datetime DEFAULT NULL,
  `DATE_MODIFIED` datetime DEFAULT NULL,
  `UPDT_ID` varchar(60) DEFAULT NULL,
  `DESCRIPTION` longtext,
  `NAME` varchar(120) NOT NULL,
  `TITLE` varchar(100) DEFAULT NULL,
  `LANGUAGE_ID` int(11) NOT NULL,
  `CUSTOMER_OPT_VAL_ID` bigint(20) DEFAULT NULL,
  PRIMARY KEY (`DESCRIPTION_ID`),
  UNIQUE KEY `UKge7f2t1d31r87wnk09h9u1tnv` (`CUSTOMER_OPT_VAL_ID`,`LANGUAGE_ID`),
  KEY `FK6rfssi3qfx4pswicxrfb18c1` (`LANGUAGE_ID`),
  CONSTRAINT `FK6rfssi3qfx4pswicxrfb18c1` FOREIGN KEY (`LANGUAGE_ID`) REFERENCES `language` (`LANGUAGE_ID`),
  CONSTRAINT `FKhwrs6fyqk6vh11yvcflu42yef` FOREIGN KEY (`CUSTOMER_OPT_VAL_ID`) REFERENCES `customer_option_value` (`CUSTOMER_OPTION_VALUE_ID`)
) ENGINE=InnoDB DEFAULT CHARSET=utf8;
/*!40101 SET character_set_client = @saved_cs_client */;

--
-- Dumping data for table `customer_opt_val_description`
--


--
-- Table structure for table `customer_optin`
--

DROP TABLE IF EXISTS `customer_optin`;
/*!40101 SET @saved_cs_client     = @@character_set_client */;
 SET character_set_client = utf8mb4 ;
CREATE TABLE `customer_optin` (
  `CUSTOMER_OPTIN_ID` bigint(20) NOT NULL,
  `EMAIL` varchar(255) NOT NULL,
  `FIRST` varchar(255) DEFAULT NULL,
  `LAST` varchar(255) DEFAULT NULL,
  `OPTIN_DATE` datetime DEFAULT NULL,
  `VALUE` longtext,
  `MERCHANT_ID` int(11) NOT NULL,
  `OPTIN_ID` bigint(20) DEFAULT NULL,
  PRIMARY KEY (`CUSTOMER_OPTIN_ID`),
  UNIQUE KEY `UKc4fnyu0pvxxtrbko10rm1jqyw` (`EMAIL`,`OPTIN_ID`),
  KEY `FKk5v94dvhsgibaw89hv4m8o5yw` (`MERCHANT_ID`),
  KEY `FK7qym878m07cwvs4foe68lvqjt` (`OPTIN_ID`),
  CONSTRAINT `FK7qym878m07cwvs4foe68lvqjt` FOREIGN KEY (`OPTIN_ID`) REFERENCES `optin` (`OPTIN_ID`),
  CONSTRAINT `FKk5v94dvhsgibaw89hv4m8o5yw` FOREIGN KEY (`MERCHANT_ID`) REFERENCES `merchant_store` (`MERCHANT_ID`)
) ENGINE=InnoDB DEFAULT CHARSET=utf8;
/*!40101 SET character_set_client = @saved_cs_client */;

--
-- Dumping data for table `customer_optin`
--


--
-- Table structure for table `customer_option`
--

DROP TABLE IF EXISTS `customer_option`;
/*!40101 SET @saved_cs_client     = @@character_set_client */;
 SET character_set_client = utf8mb4 ;
CREATE TABLE `customer_option` (
  `CUSTOMER_OPTION_ID` bigint(20) NOT NULL,
  `CUSTOMER_OPT_ACTIVE` bit(1) DEFAULT NULL,
  `CUSTOMER_OPT_CODE` varchar(255) DEFAULT NULL,
  `CUSTOMER_OPTION_TYPE` varchar(10) DEFAULT NULL,
  `CUSTOMER_OPT_PUBLIC` bit(1) DEFAULT NULL,
  `SORT_ORDER` int(11) DEFAULT NULL,
  `MERCHANT_ID` int(11) NOT NULL,
  PRIMARY KEY (`CUSTOMER_OPTION_ID`),
  UNIQUE KEY `UKrov34a6g4dhhiqukvhp1ggm0u` (`MERCHANT_ID`,`CUSTOMER_OPT_CODE`),
  KEY `CUST_OPT_CODE_IDX` (`CUSTOMER_OPT_CODE`),
  CONSTRAINT `FKcmqnh0rn2hukdfowean5tdy8k` FOREIGN KEY (`MERCHANT_ID`) REFERENCES `merchant_store` (`MERCHANT_ID`)
) ENGINE=InnoDB DEFAULT CHARSET=utf8;
/*!40101 SET character_set_client = @saved_cs_client */;

--
-- Dumping data for table `customer_option`
--


--
-- Table structure for table `customer_option_desc`
--

DROP TABLE IF EXISTS `customer_option_desc`;
/*!40101 SET @saved_cs_client     = @@character_set_client */;
 SET character_set_client = utf8mb4 ;
CREATE TABLE `customer_option_desc` (
  `DESCRIPTION_ID` bigint(20) NOT NULL,
  `DATE_CREATED` datetime DEFAULT NULL,
  `DATE_MODIFIED` datetime DEFAULT NULL,
  `UPDT_ID` varchar(60) DEFAULT NULL,
  `DESCRIPTION` longtext,
  `NAME` varchar(120) NOT NULL,
  `TITLE` varchar(100) DEFAULT NULL,
  `CUSTOMER_OPTION_COMMENT` varchar(4000) DEFAULT NULL,
  `LANGUAGE_ID` int(11) NOT NULL,
  `CUSTOMER_OPTION_ID` bigint(20) NOT NULL,
  PRIMARY KEY (`DESCRIPTION_ID`),
  UNIQUE KEY `UK6ovl4t1ciag1wubtcebaoo7vi` (`CUSTOMER_OPTION_ID`,`LANGUAGE_ID`),
  KEY `FKm4iu7v9db17wk2a03xqbqdlfa` (`LANGUAGE_ID`),
  CONSTRAINT `FKc2yiucjbw0wjha8ww7a01qfeo` FOREIGN KEY (`CUSTOMER_OPTION_ID`) REFERENCES `customer_option` (`CUSTOMER_OPTION_ID`),
  CONSTRAINT `FKm4iu7v9db17wk2a03xqbqdlfa` FOREIGN KEY (`LANGUAGE_ID`) REFERENCES `language` (`LANGUAGE_ID`)
) ENGINE=InnoDB DEFAULT CHARSET=utf8;
/*!40101 SET character_set_client = @saved_cs_client */;

--
-- Dumping data for table `customer_option_desc`
--


--
-- Table structure for table `customer_option_set`
--

DROP TABLE IF EXISTS `customer_option_set`;
/*!40101 SET @saved_cs_client     = @@character_set_client */;
 SET character_set_client = utf8mb4 ;
CREATE TABLE `customer_option_set` (
  `CUSTOMER_OPTIONSET_ID` bigint(20) NOT NULL,
  `SORT_ORDER` int(11) DEFAULT NULL,
  `CUSTOMER_OPTION_ID` bigint(20) NOT NULL,
  `CUSTOMER_OPTION_VALUE_ID` bigint(20) NOT NULL,
  PRIMARY KEY (`CUSTOMER_OPTIONSET_ID`),
  UNIQUE KEY `UK4peli2ritnnq2xqpyq188srm6` (`CUSTOMER_OPTION_ID`,`CUSTOMER_OPTION_VALUE_ID`),
  KEY `FKj9vnvyh6hhhftjbcsymgiodm9` (`CUSTOMER_OPTION_VALUE_ID`),
  CONSTRAINT `FK1y5qtsuabhpwft3dyhqrgmtb4` FOREIGN KEY (`CUSTOMER_OPTION_ID`) REFERENCES `customer_option` (`CUSTOMER_OPTION_ID`),
  CONSTRAINT `FKj9vnvyh6hhhftjbcsymgiodm9` FOREIGN KEY (`CUSTOMER_OPTION_VALUE_ID`) REFERENCES `customer_option_value` (`CUSTOMER_OPTION_VALUE_ID`)
) ENGINE=InnoDB DEFAULT CHARSET=utf8;
/*!40101 SET character_set_client = @saved_cs_client */;

--
-- Dumping data for table `customer_option_set`
--


--
-- Table structure for table `customer_option_value`
--

DROP TABLE IF EXISTS `customer_option_value`;
/*!40101 SET @saved_cs_client     = @@character_set_client */;
 SET character_set_client = utf8mb4 ;
CREATE TABLE `customer_option_value` (
  `CUSTOMER_OPTION_VALUE_ID` bigint(20) NOT NULL,
  `CUSTOMER_OPT_VAL_CODE` varchar(255) DEFAULT NULL,
  `CUSTOMER_OPT_VAL_IMAGE` varchar(255) DEFAULT NULL,
  `SORT_ORDER` int(11) DEFAULT NULL,
  `MERCHANT_ID` int(11) NOT NULL,
  PRIMARY KEY (`CUSTOMER_OPTION_VALUE_ID`),
  UNIQUE KEY `UKcb1fmv71nrx7m1rlx1ff5qvdt` (`MERCHANT_ID`,`CUSTOMER_OPT_VAL_CODE`),
  KEY `CUST_OPT_VAL_CODE_IDX` (`CUSTOMER_OPT_VAL_CODE`),
  CONSTRAINT `FKho87ssg5rnvwauj3y690a96g6` FOREIGN KEY (`MERCHANT_ID`) REFERENCES `merchant_store` (`MERCHANT_ID`)
) ENGINE=InnoDB DEFAULT CHARSET=utf8;
/*!40101 SET character_set_client = @saved_cs_client */;

--
-- Dumping data for table `customer_option_value`
--


--
-- Table structure for table `customer_review`
--

DROP TABLE IF EXISTS `customer_review`;
/*!40101 SET @saved_cs_client     = @@character_set_client */;
 SET character_set_client = utf8mb4 ;
CREATE TABLE `customer_review` (
  `CUSTOMER_REVIEW_ID` bigint(20) NOT NULL,
  `DATE_CREATED` datetime DEFAULT NULL,
  `DATE_MODIFIED` datetime DEFAULT NULL,
  `UPDT_ID` varchar(60) DEFAULT NULL,
  `REVIEW_DATE` datetime DEFAULT NULL,
  `REVIEWS_RATING` double DEFAULT NULL,
  `REVIEWS_READ` bigint(20) DEFAULT NULL,
  `STATUS` int(11) DEFAULT NULL,
  `CUSTOMERS_ID` bigint(20) DEFAULT NULL,
  `REVIEWED_CUSTOMER_ID` bigint(20) DEFAULT NULL,
  PRIMARY KEY (`CUSTOMER_REVIEW_ID`),
  UNIQUE KEY `UK2momthbfrtgico2yyod8w18pk` (`CUSTOMERS_ID`,`REVIEWED_CUSTOMER_ID`),
  KEY `FK7pmqdk9od2af7cl6alx82fkek` (`REVIEWED_CUSTOMER_ID`),
  CONSTRAINT `FK7pmqdk9od2af7cl6alx82fkek` FOREIGN KEY (`REVIEWED_CUSTOMER_ID`) REFERENCES `customer` (`CUSTOMER_ID`),
  CONSTRAINT `FKayt6tbxp7d4g1qyg8crw2n73p` FOREIGN KEY (`CUSTOMERS_ID`) REFERENCES `customer` (`CUSTOMER_ID`)
) ENGINE=InnoDB DEFAULT CHARSET=utf8;
/*!40101 SET character_set_client = @saved_cs_client */;

--
-- Dumping data for table `customer_review`
--


--
-- Table structure for table `customer_review_description`
--

DROP TABLE IF EXISTS `customer_review_description`;
/*!40101 SET @saved_cs_client     = @@character_set_client */;
 SET character_set_client = utf8mb4 ;
CREATE TABLE `customer_review_description` (
  `DESCRIPTION_ID` bigint(20) NOT NULL,
  `DATE_CREATED` datetime DEFAULT NULL,
  `DATE_MODIFIED` datetime DEFAULT NULL,
  `UPDT_ID` varchar(60) DEFAULT NULL,
  `DESCRIPTION` longtext,
  `NAME` varchar(120) NOT NULL,
  `TITLE` varchar(100) DEFAULT NULL,
  `LANGUAGE_ID` int(11) NOT NULL,
  `CUSTOMER_REVIEW_ID` bigint(20) DEFAULT NULL,
  PRIMARY KEY (`DESCRIPTION_ID`),
  UNIQUE KEY `UK1va9q0nhoe3wli25ktpmouvyh` (`CUSTOMER_REVIEW_ID`,`LANGUAGE_ID`),
  KEY `FK5pkgrlk32uqaxkrbve5mws1hj` (`LANGUAGE_ID`),
  CONSTRAINT `FK5pkgrlk32uqaxkrbve5mws1hj` FOREIGN KEY (`LANGUAGE_ID`) REFERENCES `language` (`LANGUAGE_ID`),
  CONSTRAINT `FKhf88oagf6t62k28afn8uaijc7` FOREIGN KEY (`CUSTOMER_REVIEW_ID`) REFERENCES `customer_review` (`CUSTOMER_REVIEW_ID`)
) ENGINE=InnoDB DEFAULT CHARSET=utf8;
/*!40101 SET character_set_client = @saved_cs_client */;

--
-- Dumping data for table `customer_review_description`
--


--
-- Table structure for table `file_history`
--

DROP TABLE IF EXISTS `file_history`;
/*!40101 SET @saved_cs_client     = @@character_set_client */;
 SET character_set_client = utf8mb4 ;
CREATE TABLE `file_history` (
  `FILE_HISTORY_ID` bigint(20) NOT NULL,
  `ACCOUNTED_DATE` datetime DEFAULT NULL,
  `DATE_ADDED` datetime NOT NULL,
  `DATE_DELETED` datetime DEFAULT NULL,
  `DOWNLOAD_COUNT` int(11) NOT NULL,
  `FILE_ID` bigint(20) DEFAULT NULL,
  `FILESIZE` int(11) NOT NULL,
  `MERCHANT_ID` int(11) NOT NULL,
  PRIMARY KEY (`FILE_HISTORY_ID`),
  UNIQUE KEY `UKav35sb3v4nxq8v1n1rkxufir` (`MERCHANT_ID`,`FILE_ID`),
  CONSTRAINT `FK2k8h4penkjlbtc23vamwyek2g` FOREIGN KEY (`MERCHANT_ID`) REFERENCES `merchant_store` (`MERCHANT_ID`)
) ENGINE=InnoDB DEFAULT CHARSET=utf8;
/*!40101 SET character_set_client = @saved_cs_client */;

--
-- Dumping data for table `file_history`
--


--
-- Table structure for table `geozone`
--

DROP TABLE IF EXISTS `geozone`;
/*!40101 SET @saved_cs_client     = @@character_set_client */;
 SET character_set_client = utf8mb4 ;
CREATE TABLE `geozone` (
  `GEOZONE_ID` bigint(20) NOT NULL,
  `GEOZONE_CODE` varchar(255) DEFAULT NULL,
  `GEOZONE_NAME` varchar(255) DEFAULT NULL,
  PRIMARY KEY (`GEOZONE_ID`)
) ENGINE=InnoDB DEFAULT CHARSET=utf8;
/*!40101 SET character_set_client = @saved_cs_client */;

--
-- Dumping data for table `geozone`
--


--
-- Table structure for table `geozone_description`
--

DROP TABLE IF EXISTS `geozone_description`;
/*!40101 SET @saved_cs_client     = @@character_set_client */;
 SET character_set_client = utf8mb4 ;
CREATE TABLE `geozone_description` (
  `DESCRIPTION_ID` bigint(20) NOT NULL,
  `DATE_CREATED` datetime DEFAULT NULL,
  `DATE_MODIFIED` datetime DEFAULT NULL,
  `UPDT_ID` varchar(60) DEFAULT NULL,
  `DESCRIPTION` longtext,
  `NAME` varchar(120) NOT NULL,
  `TITLE` varchar(100) DEFAULT NULL,
  `LANGUAGE_ID` int(11) NOT NULL,
  `GEOZONE_ID` bigint(20) DEFAULT NULL,
  PRIMARY KEY (`DESCRIPTION_ID`),
  UNIQUE KEY `UKsoq8o99w3c8ys3ntamt5i4mat` (`GEOZONE_ID`,`LANGUAGE_ID`),
  KEY `FK1t2hp628edebe5d6co2whbla9` (`LANGUAGE_ID`),
  CONSTRAINT `FK1t2hp628edebe5d6co2whbla9` FOREIGN KEY (`LANGUAGE_ID`) REFERENCES `language` (`LANGUAGE_ID`),
  CONSTRAINT `FKn82te2yb2st4hk2qlhl8ileb9` FOREIGN KEY (`GEOZONE_ID`) REFERENCES `geozone` (`GEOZONE_ID`)
) ENGINE=InnoDB DEFAULT CHARSET=utf8;
/*!40101 SET character_set_client = @saved_cs_client */;

--
-- Dumping data for table `geozone_description`
--


--
-- Table structure for table `hibernate_sequence`
--

DROP TABLE IF EXISTS `hibernate_sequence`;
/*!40101 SET @saved_cs_client     = @@character_set_client */;
 SET character_set_client = utf8mb4 ;
CREATE TABLE `hibernate_sequence` (
  `next_val` bigint(20) DEFAULT NULL
) ENGINE=InnoDB DEFAULT CHARSET=utf8;
/*!40101 SET character_set_client = @saved_cs_client */;

--
-- Dumping data for table `hibernate_sequence`
--

INSERT INTO `hibernate_sequence` (`next_val`) VALUES (62);
INSERT INTO `hibernate_sequence` (`next_val`) VALUES (62);
INSERT INTO `hibernate_sequence` (`next_val`) VALUES (62);
INSERT INTO `hibernate_sequence` (`next_val`) VALUES (62);
INSERT INTO `hibernate_sequence` (`next_val`) VALUES (62);
INSERT INTO `hibernate_sequence` (`next_val`) VALUES (62);
INSERT INTO `hibernate_sequence` (`next_val`) VALUES (62);
INSERT INTO `hibernate_sequence` (`next_val`) VALUES (62);
INSERT INTO `hibernate_sequence` (`next_val`) VALUES (62);
INSERT INTO `hibernate_sequence` (`next_val`) VALUES (62);
INSERT INTO `hibernate_sequence` (`next_val`) VALUES (62);
INSERT INTO `hibernate_sequence` (`next_val`) VALUES (62);
INSERT INTO `hibernate_sequence` (`next_val`) VALUES (62);
INSERT INTO `hibernate_sequence` (`next_val`) VALUES (62);
INSERT INTO `hibernate_sequence` (`next_val`) VALUES (62);
INSERT INTO `hibernate_sequence` (`next_val`) VALUES (62);
INSERT INTO `hibernate_sequence` (`next_val`) VALUES (62);
INSERT INTO `hibernate_sequence` (`next_val`) VALUES (62);
INSERT INTO `hibernate_sequence` (`next_val`) VALUES (62);
INSERT INTO `hibernate_sequence` (`next_val`) VALUES (62);
INSERT INTO `hibernate_sequence` (`next_val`) VALUES (62);
INSERT INTO `hibernate_sequence` (`next_val`) VALUES (62);
INSERT INTO `hibernate_sequence` (`next_val`) VALUES (62);
INSERT INTO `hibernate_sequence` (`next_val`) VALUES (62);
INSERT INTO `hibernate_sequence` (`next_val`) VALUES (62);
INSERT INTO `hibernate_sequence` (`next_val`) VALUES (62);

--
-- Table structure for table `language`
--

DROP TABLE IF EXISTS `language`;
/*!40101 SET @saved_cs_client     = @@character_set_client */;
 SET character_set_client = utf8mb4 ;
CREATE TABLE `language` (
  `LANGUAGE_ID` int(11) NOT NULL,
  `DATE_CREATED` datetime DEFAULT NULL,
  `DATE_MODIFIED` datetime DEFAULT NULL,
  `UPDT_ID` varchar(60) DEFAULT NULL,
  `CODE` varchar(255) NOT NULL,
  `SORT_ORDER` int(11) DEFAULT NULL,
  PRIMARY KEY (`LANGUAGE_ID`),
  KEY `CODE_IDX2` (`CODE`)
) ENGINE=InnoDB DEFAULT CHARSET=utf8;
/*!40101 SET character_set_client = @saved_cs_client */;

--
-- Dumping data for table `language`
--

INSERT INTO `language` (`LANGUAGE_ID`, `DATE_CREATED`, `DATE_MODIFIED`, `UPDT_ID`, `CODE`, `SORT_ORDER`) VALUES (1,'2022-05-02 12:47:37','2022-05-02 12:47:37',NULL,'en',NULL);
INSERT INTO `language` (`LANGUAGE_ID`, `DATE_CREATED`, `DATE_MODIFIED`, `UPDT_ID`, `CODE`, `SORT_ORDER`) VALUES (2,'2022-05-02 12:47:37','2022-05-02 12:47:37',NULL,'fr',NULL);
INSERT INTO `language` (`LANGUAGE_ID`, `DATE_CREATED`, `DATE_MODIFIED`, `UPDT_ID`, `CODE`, `SORT_ORDER`) VALUES (3,'2022-05-02 12:47:37','2022-05-02 12:47:37',NULL,'es',NULL);
INSERT INTO `language` (`LANGUAGE_ID`, `DATE_CREATED`, `DATE_MODIFIED`, `UPDT_ID`, `CODE`, `SORT_ORDER`) VALUES (4,'2022-05-02 12:47:37','2022-05-02 12:47:37',NULL,'pl',NULL);

--
-- Table structure for table `lkdcm2_address`
--

DROP TABLE IF EXISTS `lkdcm2_address`;
/*!40101 SET @saved_cs_client     = @@character_set_client */;
 SET character_set_client = utf8mb4 ;
CREATE TABLE `lkdcm2_address` (
  `id` bigint(20) NOT NULL AUTO_INCREMENT,
  `city` varchar(255) DEFAULT NULL,
  `country` varchar(255) DEFAULT NULL,
  `date_created` bigint(20) DEFAULT NULL,
  `description` varchar(255) DEFAULT NULL,
  `image_url` varchar(255) DEFAULT NULL,
  `name` varchar(255) DEFAULT NULL,
  `state` varchar(255) DEFAULT NULL,
  `status` varchar(255) DEFAULT NULL,
  `street` varchar(255) DEFAULT NULL,
  `units_in_stock` bigint(20) DEFAULT NULL,
  `uri_href` varchar(255) DEFAULT NULL,
  `zip_code` varchar(255) DEFAULT NULL,
  PRIMARY KEY (`id`)
) ENGINE=InnoDB DEFAULT CHARSET=utf8;
/*!40101 SET character_set_client = @saved_cs_client */;

--
-- Dumping data for table `lkdcm2_address`
--


--
-- Table structure for table `lkdcm2_country`
--

DROP TABLE IF EXISTS `lkdcm2_country`;
/*!40101 SET @saved_cs_client     = @@character_set_client */;
 SET character_set_client = utf8mb4 ;
CREATE TABLE `lkdcm2_country` (
  `id` int(11) NOT NULL AUTO_INCREMENT,
  `code` varchar(255) DEFAULT NULL,
  `date_created` bigint(20) DEFAULT NULL,
  `description` varchar(255) DEFAULT NULL,
  `image_url` varchar(255) DEFAULT NULL,
  `name` varchar(255) DEFAULT NULL,
  `status` varchar(255) DEFAULT NULL,
  `units_in_stock` bigint(20) DEFAULT NULL,
  `uri_href` varchar(255) DEFAULT NULL,
  PRIMARY KEY (`id`)
) ENGINE=InnoDB DEFAULT CHARSET=utf8;
/*!40101 SET character_set_client = @saved_cs_client */;

--
-- Dumping data for table `lkdcm2_country`
--


--
-- Table structure for table `lkdcm2_customer`
--

DROP TABLE IF EXISTS `lkdcm2_customer`;
/*!40101 SET @saved_cs_client     = @@character_set_client */;
 SET character_set_client = utf8mb4 ;
CREATE TABLE `lkdcm2_customer` (
  `id` bigint(20) NOT NULL AUTO_INCREMENT,
  `date_created` bigint(20) DEFAULT NULL,
  `description` varchar(255) DEFAULT NULL,
  `email` varchar(255) DEFAULT NULL,
  `first_name` varchar(255) DEFAULT NULL,
  `image_url` varchar(255) DEFAULT NULL,
  `last_name` varchar(255) DEFAULT NULL,
  `name` varchar(255) DEFAULT NULL,
  `status` varchar(255) DEFAULT NULL,
  `units_in_stock` bigint(20) DEFAULT NULL,
  `uri_href` varchar(255) DEFAULT NULL,
  PRIMARY KEY (`id`)
) ENGINE=InnoDB DEFAULT CHARSET=utf8;
/*!40101 SET character_set_client = @saved_cs_client */;

--
-- Dumping data for table `lkdcm2_customer`
--


--
-- Table structure for table `lkdcm2_order_item`
--

DROP TABLE IF EXISTS `lkdcm2_order_item`;
/*!40101 SET @saved_cs_client     = @@character_set_client */;
 SET character_set_client = utf8mb4 ;
CREATE TABLE `lkdcm2_order_item` (
  `id` bigint(20) NOT NULL AUTO_INCREMENT,
  `image_url` varchar(255) DEFAULT NULL,
  `product_id` bigint(20) DEFAULT NULL,
  `quantity` int(11) DEFAULT NULL,
  `unit_price` decimal(19,2) DEFAULT NULL,
  `date_created` bigint(20) DEFAULT NULL,
  `description` varchar(255) DEFAULT NULL,
  `name` varchar(255) DEFAULT NULL,
  `status` varchar(255) DEFAULT NULL,
  `units_in_stock` bigint(20) DEFAULT NULL,
  `uri_href` varchar(255) DEFAULT NULL,
  `order_id` bigint(20) DEFAULT NULL,
  PRIMARY KEY (`id`),
  KEY `FKdyqto4905d80d5lgohxtmj0kw` (`order_id`),
  CONSTRAINT `FKdyqto4905d80d5lgohxtmj0kw` FOREIGN KEY (`order_id`) REFERENCES `lkdcm2_orders` (`id`)
) ENGINE=InnoDB DEFAULT CHARSET=utf8;
/*!40101 SET character_set_client = @saved_cs_client */;

--
-- Dumping data for table `lkdcm2_order_item`
--


--
-- Table structure for table `lkdcm2_orders`
--

DROP TABLE IF EXISTS `lkdcm2_orders`;
/*!40101 SET @saved_cs_client     = @@character_set_client */;
 SET character_set_client = utf8mb4 ;
CREATE TABLE `lkdcm2_orders` (
  `id` bigint(20) NOT NULL AUTO_INCREMENT,
  `date_created` datetime DEFAULT NULL,
  `last_updated` datetime DEFAULT NULL,
  `order_tracking_number` varchar(255) DEFAULT NULL,
  `status` varchar(255) DEFAULT NULL,
  `total_price` decimal(19,2) DEFAULT NULL,
  `total_quantity` int(11) DEFAULT NULL,
  `description` varchar(255) DEFAULT NULL,
  `image_url` varchar(255) DEFAULT NULL,
  `name` varchar(255) DEFAULT NULL,
  `units_in_stock` bigint(20) DEFAULT NULL,
  `uri_href` varchar(255) DEFAULT NULL,
  `billing_address_id` bigint(20) DEFAULT NULL,
  `customer_id` bigint(20) DEFAULT NULL,
  `shipping_address_id` bigint(20) DEFAULT NULL,
  PRIMARY KEY (`id`),
  KEY `FK3kxohhr4hif2bxflshitrf4un` (`billing_address_id`),
  KEY `FKfrj2w19rynocm87ox8uai6m5m` (`customer_id`),
  KEY `FK7wug6y1hav409ajefwpcp929p` (`shipping_address_id`),
  CONSTRAINT `FK3kxohhr4hif2bxflshitrf4un` FOREIGN KEY (`billing_address_id`) REFERENCES `lkdcm2_address` (`id`),
  CONSTRAINT `FK7wug6y1hav409ajefwpcp929p` FOREIGN KEY (`shipping_address_id`) REFERENCES `lkdcm2_address` (`id`),
  CONSTRAINT `FKfrj2w19rynocm87ox8uai6m5m` FOREIGN KEY (`customer_id`) REFERENCES `lkdcm2_customer` (`id`)
) ENGINE=InnoDB DEFAULT CHARSET=utf8;
/*!40101 SET character_set_client = @saved_cs_client */;

--
-- Dumping data for table `lkdcm2_orders`
--


--
-- Table structure for table `lkdcm2_product`
--

DROP TABLE IF EXISTS `lkdcm2_product`;
/*!40101 SET @saved_cs_client     = @@character_set_client */;
 SET character_set_client = utf8mb4 ;
CREATE TABLE `lkdcm2_product` (
  `id` bigint(20) NOT NULL AUTO_INCREMENT,
  `active` bit(1) DEFAULT NULL,
  `date_created` datetime DEFAULT NULL,
  `description` varchar(255) DEFAULT NULL,
  `image_url` varchar(255) DEFAULT NULL,
  `last_updated` datetime DEFAULT NULL,
  `name` varchar(255) DEFAULT NULL,
  `sku` varchar(255) DEFAULT NULL,
  `unit_price` decimal(19,2) DEFAULT NULL,
  `units_in_stock` int(11) DEFAULT NULL,
  `status` varchar(255) DEFAULT NULL,
  `uri_href` varchar(255) DEFAULT NULL,
  `category_id` bigint(20) NOT NULL,
  PRIMARY KEY (`id`),
  KEY `FKaudtnpbxadcoocb16voxe5s8i` (`category_id`),
  CONSTRAINT `FKaudtnpbxadcoocb16voxe5s8i` FOREIGN KEY (`category_id`) REFERENCES `lkdcm2_product_category` (`id`)
) ENGINE=InnoDB DEFAULT CHARSET=utf8;
/*!40101 SET character_set_client = @saved_cs_client */;

--
-- Dumping data for table `lkdcm2_product`
--


--
-- Table structure for table `lkdcm2_product_category`
--

DROP TABLE IF EXISTS `lkdcm2_product_category`;
/*!40101 SET @saved_cs_client     = @@character_set_client */;
 SET character_set_client = utf8mb4 ;
CREATE TABLE `lkdcm2_product_category` (
  `id` bigint(20) NOT NULL AUTO_INCREMENT,
  `category_name` varchar(255) DEFAULT NULL,
  `date_created` bigint(20) DEFAULT NULL,
  `description` varchar(255) DEFAULT NULL,
  `image_url` varchar(255) DEFAULT NULL,
  `name` varchar(255) DEFAULT NULL,
  `status` varchar(255) DEFAULT NULL,
  `units_in_stock` bigint(20) DEFAULT NULL,
  `uri_href` varchar(255) DEFAULT NULL,
  PRIMARY KEY (`id`)
) ENGINE=InnoDB DEFAULT CHARSET=utf8;
/*!40101 SET character_set_client = @saved_cs_client */;

--
-- Dumping data for table `lkdcm2_product_category`
--


--
-- Table structure for table `lkdcm2_state`
--

DROP TABLE IF EXISTS `lkdcm2_state`;
/*!40101 SET @saved_cs_client     = @@character_set_client */;
 SET character_set_client = utf8mb4 ;
CREATE TABLE `lkdcm2_state` (
  `id` int(11) NOT NULL AUTO_INCREMENT,
  `name` varchar(255) DEFAULT NULL,
  `date_created` bigint(20) DEFAULT NULL,
  `description` varchar(255) DEFAULT NULL,
  `image_url` varchar(255) DEFAULT NULL,
  `status` varchar(255) DEFAULT NULL,
  `units_in_stock` bigint(20) DEFAULT NULL,
  `uri_href` varchar(255) DEFAULT NULL,
  `country_id` int(11) DEFAULT NULL,
  PRIMARY KEY (`id`),
  KEY `FK70sm9mpkeo1nkoxm3phyr8r45` (`country_id`),
  CONSTRAINT `FK70sm9mpkeo1nkoxm3phyr8r45` FOREIGN KEY (`country_id`) REFERENCES `lkdcm2_country` (`id`)
) ENGINE=InnoDB DEFAULT CHARSET=utf8;
/*!40101 SET character_set_client = @saved_cs_client */;

--
-- Dumping data for table `lkdcm2_state`
--


--
-- Table structure for table `lkdg_commerce_order`
--

DROP TABLE IF EXISTS `lkdg_commerce_order`;
/*!40101 SET @saved_cs_client     = @@character_set_client */;
 SET character_set_client = utf8mb4 ;
CREATE TABLE `lkdg_commerce_order` (
  `id` bigint(20) NOT NULL AUTO_INCREMENT,
  `date_created` date DEFAULT NULL,
  `status` varchar(255) DEFAULT NULL,
  PRIMARY KEY (`id`)
) ENGINE=InnoDB DEFAULT CHARSET=utf8;
/*!40101 SET character_set_client = @saved_cs_client */;

--
-- Dumping data for table `lkdg_commerce_order`
--


--
-- Table structure for table `lkdg_commerce_order_product`
--

DROP TABLE IF EXISTS `lkdg_commerce_order_product`;
/*!40101 SET @saved_cs_client     = @@character_set_client */;
 SET character_set_client = utf8mb4 ;
CREATE TABLE `lkdg_commerce_order_product` (
  `quantity` int(11) NOT NULL,
  `product_id` bigint(20) NOT NULL,
  `order_id` bigint(20) NOT NULL,
  PRIMARY KEY (`order_id`,`product_id`),
  KEY `FKb9c01nqqxb22b7ou6ge14utv3` (`product_id`),
  CONSTRAINT `FK8lr17e7tj8wlealpvjfmw9615` FOREIGN KEY (`order_id`) REFERENCES `lkdg_commerce_order` (`id`),
  CONSTRAINT `FKb9c01nqqxb22b7ou6ge14utv3` FOREIGN KEY (`product_id`) REFERENCES `lkdg_commerce_product` (`id`)
) ENGINE=InnoDB DEFAULT CHARSET=utf8;
/*!40101 SET character_set_client = @saved_cs_client */;

--
-- Dumping data for table `lkdg_commerce_order_product`
--


--
-- Table structure for table `lkdg_commerce_product`
--

DROP TABLE IF EXISTS `lkdg_commerce_product`;
/*!40101 SET @saved_cs_client     = @@character_set_client */;
 SET character_set_client = utf8mb4 ;
CREATE TABLE `lkdg_commerce_product` (
  `id` bigint(20) NOT NULL AUTO_INCREMENT,
  `name` varchar(255) NOT NULL,
  `picture_url` varchar(255) DEFAULT NULL,
  `price` double DEFAULT NULL,
  PRIMARY KEY (`id`)
) ENGINE=InnoDB AUTO_INCREMENT=2 DEFAULT CHARSET=utf8;
/*!40101 SET character_set_client = @saved_cs_client */;

--
-- Dumping data for table `lkdg_commerce_product`
--

INSERT INTO `lkdg_commerce_product` (`id`, `name`, `picture_url`, `price`) VALUES (1,'DICES','http://placehold.it/200x100',300);

--
-- Table structure for table `lkdg_commerce_user`
--

DROP TABLE IF EXISTS `lkdg_commerce_user`;
/*!40101 SET @saved_cs_client     = @@character_set_client */;
 SET character_set_client = utf8mb4 ;
CREATE TABLE `lkdg_commerce_user` (
  `id` bigint(20) NOT NULL,
  `email` varchar(255) DEFAULT NULL,
  `name` varchar(255) DEFAULT NULL,
  PRIMARY KEY (`id`)
) ENGINE=InnoDB DEFAULT CHARSET=utf8;
/*!40101 SET character_set_client = @saved_cs_client */;

--
-- Dumping data for table `lkdg_commerce_user`
--


--
-- Table structure for table `lkdg_dice`
--

DROP TABLE IF EXISTS `lkdg_dice`;
/*!40101 SET @saved_cs_client     = @@character_set_client */;
 SET character_set_client = utf8mb4 ;
CREATE TABLE `lkdg_dice` (
  `id` bigint(20) NOT NULL,
  `email` varchar(255) DEFAULT NULL,
  `name` varchar(255) DEFAULT NULL,
  PRIMARY KEY (`id`)
) ENGINE=InnoDB DEFAULT CHARSET=utf8;
/*!40101 SET character_set_client = @saved_cs_client */;

--
-- Dumping data for table `lkdg_dice`
--


--
-- Table structure for table `lkdg_game`
--

DROP TABLE IF EXISTS `lkdg_game`;
/*!40101 SET @saved_cs_client     = @@character_set_client */;
 SET character_set_client = utf8mb4 ;
CREATE TABLE `lkdg_game` (
  `id` bigint(20) NOT NULL,
  `email` varchar(255) DEFAULT NULL,
  `name` varchar(255) DEFAULT NULL,
  PRIMARY KEY (`id`)
) ENGINE=InnoDB DEFAULT CHARSET=utf8;
/*!40101 SET character_set_client = @saved_cs_client */;

--
-- Dumping data for table `lkdg_game`
--


--
-- Table structure for table `lkdg_item`
--

DROP TABLE IF EXISTS `lkdg_item`;
/*!40101 SET @saved_cs_client     = @@character_set_client */;
 SET character_set_client = utf8mb4 ;
CREATE TABLE `lkdg_item` (
  `id` bigint(20) NOT NULL,
  `attempts` bigint(20) DEFAULT NULL,
  `email` varchar(255) DEFAULT NULL,
  `name` varchar(255) DEFAULT NULL,
  PRIMARY KEY (`id`)
) ENGINE=InnoDB DEFAULT CHARSET=utf8;
/*!40101 SET character_set_client = @saved_cs_client */;

--
-- Dumping data for table `lkdg_item`
--


--
-- Table structure for table `lkdg_item_result`
--

DROP TABLE IF EXISTS `lkdg_item_result`;
/*!40101 SET @saved_cs_client     = @@character_set_client */;
 SET character_set_client = utf8mb4 ;
CREATE TABLE `lkdg_item_result` (
  `id` bigint(20) NOT NULL,
  `achieved` bigint(20) DEFAULT NULL,
  `email` varchar(255) DEFAULT NULL,
  `game_result_item_type` varchar(255) DEFAULT NULL,
  `hits_cumulatively` double DEFAULT NULL,
  `name` varchar(255) DEFAULT NULL,
  `number_of_attempts` bigint(20) DEFAULT NULL,
  `percentage_cumulatively` double DEFAULT NULL,
  `state_combinations` bigint(20) DEFAULT NULL,
  `state_value` bigint(20) DEFAULT NULL,
  `state_value_achieved` bigint(20) DEFAULT NULL,
  `state_value_percentage` double DEFAULT NULL,
  `game_step_def_id` bigint(20) DEFAULT NULL,
  `game_step_result_id` bigint(20) DEFAULT NULL,
  PRIMARY KEY (`id`),
  KEY `FK9gbqsh86x4tjivk2or28h12t5` (`game_step_def_id`),
  KEY `FK3pg40xgehksfdjcdnp239qbwp` (`game_step_result_id`),
  CONSTRAINT `FK3pg40xgehksfdjcdnp239qbwp` FOREIGN KEY (`game_step_result_id`) REFERENCES `lkdg_step_result` (`id`),
  CONSTRAINT `FK9gbqsh86x4tjivk2or28h12t5` FOREIGN KEY (`game_step_def_id`) REFERENCES `lkdg_step_def` (`id`)
) ENGINE=InnoDB DEFAULT CHARSET=utf8;
/*!40101 SET character_set_client = @saved_cs_client */;

--
-- Dumping data for table `lkdg_item_result`
--

INSERT INTO `lkdg_item_result` (`id`, `achieved`, `email`, `game_result_item_type`, `hits_cumulatively`, `name`, `number_of_attempts`, `percentage_cumulatively`, `state_combinations`, `state_value`, `state_value_achieved`, `state_value_percentage`, `game_step_def_id`, `game_step_result_id`) VALUES (41,NULL,'',NULL,NULL,'',NULL,NULL,NULL,0,NULL,NULL,NULL,NULL);
INSERT INTO `lkdg_item_result` (`id`, `achieved`, `email`, `game_result_item_type`, `hits_cumulatively`, `name`, `number_of_attempts`, `percentage_cumulatively`, `state_combinations`, `state_value`, `state_value_achieved`, `state_value_percentage`, `game_step_def_id`, `game_step_result_id`) VALUES (42,NULL,'',NULL,NULL,'',NULL,NULL,NULL,0,NULL,NULL,NULL,NULL);
INSERT INTO `lkdg_item_result` (`id`, `achieved`, `email`, `game_result_item_type`, `hits_cumulatively`, `name`, `number_of_attempts`, `percentage_cumulatively`, `state_combinations`, `state_value`, `state_value_achieved`, `state_value_percentage`, `game_step_def_id`, `game_step_result_id`) VALUES (43,NULL,'',NULL,NULL,'',NULL,NULL,NULL,0,NULL,NULL,NULL,NULL);
INSERT INTO `lkdg_item_result` (`id`, `achieved`, `email`, `game_result_item_type`, `hits_cumulatively`, `name`, `number_of_attempts`, `percentage_cumulatively`, `state_combinations`, `state_value`, `state_value_achieved`, `state_value_percentage`, `game_step_def_id`, `game_step_result_id`) VALUES (44,NULL,'',NULL,NULL,'',NULL,NULL,NULL,0,NULL,NULL,NULL,NULL);
INSERT INTO `lkdg_item_result` (`id`, `achieved`, `email`, `game_result_item_type`, `hits_cumulatively`, `name`, `number_of_attempts`, `percentage_cumulatively`, `state_combinations`, `state_value`, `state_value_achieved`, `state_value_percentage`, `game_step_def_id`, `game_step_result_id`) VALUES (45,NULL,'',NULL,NULL,'',NULL,NULL,NULL,0,NULL,NULL,NULL,NULL);
INSERT INTO `lkdg_item_result` (`id`, `achieved`, `email`, `game_result_item_type`, `hits_cumulatively`, `name`, `number_of_attempts`, `percentage_cumulatively`, `state_combinations`, `state_value`, `state_value_achieved`, `state_value_percentage`, `game_step_def_id`, `game_step_result_id`) VALUES (56,3,'','g',3,' attempts:6 dices:2 walls:3 min:2 max:6 Percentage cumulatively :50 hits cumulatively:3.0',6,50,4,2,3,50,11,19);
INSERT INTO `lkdg_item_result` (`id`, `achieved`, `email`, `game_result_item_type`, `hits_cumulatively`, `name`, `number_of_attempts`, `percentage_cumulatively`, `state_combinations`, `state_value`, `state_value_achieved`, `state_value_percentage`, `game_step_def_id`, `game_step_result_id`) VALUES (57,0,'','g',3,' attempts:6 dices:2 walls:3 min:2 max:6 Percentage cumulatively :50 hits cumulatively:3.0',6,50,4,3,0,0,11,19);
INSERT INTO `lkdg_item_result` (`id`, `achieved`, `email`, `game_result_item_type`, `hits_cumulatively`, `name`, `number_of_attempts`, `percentage_cumulatively`, `state_combinations`, `state_value`, `state_value_achieved`, `state_value_percentage`, `game_step_def_id`, `game_step_result_id`) VALUES (58,3,'','g',6,' attempts:6 dices:2 walls:3 min:2 max:6 Percentage cumulatively :100 hits cumulatively:6.0',6,100,4,4,3,50,11,19);
INSERT INTO `lkdg_item_result` (`id`, `achieved`, `email`, `game_result_item_type`, `hits_cumulatively`, `name`, `number_of_attempts`, `percentage_cumulatively`, `state_combinations`, `state_value`, `state_value_achieved`, `state_value_percentage`, `game_step_def_id`, `game_step_result_id`) VALUES (59,0,'','g',6,' attempts:6 dices:2 walls:3 min:2 max:6 Percentage cumulatively :100 hits cumulatively:6.0',6,100,4,5,0,0,11,19);
INSERT INTO `lkdg_item_result` (`id`, `achieved`, `email`, `game_result_item_type`, `hits_cumulatively`, `name`, `number_of_attempts`, `percentage_cumulatively`, `state_combinations`, `state_value`, `state_value_achieved`, `state_value_percentage`, `game_step_def_id`, `game_step_result_id`) VALUES (60,0,'','g',6,' attempts:6 dices:2 walls:3 min:2 max:6 Percentage cumulatively :100 hits cumulatively:6.0',6,100,4,6,0,0,11,19);

--
-- Table structure for table `lkdg_object`
--

DROP TABLE IF EXISTS `lkdg_object`;
/*!40101 SET @saved_cs_client     = @@character_set_client */;
 SET character_set_client = utf8mb4 ;
CREATE TABLE `lkdg_object` (
  `id` bigint(20) NOT NULL,
  `email` varchar(255) DEFAULT NULL,
  `game_step_def_id` bigint(20) DEFAULT NULL,
  `name` varchar(255) DEFAULT NULL,
  `number_of_parts` bigint(20) DEFAULT NULL,
  PRIMARY KEY (`id`),
  KEY `FKhhq5sowns58y0amwsomu35yct` (`game_step_def_id`),
  CONSTRAINT `FKhhq5sowns58y0amwsomu35yct` FOREIGN KEY (`game_step_def_id`) REFERENCES `lkdg_step_def` (`id`)
) ENGINE=InnoDB DEFAULT CHARSET=utf8;
/*!40101 SET character_set_client = @saved_cs_client */;

--
-- Dumping data for table `lkdg_object`
--

INSERT INTO `lkdg_object` (`id`, `email`, `game_step_def_id`, `name`, `number_of_parts`) VALUES (5,'',NULL,'o1',1);
INSERT INTO `lkdg_object` (`id`, `email`, `game_step_def_id`, `name`, `number_of_parts`) VALUES (10,'',NULL,'o3',3);

--
-- Table structure for table `lkdg_object_part`
--

DROP TABLE IF EXISTS `lkdg_object_part`;
/*!40101 SET @saved_cs_client     = @@character_set_client */;
 SET character_set_client = utf8mb4 ;
CREATE TABLE `lkdg_object_part` (
  `id` bigint(20) NOT NULL,
  `email` varchar(255) DEFAULT NULL,
  `name` varchar(255) DEFAULT NULL,
  `game_object_id` bigint(20) DEFAULT NULL,
  PRIMARY KEY (`id`),
  KEY `FKrfrft1ib9g2kse0qp4eh9wam6` (`game_object_id`),
  CONSTRAINT `FKrfrft1ib9g2kse0qp4eh9wam6` FOREIGN KEY (`game_object_id`) REFERENCES `lkdg_object` (`id`)
) ENGINE=InnoDB DEFAULT CHARSET=utf8;
/*!40101 SET character_set_client = @saved_cs_client */;

--
-- Dumping data for table `lkdg_object_part`
--


--
-- Table structure for table `lkdg_part`
--

DROP TABLE IF EXISTS `lkdg_part`;
/*!40101 SET @saved_cs_client     = @@character_set_client */;
 SET character_set_client = utf8mb4 ;
CREATE TABLE `lkdg_part` (
  `id` bigint(20) NOT NULL,
  `email` varchar(255) DEFAULT NULL,
  `name` varchar(255) DEFAULT NULL,
  PRIMARY KEY (`id`)
) ENGINE=InnoDB DEFAULT CHARSET=utf8;
/*!40101 SET character_set_client = @saved_cs_client */;

--
-- Dumping data for table `lkdg_part`
--


--
-- Table structure for table `lkdg_sec2_auth`
--

DROP TABLE IF EXISTS `lkdg_sec2_auth`;
/*!40101 SET @saved_cs_client     = @@character_set_client */;
 SET character_set_client = utf8mb4 ;
CREATE TABLE `lkdg_sec2_auth` (
  `id` bigint(20) NOT NULL AUTO_INCREMENT,
  `name` varchar(255) DEFAULT NULL,
  PRIMARY KEY (`id`)
) ENGINE=InnoDB DEFAULT CHARSET=utf8;
/*!40101 SET character_set_client = @saved_cs_client */;

--
-- Dumping data for table `lkdg_sec2_auth`
--


--
-- Table structure for table `lkdg_sec2_user`
--

DROP TABLE IF EXISTS `lkdg_sec2_user`;
/*!40101 SET @saved_cs_client     = @@character_set_client */;
 SET character_set_client = utf8mb4 ;
CREATE TABLE `lkdg_sec2_user` (
  `id` bigint(20) NOT NULL AUTO_INCREMENT,
  `lkd_activated` bit(1) DEFAULT NULL,
  `activation_key` varchar(255) DEFAULT NULL,
  `email` varchar(255) DEFAULT NULL,
  `first_name` varchar(255) DEFAULT NULL,
  `image_url` varchar(255) DEFAULT NULL,
  `lang_key` varchar(255) DEFAULT NULL,
  `last_name` varchar(255) DEFAULT NULL,
  `lkd_login` varchar(255) DEFAULT NULL,
  `lkd_name` varchar(255) DEFAULT NULL,
  `password_hash` varchar(255) DEFAULT NULL,
  `reset_date` datetime DEFAULT NULL,
  `reset_key` varchar(255) DEFAULT NULL,
  `lkd_user_name` varchar(255) DEFAULT NULL,
  PRIMARY KEY (`id`)
) ENGINE=InnoDB AUTO_INCREMENT=11 DEFAULT CHARSET=utf8;
/*!40101 SET character_set_client = @saved_cs_client */;

--
-- Dumping data for table `lkdg_sec2_user`
--

INSERT INTO `lkdg_sec2_user` (`id`, `lkd_activated`, `activation_key`, `email`, `first_name`, `image_url`, `lang_key`, `last_name`, `lkd_login`, `lkd_name`, `password_hash`, `reset_date`, `reset_key`, `lkd_user_name`) VALUES (1,_binary '\0',NULL,'a1','a1',NULL,'pl','a1','a1','a1','$2a$10$zAkZUbpvlifhClgABhepi.7aWCTwbKzwTKB5r2//47Y7gf3pjJq3K',NULL,NULL,'a1');
INSERT INTO `lkdg_sec2_user` (`id`, `lkd_activated`, `activation_key`, `email`, `first_name`, `image_url`, `lang_key`, `last_name`, `lkd_login`, `lkd_name`, `password_hash`, `reset_date`, `reset_key`, `lkd_user_name`) VALUES (2,_binary '\0',NULL,'a9','a9',NULL,'pl','a9','a9','a9','$2a$10$f09c8qpeRK74oRI9fBWgGu761SF0ejnAQThEMaTVj/DJs/6sdiPuO',NULL,NULL,'a9');
INSERT INTO `lkdg_sec2_user` (`id`, `lkd_activated`, `activation_key`, `email`, `first_name`, `image_url`, `lang_key`, `last_name`, `lkd_login`, `lkd_name`, `password_hash`, `reset_date`, `reset_key`, `lkd_user_name`) VALUES (3,_binary '\0',NULL,'x1','x1',NULL,'pl','x1','x1','x1','$2a$10$B1wPNatmrQx8p/i0f4WniOeh7zF2Cg00.AqLBkvPBYuqsYot/.I1i',NULL,NULL,'x1');
INSERT INTO `lkdg_sec2_user` (`id`, `lkd_activated`, `activation_key`, `email`, `first_name`, `image_url`, `lang_key`, `last_name`, `lkd_login`, `lkd_name`, `password_hash`, `reset_date`, `reset_key`, `lkd_user_name`) VALUES (4,_binary '\0',NULL,'x2','x2',NULL,'pl','x2','x2','x2','$2a$10$z3sCwo6E0w1SFZOs6RDqpumOTMaiGgCQCBvrYbdsHEiJqP/0jJfZa',NULL,NULL,'x2');
INSERT INTO `lkdg_sec2_user` (`id`, `lkd_activated`, `activation_key`, `email`, `first_name`, `image_url`, `lang_key`, `last_name`, `lkd_login`, `lkd_name`, `password_hash`, `reset_date`, `reset_key`, `lkd_user_name`) VALUES (5,_binary '\0',NULL,'v1','v1',NULL,'pl','v1','v1','v1','$2a$10$QGFT/7ok1rPaq9KxS/J0gOXAunVLx1vq6mvREjFnGE3ouUqKlbDii',NULL,NULL,'v1');
INSERT INTO `lkdg_sec2_user` (`id`, `lkd_activated`, `activation_key`, `email`, `first_name`, `image_url`, `lang_key`, `last_name`, `lkd_login`, `lkd_name`, `password_hash`, `reset_date`, `reset_key`, `lkd_user_name`) VALUES (6,_binary '\0',NULL,'t1','t1',NULL,'pl','t1','t1','t1','$2a$10$K1Wewc73MNIjrRjkDv0ol.qGwcUPI/wB9PePlhneBdiSM//jMefGa',NULL,NULL,'t1');
INSERT INTO `lkdg_sec2_user` (`id`, `lkd_activated`, `activation_key`, `email`, `first_name`, `image_url`, `lang_key`, `last_name`, `lkd_login`, `lkd_name`, `password_hash`, `reset_date`, `reset_key`, `lkd_user_name`) VALUES (7,_binary '\0',NULL,'x2','x2',NULL,'pl','x2','x2','x2','$2a$10$9RaWePnxe.kRlH5aeUr8Gu1lTCLdt0gpZ1iJF6R7AXNvwEbG1clde',NULL,NULL,'x2');
INSERT INTO `lkdg_sec2_user` (`id`, `lkd_activated`, `activation_key`, `email`, `first_name`, `image_url`, `lang_key`, `last_name`, `lkd_login`, `lkd_name`, `password_hash`, `reset_date`, `reset_key`, `lkd_user_name`) VALUES (8,_binary '\0',NULL,'z1','z1',NULL,'pl','z1','z1','z1','$2a$10$GrhxpgszczOyC5g6eorfduJQKiSNd61xkPphxXvbDw9GnIU/zVTIi',NULL,NULL,'z1');
INSERT INTO `lkdg_sec2_user` (`id`, `lkd_activated`, `activation_key`, `email`, `first_name`, `image_url`, `lang_key`, `last_name`, `lkd_login`, `lkd_name`, `password_hash`, `reset_date`, `reset_key`, `lkd_user_name`) VALUES (9,_binary '\0',NULL,'p1','p1',NULL,'pl','p1','p1','p1','$2a$10$LQqi57hn9d1bYyeIJCkAiO8VSQ0Tpt30JlC3wjTo7Q6L4TS2I.LBq',NULL,NULL,'p1');
INSERT INTO `lkdg_sec2_user` (`id`, `lkd_activated`, `activation_key`, `email`, `first_name`, `image_url`, `lang_key`, `last_name`, `lkd_login`, `lkd_name`, `password_hash`, `reset_date`, `reset_key`, `lkd_user_name`) VALUES (10,_binary '\0',NULL,'n1','n1',NULL,'pl','n1','n1','n1','$2a$10$bWgsxhM.g/XgKJInGhrEfelT.zyEdQmJWno0CPp8E9VJ.10gEt5Bi',NULL,NULL,'n1');

--
-- Table structure for table `lkdg_step`
--

DROP TABLE IF EXISTS `lkdg_step`;
/*!40101 SET @saved_cs_client     = @@character_set_client */;
 SET character_set_client = utf8mb4 ;
CREATE TABLE `lkdg_step` (
  `id` bigint(20) NOT NULL,
  `attempts` bigint(20) DEFAULT NULL,
  `email` varchar(255) DEFAULT NULL,
  `game_step_def_id` bigint(20) DEFAULT NULL,
  `name` varchar(255) DEFAULT NULL,
  PRIMARY KEY (`id`),
  KEY `FKch354qaegyqamy3t2vshmrw09` (`game_step_def_id`),
  CONSTRAINT `FKch354qaegyqamy3t2vshmrw09` FOREIGN KEY (`game_step_def_id`) REFERENCES `lkdg_step_def` (`id`)
) ENGINE=InnoDB DEFAULT CHARSET=utf8;
/*!40101 SET character_set_client = @saved_cs_client */;

--
-- Dumping data for table `lkdg_step`
--

INSERT INTO `lkdg_step` (`id`, `attempts`, `email`, `game_step_def_id`, `name`) VALUES (18,6,'',11,'gs1');

--
-- Table structure for table `lkdg_step_def`
--

DROP TABLE IF EXISTS `lkdg_step_def`;
/*!40101 SET @saved_cs_client     = @@character_set_client */;
 SET character_set_client = utf8mb4 ;
CREATE TABLE `lkdg_step_def` (
  `id` bigint(20) NOT NULL,
  `attempts` bigint(20) DEFAULT NULL,
  `email` varchar(255) DEFAULT NULL,
  `name` varchar(255) DEFAULT NULL,
  `objects_number` bigint(20) DEFAULT NULL,
  `primary_game_object_id` bigint(20) DEFAULT NULL,
  PRIMARY KEY (`id`),
  KEY `FKlcybc0jv8h8p058dkc9xwr33d` (`primary_game_object_id`),
  CONSTRAINT `FKlcybc0jv8h8p058dkc9xwr33d` FOREIGN KEY (`primary_game_object_id`) REFERENCES `lkdg_object` (`id`)
) ENGINE=InnoDB DEFAULT CHARSET=utf8;
/*!40101 SET character_set_client = @saved_cs_client */;

--
-- Dumping data for table `lkdg_step_def`
--

INSERT INTO `lkdg_step_def` (`id`, `attempts`, `email`, `name`, `objects_number`, `primary_game_object_id`) VALUES (11,3,'','s1',2,10);

--
-- Table structure for table `lkdg_step_result`
--

DROP TABLE IF EXISTS `lkdg_step_result`;
/*!40101 SET @saved_cs_client     = @@character_set_client */;
 SET character_set_client = utf8mb4 ;
CREATE TABLE `lkdg_step_result` (
  `id` bigint(20) NOT NULL,
  `email` varchar(255) DEFAULT NULL,
  `name` varchar(255) DEFAULT NULL,
  `game_step_def_id` bigint(20) DEFAULT NULL,
  `game_step_id` bigint(20) DEFAULT NULL,
  PRIMARY KEY (`id`),
  KEY `FKqaaxgyyfwh6lvyl8kqi64yj23` (`game_step_id`),
  CONSTRAINT `FKqaaxgyyfwh6lvyl8kqi64yj23` FOREIGN KEY (`game_step_id`) REFERENCES `lkdg_step` (`id`)
) ENGINE=InnoDB DEFAULT CHARSET=utf8;
/*!40101 SET character_set_client = @saved_cs_client */;

--
-- Dumping data for table `lkdg_step_result`
--

INSERT INTO `lkdg_step_result` (`id`, `email`, `name`, `game_step_def_id`, `game_step_id`) VALUES (19,'','sr1',NULL,18);

--
-- Table structure for table `lkdg_user`
--

DROP TABLE IF EXISTS `lkdg_user`;
/*!40101 SET @saved_cs_client     = @@character_set_client */;
 SET character_set_client = utf8mb4 ;
CREATE TABLE `lkdg_user` (
  `id` bigint(20) NOT NULL,
  `email` varchar(255) DEFAULT NULL,
  `name` varchar(255) DEFAULT NULL,
  PRIMARY KEY (`id`)
) ENGINE=InnoDB DEFAULT CHARSET=utf8;
/*!40101 SET character_set_client = @saved_cs_client */;

--
-- Dumping data for table `lkdg_user`
--


--
-- Table structure for table `manufacturer`
--

DROP TABLE IF EXISTS `manufacturer`;
/*!40101 SET @saved_cs_client     = @@character_set_client */;
 SET character_set_client = utf8mb4 ;
CREATE TABLE `manufacturer` (
  `MANUFACTURER_ID` bigint(20) NOT NULL,
  `DATE_CREATED` datetime DEFAULT NULL,
  `DATE_MODIFIED` datetime DEFAULT NULL,
  `UPDT_ID` varchar(60) DEFAULT NULL,
  `CODE` varchar(100) NOT NULL,
  `MANUFACTURER_IMAGE` varchar(255) DEFAULT NULL,
  `SORT_ORDER` int(11) DEFAULT NULL,
  `MERCHANT_ID` int(11) NOT NULL,
  PRIMARY KEY (`MANUFACTURER_ID`),
  UNIQUE KEY `UK6brqfdkga7jc78n8dh3v595y3` (`MERCHANT_ID`,`CODE`),
  CONSTRAINT `FKhswph4nthrqwffjekccudsrt2` FOREIGN KEY (`MERCHANT_ID`) REFERENCES `merchant_store` (`MERCHANT_ID`)
) ENGINE=InnoDB DEFAULT CHARSET=utf8;
/*!40101 SET character_set_client = @saved_cs_client */;

--
-- Dumping data for table `manufacturer`
--

INSERT INTO `manufacturer` (`MANUFACTURER_ID`, `DATE_CREATED`, `DATE_MODIFIED`, `UPDT_ID`, `CODE`, `MANUFACTURER_IMAGE`, `SORT_ORDER`, `MERCHANT_ID`) VALUES (1,'2022-05-02 12:48:18','2022-05-02 12:48:18',NULL,'DEFAULT',NULL,0,1);
INSERT INTO `manufacturer` (`MANUFACTURER_ID`, `DATE_CREATED`, `DATE_MODIFIED`, `UPDT_ID`, `CODE`, `MANUFACTURER_IMAGE`, `SORT_ORDER`, `MERCHANT_ID`) VALUES (50,'2022-05-10 11:06:58','2022-05-10 11:06:58',NULL,'antique',NULL,0,1);
INSERT INTO `manufacturer` (`MANUFACTURER_ID`, `DATE_CREATED`, `DATE_MODIFIED`, `UPDT_ID`, `CODE`, `MANUFACTURER_IMAGE`, `SORT_ORDER`, `MERCHANT_ID`) VALUES (51,'2022-05-10 11:06:59','2022-05-10 11:06:59',NULL,'antiqueunique',NULL,0,1);
INSERT INTO `manufacturer` (`MANUFACTURER_ID`, `DATE_CREATED`, `DATE_MODIFIED`, `UPDT_ID`, `CODE`, `MANUFACTURER_IMAGE`, `SORT_ORDER`, `MERCHANT_ID`) VALUES (52,'2022-05-10 11:06:59','2022-05-10 11:06:59',NULL,'aviation',NULL,0,1);
INSERT INTO `manufacturer` (`MANUFACTURER_ID`, `DATE_CREATED`, `DATE_MODIFIED`, `UPDT_ID`, `CODE`, `MANUFACTURER_IMAGE`, `SORT_ORDER`, `MERCHANT_ID`) VALUES (53,'2022-05-10 11:06:59','2022-05-10 11:06:59',NULL,'industrialboat',NULL,0,1);
INSERT INTO `manufacturer` (`MANUFACTURER_ID`, `DATE_CREATED`, `DATE_MODIFIED`, `UPDT_ID`, `CODE`, `MANUFACTURER_IMAGE`, `SORT_ORDER`, `MERCHANT_ID`) VALUES (54,'2022-05-10 11:06:59','2022-05-10 11:06:59',NULL,'recycledboat',NULL,0,1);
INSERT INTO `manufacturer` (`MANUFACTURER_ID`, `DATE_CREATED`, `DATE_MODIFIED`, `UPDT_ID`, `CODE`, `MANUFACTURER_IMAGE`, `SORT_ORDER`, `MERCHANT_ID`) VALUES (55,'2022-05-10 11:07:00','2022-05-10 11:07:00',NULL,'railroad',NULL,0,1);
INSERT INTO `manufacturer` (`MANUFACTURER_ID`, `DATE_CREATED`, `DATE_MODIFIED`, `UPDT_ID`, `CODE`, `MANUFACTURER_IMAGE`, `SORT_ORDER`, `MERCHANT_ID`) VALUES (56,'2022-05-10 11:07:00','2022-05-10 11:07:00',NULL,'industrialchic',NULL,0,1);
INSERT INTO `manufacturer` (`MANUFACTURER_ID`, `DATE_CREATED`, `DATE_MODIFIED`, `UPDT_ID`, `CODE`, `MANUFACTURER_IMAGE`, `SORT_ORDER`, `MERCHANT_ID`) VALUES (57,'2022-05-10 11:07:00','2022-05-10 11:07:00',NULL,'thaicussion',NULL,0,1);
INSERT INTO `manufacturer` (`MANUFACTURER_ID`, `DATE_CREATED`, `DATE_MODIFIED`, `UPDT_ID`, `CODE`, `MANUFACTURER_IMAGE`, `SORT_ORDER`, `MERCHANT_ID`) VALUES (58,'2022-05-10 11:07:00','2022-05-10 11:07:00',NULL,'fabric',NULL,0,1);
INSERT INTO `manufacturer` (`MANUFACTURER_ID`, `DATE_CREATED`, `DATE_MODIFIED`, `UPDT_ID`, `CODE`, `MANUFACTURER_IMAGE`, `SORT_ORDER`, `MERCHANT_ID`) VALUES (59,'2022-05-10 11:07:01','2022-05-10 11:07:01',NULL,'green',NULL,0,1);
INSERT INTO `manufacturer` (`MANUFACTURER_ID`, `DATE_CREATED`, `DATE_MODIFIED`, `UPDT_ID`, `CODE`, `MANUFACTURER_IMAGE`, `SORT_ORDER`, `MERCHANT_ID`) VALUES (60,'2022-05-10 11:07:01','2022-05-10 11:07:01',NULL,'hobi',NULL,0,1);
INSERT INTO `manufacturer` (`MANUFACTURER_ID`, `DATE_CREATED`, `DATE_MODIFIED`, `UPDT_ID`, `CODE`, `MANUFACTURER_IMAGE`, `SORT_ORDER`, `MERCHANT_ID`) VALUES (61,'2022-05-10 11:07:02','2022-05-10 11:07:02',NULL,'indo',NULL,0,1);
INSERT INTO `manufacturer` (`MANUFACTURER_ID`, `DATE_CREATED`, `DATE_MODIFIED`, `UPDT_ID`, `CODE`, `MANUFACTURER_IMAGE`, `SORT_ORDER`, `MERCHANT_ID`) VALUES (62,'2022-05-10 11:07:02','2022-05-10 11:07:02',NULL,'iron',NULL,0,1);
INSERT INTO `manufacturer` (`MANUFACTURER_ID`, `DATE_CREATED`, `DATE_MODIFIED`, `UPDT_ID`, `CODE`, `MANUFACTURER_IMAGE`, `SORT_ORDER`, `MERCHANT_ID`) VALUES (63,'2022-05-10 11:07:02','2022-05-10 11:07:02',NULL,'indolamp',NULL,0,1);
INSERT INTO `manufacturer` (`MANUFACTURER_ID`, `DATE_CREATED`, `DATE_MODIFIED`, `UPDT_ID`, `CODE`, `MANUFACTURER_IMAGE`, `SORT_ORDER`, `MERCHANT_ID`) VALUES (64,'2022-05-10 11:07:02','2022-05-10 11:07:02',NULL,'local',NULL,0,1);
INSERT INTO `manufacturer` (`MANUFACTURER_ID`, `DATE_CREATED`, `DATE_MODIFIED`, `UPDT_ID`, `CODE`, `MANUFACTURER_IMAGE`, `SORT_ORDER`, `MERCHANT_ID`) VALUES (65,'2022-05-10 11:07:03','2022-05-10 11:07:03',NULL,'nature',NULL,0,1);
INSERT INTO `manufacturer` (`MANUFACTURER_ID`, `DATE_CREATED`, `DATE_MODIFIED`, `UPDT_ID`, `CODE`, `MANUFACTURER_IMAGE`, `SORT_ORDER`, `MERCHANT_ID`) VALUES (66,'2022-05-10 11:07:03','2022-05-10 11:07:03',NULL,'organic',NULL,0,1);
INSERT INTO `manufacturer` (`MANUFACTURER_ID`, `DATE_CREATED`, `DATE_MODIFIED`, `UPDT_ID`, `CODE`, `MANUFACTURER_IMAGE`, `SORT_ORDER`, `MERCHANT_ID`) VALUES (67,'2022-05-10 11:07:03','2022-05-10 11:07:03',NULL,'percu',NULL,0,1);
INSERT INTO `manufacturer` (`MANUFACTURER_ID`, `DATE_CREATED`, `DATE_MODIFIED`, `UPDT_ID`, `CODE`, `MANUFACTURER_IMAGE`, `SORT_ORDER`, `MERCHANT_ID`) VALUES (68,'2022-05-10 11:07:03','2022-05-10 11:07:03',NULL,'unique',NULL,0,1);
INSERT INTO `manufacturer` (`MANUFACTURER_ID`, `DATE_CREATED`, `DATE_MODIFIED`, `UPDT_ID`, `CODE`, `MANUFACTURER_IMAGE`, `SORT_ORDER`, `MERCHANT_ID`) VALUES (69,'2022-05-10 11:07:04','2022-05-10 11:07:04',NULL,'roots',NULL,0,1);
INSERT INTO `manufacturer` (`MANUFACTURER_ID`, `DATE_CREATED`, `DATE_MODIFIED`, `UPDT_ID`, `CODE`, `MANUFACTURER_IMAGE`, `SORT_ORDER`, `MERCHANT_ID`) VALUES (70,'2022-05-10 11:07:04','2022-05-10 11:07:04',NULL,'uniqueroots',NULL,0,1);
INSERT INTO `manufacturer` (`MANUFACTURER_ID`, `DATE_CREATED`, `DATE_MODIFIED`, `UPDT_ID`, `CODE`, `MANUFACTURER_IMAGE`, `SORT_ORDER`, `MERCHANT_ID`) VALUES (71,'2022-05-10 11:07:04','2022-05-10 11:07:04',NULL,'rosewood',NULL,0,1);
INSERT INTO `manufacturer` (`MANUFACTURER_ID`, `DATE_CREATED`, `DATE_MODIFIED`, `UPDT_ID`, `CODE`, `MANUFACTURER_IMAGE`, `SORT_ORDER`, `MERCHANT_ID`) VALUES (72,'2022-05-10 11:07:04','2022-05-10 11:07:04',NULL,'sherazed',NULL,0,1);
INSERT INTO `manufacturer` (`MANUFACTURER_ID`, `DATE_CREATED`, `DATE_MODIFIED`, `UPDT_ID`, `CODE`, `MANUFACTURER_IMAGE`, `SORT_ORDER`, `MERCHANT_ID`) VALUES (73,'2022-05-10 11:07:05','2022-05-10 11:07:05',NULL,'suar',NULL,0,1);
INSERT INTO `manufacturer` (`MANUFACTURER_ID`, `DATE_CREATED`, `DATE_MODIFIED`, `UPDT_ID`, `CODE`, `MANUFACTURER_IMAGE`, `SORT_ORDER`, `MERCHANT_ID`) VALUES (74,'2022-05-10 11:07:05','2022-05-10 11:07:05',NULL,'temple',NULL,0,1);
INSERT INTO `manufacturer` (`MANUFACTURER_ID`, `DATE_CREATED`, `DATE_MODIFIED`, `UPDT_ID`, `CODE`, `MANUFACTURER_IMAGE`, `SORT_ORDER`, `MERCHANT_ID`) VALUES (75,'2022-05-10 11:07:05','2022-05-10 11:07:05',NULL,'thai',NULL,0,1);
INSERT INTO `manufacturer` (`MANUFACTURER_ID`, `DATE_CREATED`, `DATE_MODIFIED`, `UPDT_ID`, `CODE`, `MANUFACTURER_IMAGE`, `SORT_ORDER`, `MERCHANT_ID`) VALUES (76,'2022-05-10 11:07:05','2022-05-10 11:07:05',NULL,'tibet',NULL,0,1);
INSERT INTO `manufacturer` (`MANUFACTURER_ID`, `DATE_CREATED`, `DATE_MODIFIED`, `UPDT_ID`, `CODE`, `MANUFACTURER_IMAGE`, `SORT_ORDER`, `MERCHANT_ID`) VALUES (77,'2022-05-10 11:07:06','2022-05-10 11:07:06',NULL,'tolix',NULL,0,1);
INSERT INTO `manufacturer` (`MANUFACTURER_ID`, `DATE_CREATED`, `DATE_MODIFIED`, `UPDT_ID`, `CODE`, `MANUFACTURER_IMAGE`, `SORT_ORDER`, `MERCHANT_ID`) VALUES (78,'2022-05-10 11:07:06','2022-05-10 11:07:06',NULL,'velvet',NULL,0,1);
INSERT INTO `manufacturer` (`MANUFACTURER_ID`, `DATE_CREATED`, `DATE_MODIFIED`, `UPDT_ID`, `CODE`, `MANUFACTURER_IMAGE`, `SORT_ORDER`, `MERCHANT_ID`) VALUES (79,'2022-05-10 11:07:06','2022-05-10 11:07:06',NULL,'vintage',NULL,0,1);
INSERT INTO `manufacturer` (`MANUFACTURER_ID`, `DATE_CREATED`, `DATE_MODIFIED`, `UPDT_ID`, `CODE`, `MANUFACTURER_IMAGE`, `SORT_ORDER`, `MERCHANT_ID`) VALUES (80,'2022-05-10 11:07:06','2022-05-10 11:07:06',NULL,'vintagecanvas',NULL,0,1);
INSERT INTO `manufacturer` (`MANUFACTURER_ID`, `DATE_CREATED`, `DATE_MODIFIED`, `UPDT_ID`, `CODE`, `MANUFACTURER_IMAGE`, `SORT_ORDER`, `MERCHANT_ID`) VALUES (81,'2022-05-10 11:07:07','2022-05-10 11:07:07',NULL,'vintagegreen',NULL,0,1);
INSERT INTO `manufacturer` (`MANUFACTURER_ID`, `DATE_CREATED`, `DATE_MODIFIED`, `UPDT_ID`, `CODE`, `MANUFACTURER_IMAGE`, `SORT_ORDER`, `MERCHANT_ID`) VALUES (82,'2022-05-10 11:07:07','2022-05-10 11:07:07',NULL,'industrialvintage',NULL,0,1);
INSERT INTO `manufacturer` (`MANUFACTURER_ID`, `DATE_CREATED`, `DATE_MODIFIED`, `UPDT_ID`, `CODE`, `MANUFACTURER_IMAGE`, `SORT_ORDER`, `MERCHANT_ID`) VALUES (100,'2022-05-10 15:30:18','2022-05-10 15:30:18',NULL,'oreilley',NULL,0,1);
INSERT INTO `manufacturer` (`MANUFACTURER_ID`, `DATE_CREATED`, `DATE_MODIFIED`, `UPDT_ID`, `CODE`, `MANUFACTURER_IMAGE`, `SORT_ORDER`, `MERCHANT_ID`) VALUES (101,'2022-05-10 15:30:18','2022-05-10 15:30:18',NULL,'sams',NULL,0,1);
INSERT INTO `manufacturer` (`MANUFACTURER_ID`, `DATE_CREATED`, `DATE_MODIFIED`, `UPDT_ID`, `CODE`, `MANUFACTURER_IMAGE`, `SORT_ORDER`, `MERCHANT_ID`) VALUES (102,'2022-05-10 15:30:18','2022-05-10 15:30:18',NULL,'packt',NULL,0,1);
INSERT INTO `manufacturer` (`MANUFACTURER_ID`, `DATE_CREATED`, `DATE_MODIFIED`, `UPDT_ID`, `CODE`, `MANUFACTURER_IMAGE`, `SORT_ORDER`, `MERCHANT_ID`) VALUES (103,'2022-05-10 15:30:18','2022-05-10 15:30:18',NULL,'manning',NULL,0,1);
INSERT INTO `manufacturer` (`MANUFACTURER_ID`, `DATE_CREATED`, `DATE_MODIFIED`, `UPDT_ID`, `CODE`, `MANUFACTURER_IMAGE`, `SORT_ORDER`, `MERCHANT_ID`) VALUES (104,'2022-05-10 15:30:18','2022-05-10 15:30:18',NULL,'novells',NULL,0,1);

--
-- Table structure for table `manufacturer_description`
--

DROP TABLE IF EXISTS `manufacturer_description`;
/*!40101 SET @saved_cs_client     = @@character_set_client */;
 SET character_set_client = utf8mb4 ;
CREATE TABLE `manufacturer_description` (
  `DESCRIPTION_ID` bigint(20) NOT NULL,
  `DATE_CREATED` datetime DEFAULT NULL,
  `DATE_MODIFIED` datetime DEFAULT NULL,
  `UPDT_ID` varchar(60) DEFAULT NULL,
  `DESCRIPTION` longtext,
  `NAME` varchar(120) NOT NULL,
  `TITLE` varchar(100) DEFAULT NULL,
  `DATE_LAST_CLICK` datetime DEFAULT NULL,
  `MANUFACTURERS_URL` varchar(255) DEFAULT NULL,
  `URL_CLICKED` int(11) DEFAULT NULL,
  `LANGUAGE_ID` int(11) NOT NULL,
  `MANUFACTURER_ID` bigint(20) NOT NULL,
  PRIMARY KEY (`DESCRIPTION_ID`),
  UNIQUE KEY `UKlpv09p83sc887clxe04nroup6` (`MANUFACTURER_ID`,`LANGUAGE_ID`),
  KEY `FK20t33wr4tp1kt1uyw7s8a3afl` (`LANGUAGE_ID`),
  CONSTRAINT `FK20t33wr4tp1kt1uyw7s8a3afl` FOREIGN KEY (`LANGUAGE_ID`) REFERENCES `language` (`LANGUAGE_ID`),
  CONSTRAINT `FKre4iys57n5cfbgpg3qqgewtrh` FOREIGN KEY (`MANUFACTURER_ID`) REFERENCES `manufacturer` (`MANUFACTURER_ID`)
) ENGINE=InnoDB DEFAULT CHARSET=utf8;
/*!40101 SET character_set_client = @saved_cs_client */;

--
-- Dumping data for table `manufacturer_description`
--

INSERT INTO `manufacturer_description` (`DESCRIPTION_ID`, `DATE_CREATED`, `DATE_MODIFIED`, `UPDT_ID`, `DESCRIPTION`, `NAME`, `TITLE`, `DATE_LAST_CLICK`, `MANUFACTURERS_URL`, `URL_CLICKED`, `LANGUAGE_ID`, `MANUFACTURER_ID`) VALUES (1,'2022-05-02 12:48:18','2022-05-02 12:48:18',NULL,'DEFAULT','DEFAULT',NULL,NULL,NULL,NULL,1,1);
INSERT INTO `manufacturer_description` (`DESCRIPTION_ID`, `DATE_CREATED`, `DATE_MODIFIED`, `UPDT_ID`, `DESCRIPTION`, `NAME`, `TITLE`, `DATE_LAST_CLICK`, `MANUFACTURERS_URL`, `URL_CLICKED`, `LANGUAGE_ID`, `MANUFACTURER_ID`) VALUES (2,'2022-05-10 11:06:58','2022-05-10 11:06:58',NULL,'Antique','Antique',NULL,NULL,NULL,NULL,1,50);
INSERT INTO `manufacturer_description` (`DESCRIPTION_ID`, `DATE_CREATED`, `DATE_MODIFIED`, `UPDT_ID`, `DESCRIPTION`, `NAME`, `TITLE`, `DATE_LAST_CLICK`, `MANUFACTURERS_URL`, `URL_CLICKED`, `LANGUAGE_ID`, `MANUFACTURER_ID`) VALUES (3,'2022-05-10 11:06:58','2022-05-10 11:06:58',NULL,'Antique','Antique',NULL,NULL,NULL,NULL,2,50);
INSERT INTO `manufacturer_description` (`DESCRIPTION_ID`, `DATE_CREATED`, `DATE_MODIFIED`, `UPDT_ID`, `DESCRIPTION`, `NAME`, `TITLE`, `DATE_LAST_CLICK`, `MANUFACTURERS_URL`, `URL_CLICKED`, `LANGUAGE_ID`, `MANUFACTURER_ID`) VALUES (4,'2022-05-10 11:06:59','2022-05-10 11:06:59',NULL,'Antique et pièce unique','Antique et pièce unique',NULL,NULL,NULL,NULL,2,51);
INSERT INTO `manufacturer_description` (`DESCRIPTION_ID`, `DATE_CREATED`, `DATE_MODIFIED`, `UPDT_ID`, `DESCRIPTION`, `NAME`, `TITLE`, `DATE_LAST_CLICK`, `MANUFACTURERS_URL`, `URL_CLICKED`, `LANGUAGE_ID`, `MANUFACTURER_ID`) VALUES (5,'2022-05-10 11:06:59','2022-05-10 11:06:59',NULL,'Antique and unique piece','Antique and unique piece',NULL,NULL,NULL,NULL,1,51);
INSERT INTO `manufacturer_description` (`DESCRIPTION_ID`, `DATE_CREATED`, `DATE_MODIFIED`, `UPDT_ID`, `DESCRIPTION`, `NAME`, `TITLE`, `DATE_LAST_CLICK`, `MANUFACTURERS_URL`, `URL_CLICKED`, `LANGUAGE_ID`, `MANUFACTURER_ID`) VALUES (6,'2022-05-10 11:06:59','2022-05-10 11:06:59',NULL,'Aviation','Aviation',NULL,NULL,NULL,NULL,2,52);
INSERT INTO `manufacturer_description` (`DESCRIPTION_ID`, `DATE_CREATED`, `DATE_MODIFIED`, `UPDT_ID`, `DESCRIPTION`, `NAME`, `TITLE`, `DATE_LAST_CLICK`, `MANUFACTURERS_URL`, `URL_CLICKED`, `LANGUAGE_ID`, `MANUFACTURER_ID`) VALUES (7,'2022-05-10 11:06:59','2022-05-10 11:06:59',NULL,'Aviation','Aviation',NULL,NULL,NULL,NULL,1,52);
INSERT INTO `manufacturer_description` (`DESCRIPTION_ID`, `DATE_CREATED`, `DATE_MODIFIED`, `UPDT_ID`, `DESCRIPTION`, `NAME`, `TITLE`, `DATE_LAST_CLICK`, `MANUFACTURERS_URL`, `URL_CLICKED`, `LANGUAGE_ID`, `MANUFACTURER_ID`) VALUES (8,'2022-05-10 11:06:59','2022-05-10 11:06:59',NULL,'Industrail boat','Industrail boat',NULL,NULL,NULL,NULL,1,53);
INSERT INTO `manufacturer_description` (`DESCRIPTION_ID`, `DATE_CREATED`, `DATE_MODIFIED`, `UPDT_ID`, `DESCRIPTION`, `NAME`, `TITLE`, `DATE_LAST_CLICK`, `MANUFACTURERS_URL`, `URL_CLICKED`, `LANGUAGE_ID`, `MANUFACTURER_ID`) VALUES (9,'2022-05-10 11:06:59','2022-05-10 11:06:59',NULL,'Bateau Industriel','Bateau Industriel',NULL,NULL,NULL,NULL,2,53);
INSERT INTO `manufacturer_description` (`DESCRIPTION_ID`, `DATE_CREATED`, `DATE_MODIFIED`, `UPDT_ID`, `DESCRIPTION`, `NAME`, `TITLE`, `DATE_LAST_CLICK`, `MANUFACTURERS_URL`, `URL_CLICKED`, `LANGUAGE_ID`, `MANUFACTURER_ID`) VALUES (10,'2022-05-10 11:06:59','2022-05-10 11:06:59',NULL,'Recycled boat','Recycled boat',NULL,NULL,NULL,NULL,1,54);
INSERT INTO `manufacturer_description` (`DESCRIPTION_ID`, `DATE_CREATED`, `DATE_MODIFIED`, `UPDT_ID`, `DESCRIPTION`, `NAME`, `TITLE`, `DATE_LAST_CLICK`, `MANUFACTURERS_URL`, `URL_CLICKED`, `LANGUAGE_ID`, `MANUFACTURER_ID`) VALUES (11,'2022-05-10 11:06:59','2022-05-10 11:06:59',NULL,'Bateau recyclé','Bateau recyclé',NULL,NULL,NULL,NULL,2,54);
INSERT INTO `manufacturer_description` (`DESCRIPTION_ID`, `DATE_CREATED`, `DATE_MODIFIED`, `UPDT_ID`, `DESCRIPTION`, `NAME`, `TITLE`, `DATE_LAST_CLICK`, `MANUFACTURERS_URL`, `URL_CLICKED`, `LANGUAGE_ID`, `MANUFACTURER_ID`) VALUES (12,'2022-05-10 11:07:00','2022-05-10 11:07:00',NULL,'Chemin de fer','Chemin de fer',NULL,NULL,NULL,NULL,2,55);
INSERT INTO `manufacturer_description` (`DESCRIPTION_ID`, `DATE_CREATED`, `DATE_MODIFIED`, `UPDT_ID`, `DESCRIPTION`, `NAME`, `TITLE`, `DATE_LAST_CLICK`, `MANUFACTURERS_URL`, `URL_CLICKED`, `LANGUAGE_ID`, `MANUFACTURER_ID`) VALUES (13,'2022-05-10 11:07:00','2022-05-10 11:07:00',NULL,'Railroad','Railroad',NULL,NULL,NULL,NULL,1,55);
INSERT INTO `manufacturer_description` (`DESCRIPTION_ID`, `DATE_CREATED`, `DATE_MODIFIED`, `UPDT_ID`, `DESCRIPTION`, `NAME`, `TITLE`, `DATE_LAST_CLICK`, `MANUFACTURERS_URL`, `URL_CLICKED`, `LANGUAGE_ID`, `MANUFACTURER_ID`) VALUES (14,'2022-05-10 11:07:00','2022-05-10 11:07:00',NULL,'Indusrial chic','Indusrial chic',NULL,NULL,NULL,NULL,1,56);
INSERT INTO `manufacturer_description` (`DESCRIPTION_ID`, `DATE_CREATED`, `DATE_MODIFIED`, `UPDT_ID`, `DESCRIPTION`, `NAME`, `TITLE`, `DATE_LAST_CLICK`, `MANUFACTURERS_URL`, `URL_CLICKED`, `LANGUAGE_ID`, `MANUFACTURER_ID`) VALUES (15,'2022-05-10 11:07:00','2022-05-10 11:07:00',NULL,'Chic industriel','Chic industriel',NULL,NULL,NULL,NULL,2,56);
INSERT INTO `manufacturer_description` (`DESCRIPTION_ID`, `DATE_CREATED`, `DATE_MODIFIED`, `UPDT_ID`, `DESCRIPTION`, `NAME`, `TITLE`, `DATE_LAST_CLICK`, `MANUFACTURERS_URL`, `URL_CLICKED`, `LANGUAGE_ID`, `MANUFACTURER_ID`) VALUES (16,'2022-05-10 11:07:00','2022-05-10 11:07:00',NULL,'Thai cussion','Thai cussion',NULL,NULL,NULL,NULL,1,57);
INSERT INTO `manufacturer_description` (`DESCRIPTION_ID`, `DATE_CREATED`, `DATE_MODIFIED`, `UPDT_ID`, `DESCRIPTION`, `NAME`, `TITLE`, `DATE_LAST_CLICK`, `MANUFACTURERS_URL`, `URL_CLICKED`, `LANGUAGE_ID`, `MANUFACTURER_ID`) VALUES (17,'2022-05-10 11:07:00','2022-05-10 11:07:00',NULL,'Coussin thaï','Coussin thaï',NULL,NULL,NULL,NULL,2,57);
INSERT INTO `manufacturer_description` (`DESCRIPTION_ID`, `DATE_CREATED`, `DATE_MODIFIED`, `UPDT_ID`, `DESCRIPTION`, `NAME`, `TITLE`, `DATE_LAST_CLICK`, `MANUFACTURERS_URL`, `URL_CLICKED`, `LANGUAGE_ID`, `MANUFACTURER_ID`) VALUES (18,'2022-05-10 11:07:00','2022-05-10 11:07:00',NULL,'Fabric','Fabric',NULL,NULL,NULL,NULL,1,58);
INSERT INTO `manufacturer_description` (`DESCRIPTION_ID`, `DATE_CREATED`, `DATE_MODIFIED`, `UPDT_ID`, `DESCRIPTION`, `NAME`, `TITLE`, `DATE_LAST_CLICK`, `MANUFACTURERS_URL`, `URL_CLICKED`, `LANGUAGE_ID`, `MANUFACTURER_ID`) VALUES (19,'2022-05-10 11:07:00','2022-05-10 11:07:00',NULL,'Fabric','Fabric',NULL,NULL,NULL,NULL,2,58);
INSERT INTO `manufacturer_description` (`DESCRIPTION_ID`, `DATE_CREATED`, `DATE_MODIFIED`, `UPDT_ID`, `DESCRIPTION`, `NAME`, `TITLE`, `DATE_LAST_CLICK`, `MANUFACTURERS_URL`, `URL_CLICKED`, `LANGUAGE_ID`, `MANUFACTURER_ID`) VALUES (20,'2022-05-10 11:07:01','2022-05-10 11:07:01',NULL,'Green','Green',NULL,NULL,NULL,NULL,2,59);
INSERT INTO `manufacturer_description` (`DESCRIPTION_ID`, `DATE_CREATED`, `DATE_MODIFIED`, `UPDT_ID`, `DESCRIPTION`, `NAME`, `TITLE`, `DATE_LAST_CLICK`, `MANUFACTURERS_URL`, `URL_CLICKED`, `LANGUAGE_ID`, `MANUFACTURER_ID`) VALUES (21,'2022-05-10 11:07:01','2022-05-10 11:07:01',NULL,'Green','Green',NULL,NULL,NULL,NULL,1,59);
INSERT INTO `manufacturer_description` (`DESCRIPTION_ID`, `DATE_CREATED`, `DATE_MODIFIED`, `UPDT_ID`, `DESCRIPTION`, `NAME`, `TITLE`, `DATE_LAST_CLICK`, `MANUFACTURERS_URL`, `URL_CLICKED`, `LANGUAGE_ID`, `MANUFACTURER_ID`) VALUES (22,'2022-05-10 11:07:01','2022-05-10 11:07:01',NULL,'Hobi','Hobi',NULL,NULL,NULL,NULL,2,60);
INSERT INTO `manufacturer_description` (`DESCRIPTION_ID`, `DATE_CREATED`, `DATE_MODIFIED`, `UPDT_ID`, `DESCRIPTION`, `NAME`, `TITLE`, `DATE_LAST_CLICK`, `MANUFACTURERS_URL`, `URL_CLICKED`, `LANGUAGE_ID`, `MANUFACTURER_ID`) VALUES (23,'2022-05-10 11:07:01','2022-05-10 11:07:01',NULL,'Hobi','Hobi',NULL,NULL,NULL,NULL,1,60);
INSERT INTO `manufacturer_description` (`DESCRIPTION_ID`, `DATE_CREATED`, `DATE_MODIFIED`, `UPDT_ID`, `DESCRIPTION`, `NAME`, `TITLE`, `DATE_LAST_CLICK`, `MANUFACTURERS_URL`, `URL_CLICKED`, `LANGUAGE_ID`, `MANUFACTURER_ID`) VALUES (24,'2022-05-10 11:07:02','2022-05-10 11:07:02',NULL,'Indo','Indo',NULL,NULL,NULL,NULL,1,61);
INSERT INTO `manufacturer_description` (`DESCRIPTION_ID`, `DATE_CREATED`, `DATE_MODIFIED`, `UPDT_ID`, `DESCRIPTION`, `NAME`, `TITLE`, `DATE_LAST_CLICK`, `MANUFACTURERS_URL`, `URL_CLICKED`, `LANGUAGE_ID`, `MANUFACTURER_ID`) VALUES (25,'2022-05-10 11:07:02','2022-05-10 11:07:02',NULL,'Indo','Indo',NULL,NULL,NULL,NULL,2,61);
INSERT INTO `manufacturer_description` (`DESCRIPTION_ID`, `DATE_CREATED`, `DATE_MODIFIED`, `UPDT_ID`, `DESCRIPTION`, `NAME`, `TITLE`, `DATE_LAST_CLICK`, `MANUFACTURERS_URL`, `URL_CLICKED`, `LANGUAGE_ID`, `MANUFACTURER_ID`) VALUES (26,'2022-05-10 11:07:02','2022-05-10 11:07:02',NULL,'Iron','Iron',NULL,NULL,NULL,NULL,1,62);
INSERT INTO `manufacturer_description` (`DESCRIPTION_ID`, `DATE_CREATED`, `DATE_MODIFIED`, `UPDT_ID`, `DESCRIPTION`, `NAME`, `TITLE`, `DATE_LAST_CLICK`, `MANUFACTURERS_URL`, `URL_CLICKED`, `LANGUAGE_ID`, `MANUFACTURER_ID`) VALUES (27,'2022-05-10 11:07:02','2022-05-10 11:07:02',NULL,'Iron','Iron',NULL,NULL,NULL,NULL,2,62);
INSERT INTO `manufacturer_description` (`DESCRIPTION_ID`, `DATE_CREATED`, `DATE_MODIFIED`, `UPDT_ID`, `DESCRIPTION`, `NAME`, `TITLE`, `DATE_LAST_CLICK`, `MANUFACTURERS_URL`, `URL_CLICKED`, `LANGUAGE_ID`, `MANUFACTURER_ID`) VALUES (28,'2022-05-10 11:07:02','2022-05-10 11:07:02',NULL,'Indo Lamp','Indo Lamp',NULL,NULL,NULL,NULL,1,63);
INSERT INTO `manufacturer_description` (`DESCRIPTION_ID`, `DATE_CREATED`, `DATE_MODIFIED`, `UPDT_ID`, `DESCRIPTION`, `NAME`, `TITLE`, `DATE_LAST_CLICK`, `MANUFACTURERS_URL`, `URL_CLICKED`, `LANGUAGE_ID`, `MANUFACTURER_ID`) VALUES (29,'2022-05-10 11:07:02','2022-05-10 11:07:02',NULL,'Lampe Indo','Lampe Indo',NULL,NULL,NULL,NULL,2,63);
INSERT INTO `manufacturer_description` (`DESCRIPTION_ID`, `DATE_CREATED`, `DATE_MODIFIED`, `UPDT_ID`, `DESCRIPTION`, `NAME`, `TITLE`, `DATE_LAST_CLICK`, `MANUFACTURERS_URL`, `URL_CLICKED`, `LANGUAGE_ID`, `MANUFACTURER_ID`) VALUES (30,'2022-05-10 11:07:02','2022-05-10 11:07:02',NULL,'Local','Local',NULL,NULL,NULL,NULL,2,64);
INSERT INTO `manufacturer_description` (`DESCRIPTION_ID`, `DATE_CREATED`, `DATE_MODIFIED`, `UPDT_ID`, `DESCRIPTION`, `NAME`, `TITLE`, `DATE_LAST_CLICK`, `MANUFACTURERS_URL`, `URL_CLICKED`, `LANGUAGE_ID`, `MANUFACTURER_ID`) VALUES (31,'2022-05-10 11:07:02','2022-05-10 11:07:02',NULL,'Local','Local',NULL,NULL,NULL,NULL,1,64);
INSERT INTO `manufacturer_description` (`DESCRIPTION_ID`, `DATE_CREATED`, `DATE_MODIFIED`, `UPDT_ID`, `DESCRIPTION`, `NAME`, `TITLE`, `DATE_LAST_CLICK`, `MANUFACTURERS_URL`, `URL_CLICKED`, `LANGUAGE_ID`, `MANUFACTURER_ID`) VALUES (32,'2022-05-10 11:07:03','2022-05-10 11:07:03',NULL,'Nature','Nature',NULL,NULL,NULL,NULL,1,65);
INSERT INTO `manufacturer_description` (`DESCRIPTION_ID`, `DATE_CREATED`, `DATE_MODIFIED`, `UPDT_ID`, `DESCRIPTION`, `NAME`, `TITLE`, `DATE_LAST_CLICK`, `MANUFACTURERS_URL`, `URL_CLICKED`, `LANGUAGE_ID`, `MANUFACTURER_ID`) VALUES (33,'2022-05-10 11:07:03','2022-05-10 11:07:03',NULL,'Nature','Nature',NULL,NULL,NULL,NULL,2,65);
INSERT INTO `manufacturer_description` (`DESCRIPTION_ID`, `DATE_CREATED`, `DATE_MODIFIED`, `UPDT_ID`, `DESCRIPTION`, `NAME`, `TITLE`, `DATE_LAST_CLICK`, `MANUFACTURERS_URL`, `URL_CLICKED`, `LANGUAGE_ID`, `MANUFACTURER_ID`) VALUES (34,'2022-05-10 11:07:03','2022-05-10 11:07:03',NULL,'Organique et pièce unique','Organique et pièce unique',NULL,NULL,NULL,NULL,2,66);
INSERT INTO `manufacturer_description` (`DESCRIPTION_ID`, `DATE_CREATED`, `DATE_MODIFIED`, `UPDT_ID`, `DESCRIPTION`, `NAME`, `TITLE`, `DATE_LAST_CLICK`, `MANUFACTURERS_URL`, `URL_CLICKED`, `LANGUAGE_ID`, `MANUFACTURER_ID`) VALUES (35,'2022-05-10 11:07:03','2022-05-10 11:07:03',NULL,'Organic and unique piece','Organic and unique piece',NULL,NULL,NULL,NULL,1,66);
INSERT INTO `manufacturer_description` (`DESCRIPTION_ID`, `DATE_CREATED`, `DATE_MODIFIED`, `UPDT_ID`, `DESCRIPTION`, `NAME`, `TITLE`, `DATE_LAST_CLICK`, `MANUFACTURERS_URL`, `URL_CLICKED`, `LANGUAGE_ID`, `MANUFACTURER_ID`) VALUES (36,'2022-05-10 11:07:03','2022-05-10 11:07:03',NULL,'Percu','Percu',NULL,NULL,NULL,NULL,2,67);
INSERT INTO `manufacturer_description` (`DESCRIPTION_ID`, `DATE_CREATED`, `DATE_MODIFIED`, `UPDT_ID`, `DESCRIPTION`, `NAME`, `TITLE`, `DATE_LAST_CLICK`, `MANUFACTURERS_URL`, `URL_CLICKED`, `LANGUAGE_ID`, `MANUFACTURER_ID`) VALUES (37,'2022-05-10 11:07:03','2022-05-10 11:07:03',NULL,'Percu','Percu',NULL,NULL,NULL,NULL,1,67);
INSERT INTO `manufacturer_description` (`DESCRIPTION_ID`, `DATE_CREATED`, `DATE_MODIFIED`, `UPDT_ID`, `DESCRIPTION`, `NAME`, `TITLE`, `DATE_LAST_CLICK`, `MANUFACTURERS_URL`, `URL_CLICKED`, `LANGUAGE_ID`, `MANUFACTURER_ID`) VALUES (38,'2022-05-10 11:07:03','2022-05-10 11:07:03',NULL,'Unique piece','Unique piece',NULL,NULL,NULL,NULL,1,68);
INSERT INTO `manufacturer_description` (`DESCRIPTION_ID`, `DATE_CREATED`, `DATE_MODIFIED`, `UPDT_ID`, `DESCRIPTION`, `NAME`, `TITLE`, `DATE_LAST_CLICK`, `MANUFACTURERS_URL`, `URL_CLICKED`, `LANGUAGE_ID`, `MANUFACTURER_ID`) VALUES (39,'2022-05-10 11:07:03','2022-05-10 11:07:03',NULL,'Pièce unique','Pièce unique',NULL,NULL,NULL,NULL,2,68);
INSERT INTO `manufacturer_description` (`DESCRIPTION_ID`, `DATE_CREATED`, `DATE_MODIFIED`, `UPDT_ID`, `DESCRIPTION`, `NAME`, `TITLE`, `DATE_LAST_CLICK`, `MANUFACTURERS_URL`, `URL_CLICKED`, `LANGUAGE_ID`, `MANUFACTURER_ID`) VALUES (40,'2022-05-10 11:07:04','2022-05-10 11:07:04',NULL,'Roots','Roots',NULL,NULL,NULL,NULL,1,69);
INSERT INTO `manufacturer_description` (`DESCRIPTION_ID`, `DATE_CREATED`, `DATE_MODIFIED`, `UPDT_ID`, `DESCRIPTION`, `NAME`, `TITLE`, `DATE_LAST_CLICK`, `MANUFACTURERS_URL`, `URL_CLICKED`, `LANGUAGE_ID`, `MANUFACTURER_ID`) VALUES (41,'2022-05-10 11:07:04','2022-05-10 11:07:04',NULL,'Roots','Roots',NULL,NULL,NULL,NULL,2,69);
INSERT INTO `manufacturer_description` (`DESCRIPTION_ID`, `DATE_CREATED`, `DATE_MODIFIED`, `UPDT_ID`, `DESCRIPTION`, `NAME`, `TITLE`, `DATE_LAST_CLICK`, `MANUFACTURERS_URL`, `URL_CLICKED`, `LANGUAGE_ID`, `MANUFACTURER_ID`) VALUES (42,'2022-05-10 11:07:04','2022-05-10 11:07:04',NULL,'Roots, pièce unique','Roots, pièce unique',NULL,NULL,NULL,NULL,2,70);
INSERT INTO `manufacturer_description` (`DESCRIPTION_ID`, `DATE_CREATED`, `DATE_MODIFIED`, `UPDT_ID`, `DESCRIPTION`, `NAME`, `TITLE`, `DATE_LAST_CLICK`, `MANUFACTURERS_URL`, `URL_CLICKED`, `LANGUAGE_ID`, `MANUFACTURER_ID`) VALUES (43,'2022-05-10 11:07:04','2022-05-10 11:07:04',NULL,'Roots, unique piece','Roots, unique piece',NULL,NULL,NULL,NULL,1,70);
INSERT INTO `manufacturer_description` (`DESCRIPTION_ID`, `DATE_CREATED`, `DATE_MODIFIED`, `UPDT_ID`, `DESCRIPTION`, `NAME`, `TITLE`, `DATE_LAST_CLICK`, `MANUFACTURERS_URL`, `URL_CLICKED`, `LANGUAGE_ID`, `MANUFACTURER_ID`) VALUES (44,'2022-05-10 11:07:04','2022-05-10 11:07:04',NULL,'Rosewood','Rosewood',NULL,NULL,NULL,NULL,2,71);
INSERT INTO `manufacturer_description` (`DESCRIPTION_ID`, `DATE_CREATED`, `DATE_MODIFIED`, `UPDT_ID`, `DESCRIPTION`, `NAME`, `TITLE`, `DATE_LAST_CLICK`, `MANUFACTURERS_URL`, `URL_CLICKED`, `LANGUAGE_ID`, `MANUFACTURER_ID`) VALUES (45,'2022-05-10 11:07:04','2022-05-10 11:07:04',NULL,'','',NULL,NULL,NULL,NULL,1,71);
INSERT INTO `manufacturer_description` (`DESCRIPTION_ID`, `DATE_CREATED`, `DATE_MODIFIED`, `UPDT_ID`, `DESCRIPTION`, `NAME`, `TITLE`, `DATE_LAST_CLICK`, `MANUFACTURERS_URL`, `URL_CLICKED`, `LANGUAGE_ID`, `MANUFACTURER_ID`) VALUES (46,'2022-05-10 11:07:04','2022-05-10 11:07:04',NULL,'Sherazed','Sherazed',NULL,NULL,NULL,NULL,1,72);
INSERT INTO `manufacturer_description` (`DESCRIPTION_ID`, `DATE_CREATED`, `DATE_MODIFIED`, `UPDT_ID`, `DESCRIPTION`, `NAME`, `TITLE`, `DATE_LAST_CLICK`, `MANUFACTURERS_URL`, `URL_CLICKED`, `LANGUAGE_ID`, `MANUFACTURER_ID`) VALUES (47,'2022-05-10 11:07:04','2022-05-10 11:07:04',NULL,'Sherazed','Sherazed',NULL,NULL,NULL,NULL,2,72);
INSERT INTO `manufacturer_description` (`DESCRIPTION_ID`, `DATE_CREATED`, `DATE_MODIFIED`, `UPDT_ID`, `DESCRIPTION`, `NAME`, `TITLE`, `DATE_LAST_CLICK`, `MANUFACTURERS_URL`, `URL_CLICKED`, `LANGUAGE_ID`, `MANUFACTURER_ID`) VALUES (48,'2022-05-10 11:07:05','2022-05-10 11:07:05',NULL,'Suar','Suar',NULL,NULL,NULL,NULL,1,73);
INSERT INTO `manufacturer_description` (`DESCRIPTION_ID`, `DATE_CREATED`, `DATE_MODIFIED`, `UPDT_ID`, `DESCRIPTION`, `NAME`, `TITLE`, `DATE_LAST_CLICK`, `MANUFACTURERS_URL`, `URL_CLICKED`, `LANGUAGE_ID`, `MANUFACTURER_ID`) VALUES (49,'2022-05-10 11:07:05','2022-05-10 11:07:05',NULL,'Suar','Suar',NULL,NULL,NULL,NULL,2,73);
INSERT INTO `manufacturer_description` (`DESCRIPTION_ID`, `DATE_CREATED`, `DATE_MODIFIED`, `UPDT_ID`, `DESCRIPTION`, `NAME`, `TITLE`, `DATE_LAST_CLICK`, `MANUFACTURERS_URL`, `URL_CLICKED`, `LANGUAGE_ID`, `MANUFACTURER_ID`) VALUES (50,'2022-05-10 11:07:05','2022-05-10 11:07:05',NULL,'Temple','Temple',NULL,NULL,NULL,NULL,2,74);
INSERT INTO `manufacturer_description` (`DESCRIPTION_ID`, `DATE_CREATED`, `DATE_MODIFIED`, `UPDT_ID`, `DESCRIPTION`, `NAME`, `TITLE`, `DATE_LAST_CLICK`, `MANUFACTURERS_URL`, `URL_CLICKED`, `LANGUAGE_ID`, `MANUFACTURER_ID`) VALUES (51,'2022-05-10 11:07:05','2022-05-10 11:07:05',NULL,'Temple','Temple',NULL,NULL,NULL,NULL,1,74);
INSERT INTO `manufacturer_description` (`DESCRIPTION_ID`, `DATE_CREATED`, `DATE_MODIFIED`, `UPDT_ID`, `DESCRIPTION`, `NAME`, `TITLE`, `DATE_LAST_CLICK`, `MANUFACTURERS_URL`, `URL_CLICKED`, `LANGUAGE_ID`, `MANUFACTURER_ID`) VALUES (52,'2022-05-10 11:07:05','2022-05-10 11:07:05',NULL,'Thaï','Thaï',NULL,NULL,NULL,NULL,2,75);
INSERT INTO `manufacturer_description` (`DESCRIPTION_ID`, `DATE_CREATED`, `DATE_MODIFIED`, `UPDT_ID`, `DESCRIPTION`, `NAME`, `TITLE`, `DATE_LAST_CLICK`, `MANUFACTURERS_URL`, `URL_CLICKED`, `LANGUAGE_ID`, `MANUFACTURER_ID`) VALUES (53,'2022-05-10 11:07:05','2022-05-10 11:07:05',NULL,'Thai','Thai',NULL,NULL,NULL,NULL,1,75);
INSERT INTO `manufacturer_description` (`DESCRIPTION_ID`, `DATE_CREATED`, `DATE_MODIFIED`, `UPDT_ID`, `DESCRIPTION`, `NAME`, `TITLE`, `DATE_LAST_CLICK`, `MANUFACTURERS_URL`, `URL_CLICKED`, `LANGUAGE_ID`, `MANUFACTURER_ID`) VALUES (54,'2022-05-10 11:07:05','2022-05-10 11:07:05',NULL,'Tibet','Tibet',NULL,NULL,NULL,NULL,2,76);
INSERT INTO `manufacturer_description` (`DESCRIPTION_ID`, `DATE_CREATED`, `DATE_MODIFIED`, `UPDT_ID`, `DESCRIPTION`, `NAME`, `TITLE`, `DATE_LAST_CLICK`, `MANUFACTURERS_URL`, `URL_CLICKED`, `LANGUAGE_ID`, `MANUFACTURER_ID`) VALUES (55,'2022-05-10 11:07:05','2022-05-10 11:07:05',NULL,'Tibet','Tibet',NULL,NULL,NULL,NULL,1,76);
INSERT INTO `manufacturer_description` (`DESCRIPTION_ID`, `DATE_CREATED`, `DATE_MODIFIED`, `UPDT_ID`, `DESCRIPTION`, `NAME`, `TITLE`, `DATE_LAST_CLICK`, `MANUFACTURERS_URL`, `URL_CLICKED`, `LANGUAGE_ID`, `MANUFACTURER_ID`) VALUES (56,'2022-05-10 11:07:06','2022-05-10 11:07:06',NULL,'Tolix','Tolix',NULL,NULL,NULL,NULL,1,77);
INSERT INTO `manufacturer_description` (`DESCRIPTION_ID`, `DATE_CREATED`, `DATE_MODIFIED`, `UPDT_ID`, `DESCRIPTION`, `NAME`, `TITLE`, `DATE_LAST_CLICK`, `MANUFACTURERS_URL`, `URL_CLICKED`, `LANGUAGE_ID`, `MANUFACTURER_ID`) VALUES (57,'2022-05-10 11:07:06','2022-05-10 11:07:06',NULL,'Tolix','Tolix',NULL,NULL,NULL,NULL,2,77);
INSERT INTO `manufacturer_description` (`DESCRIPTION_ID`, `DATE_CREATED`, `DATE_MODIFIED`, `UPDT_ID`, `DESCRIPTION`, `NAME`, `TITLE`, `DATE_LAST_CLICK`, `MANUFACTURERS_URL`, `URL_CLICKED`, `LANGUAGE_ID`, `MANUFACTURER_ID`) VALUES (58,'2022-05-10 11:07:06','2022-05-10 11:07:06',NULL,'Velvet','Velvet',NULL,NULL,NULL,NULL,1,78);
INSERT INTO `manufacturer_description` (`DESCRIPTION_ID`, `DATE_CREATED`, `DATE_MODIFIED`, `UPDT_ID`, `DESCRIPTION`, `NAME`, `TITLE`, `DATE_LAST_CLICK`, `MANUFACTURERS_URL`, `URL_CLICKED`, `LANGUAGE_ID`, `MANUFACTURER_ID`) VALUES (59,'2022-05-10 11:07:06','2022-05-10 11:07:06',NULL,'Velours','Velours',NULL,NULL,NULL,NULL,2,78);
INSERT INTO `manufacturer_description` (`DESCRIPTION_ID`, `DATE_CREATED`, `DATE_MODIFIED`, `UPDT_ID`, `DESCRIPTION`, `NAME`, `TITLE`, `DATE_LAST_CLICK`, `MANUFACTURERS_URL`, `URL_CLICKED`, `LANGUAGE_ID`, `MANUFACTURER_ID`) VALUES (60,'2022-05-10 11:07:06','2022-05-10 11:07:06',NULL,'Vintage','Vintage',NULL,NULL,NULL,NULL,1,79);
INSERT INTO `manufacturer_description` (`DESCRIPTION_ID`, `DATE_CREATED`, `DATE_MODIFIED`, `UPDT_ID`, `DESCRIPTION`, `NAME`, `TITLE`, `DATE_LAST_CLICK`, `MANUFACTURERS_URL`, `URL_CLICKED`, `LANGUAGE_ID`, `MANUFACTURER_ID`) VALUES (61,'2022-05-10 11:07:06','2022-05-10 11:07:06',NULL,'Vintage','Vintage',NULL,NULL,NULL,NULL,2,79);
INSERT INTO `manufacturer_description` (`DESCRIPTION_ID`, `DATE_CREATED`, `DATE_MODIFIED`, `UPDT_ID`, `DESCRIPTION`, `NAME`, `TITLE`, `DATE_LAST_CLICK`, `MANUFACTURERS_URL`, `URL_CLICKED`, `LANGUAGE_ID`, `MANUFACTURER_ID`) VALUES (62,'2022-05-10 11:07:06','2022-05-10 11:07:06',NULL,'Vintage Canvas','Vintage Canvas',NULL,NULL,NULL,NULL,1,80);
INSERT INTO `manufacturer_description` (`DESCRIPTION_ID`, `DATE_CREATED`, `DATE_MODIFIED`, `UPDT_ID`, `DESCRIPTION`, `NAME`, `TITLE`, `DATE_LAST_CLICK`, `MANUFACTURERS_URL`, `URL_CLICKED`, `LANGUAGE_ID`, `MANUFACTURER_ID`) VALUES (63,'2022-05-10 11:07:06','2022-05-10 11:07:06',NULL,'Vintage Canvas','Vintage Canvas',NULL,NULL,NULL,NULL,2,80);
INSERT INTO `manufacturer_description` (`DESCRIPTION_ID`, `DATE_CREATED`, `DATE_MODIFIED`, `UPDT_ID`, `DESCRIPTION`, `NAME`, `TITLE`, `DATE_LAST_CLICK`, `MANUFACTURERS_URL`, `URL_CLICKED`, `LANGUAGE_ID`, `MANUFACTURER_ID`) VALUES (64,'2022-05-10 11:07:07','2022-05-10 11:07:07',NULL,'Vintage Green','Vintage Green',NULL,NULL,NULL,NULL,1,81);
INSERT INTO `manufacturer_description` (`DESCRIPTION_ID`, `DATE_CREATED`, `DATE_MODIFIED`, `UPDT_ID`, `DESCRIPTION`, `NAME`, `TITLE`, `DATE_LAST_CLICK`, `MANUFACTURERS_URL`, `URL_CLICKED`, `LANGUAGE_ID`, `MANUFACTURER_ID`) VALUES (65,'2022-05-10 11:07:07','2022-05-10 11:07:07',NULL,'Vintage Green','Vintage Green',NULL,NULL,NULL,NULL,2,81);
INSERT INTO `manufacturer_description` (`DESCRIPTION_ID`, `DATE_CREATED`, `DATE_MODIFIED`, `UPDT_ID`, `DESCRIPTION`, `NAME`, `TITLE`, `DATE_LAST_CLICK`, `MANUFACTURERS_URL`, `URL_CLICKED`, `LANGUAGE_ID`, `MANUFACTURER_ID`) VALUES (66,'2022-05-10 11:07:07','2022-05-10 11:07:07',NULL,'Vintage industriel','Vintage industriel',NULL,NULL,NULL,NULL,2,82);
INSERT INTO `manufacturer_description` (`DESCRIPTION_ID`, `DATE_CREATED`, `DATE_MODIFIED`, `UPDT_ID`, `DESCRIPTION`, `NAME`, `TITLE`, `DATE_LAST_CLICK`, `MANUFACTURERS_URL`, `URL_CLICKED`, `LANGUAGE_ID`, `MANUFACTURER_ID`) VALUES (67,'2022-05-10 11:07:07','2022-05-10 11:07:07',NULL,'Vintage industrial','Vintage industrial',NULL,NULL,NULL,NULL,1,82);
INSERT INTO `manufacturer_description` (`DESCRIPTION_ID`, `DATE_CREATED`, `DATE_MODIFIED`, `UPDT_ID`, `DESCRIPTION`, `NAME`, `TITLE`, `DATE_LAST_CLICK`, `MANUFACTURERS_URL`, `URL_CLICKED`, `LANGUAGE_ID`, `MANUFACTURER_ID`) VALUES (68,'2022-05-10 15:30:18','2022-05-10 15:30:18',NULL,NULL,'O\'Reilley',NULL,NULL,NULL,NULL,1,100);
INSERT INTO `manufacturer_description` (`DESCRIPTION_ID`, `DATE_CREATED`, `DATE_MODIFIED`, `UPDT_ID`, `DESCRIPTION`, `NAME`, `TITLE`, `DATE_LAST_CLICK`, `MANUFACTURERS_URL`, `URL_CLICKED`, `LANGUAGE_ID`, `MANUFACTURER_ID`) VALUES (69,'2022-05-10 15:30:18','2022-05-10 15:30:18',NULL,NULL,'Sams',NULL,NULL,NULL,NULL,1,101);
INSERT INTO `manufacturer_description` (`DESCRIPTION_ID`, `DATE_CREATED`, `DATE_MODIFIED`, `UPDT_ID`, `DESCRIPTION`, `NAME`, `TITLE`, `DATE_LAST_CLICK`, `MANUFACTURERS_URL`, `URL_CLICKED`, `LANGUAGE_ID`, `MANUFACTURER_ID`) VALUES (70,'2022-05-10 15:30:18','2022-05-10 15:30:18',NULL,NULL,'Packt',NULL,NULL,NULL,NULL,1,102);
INSERT INTO `manufacturer_description` (`DESCRIPTION_ID`, `DATE_CREATED`, `DATE_MODIFIED`, `UPDT_ID`, `DESCRIPTION`, `NAME`, `TITLE`, `DATE_LAST_CLICK`, `MANUFACTURERS_URL`, `URL_CLICKED`, `LANGUAGE_ID`, `MANUFACTURER_ID`) VALUES (71,'2022-05-10 15:30:18','2022-05-10 15:30:18',NULL,NULL,'Manning',NULL,NULL,NULL,NULL,1,103);
INSERT INTO `manufacturer_description` (`DESCRIPTION_ID`, `DATE_CREATED`, `DATE_MODIFIED`, `UPDT_ID`, `DESCRIPTION`, `NAME`, `TITLE`, `DATE_LAST_CLICK`, `MANUFACTURERS_URL`, `URL_CLICKED`, `LANGUAGE_ID`, `MANUFACTURER_ID`) VALUES (72,'2022-05-10 15:30:18','2022-05-10 15:30:18',NULL,NULL,'Novells publishing',NULL,NULL,NULL,NULL,1,104);

--
-- Table structure for table `merchant_configuration`
--

DROP TABLE IF EXISTS `merchant_configuration`;
/*!40101 SET @saved_cs_client     = @@character_set_client */;
 SET character_set_client = utf8mb4 ;
CREATE TABLE `merchant_configuration` (
  `MERCHANT_CONFIG_ID` bigint(20) NOT NULL,
  `ACTIVE` bit(1) DEFAULT NULL,
  `DATE_CREATED` datetime DEFAULT NULL,
  `DATE_MODIFIED` datetime DEFAULT NULL,
  `UPDT_ID` varchar(60) DEFAULT NULL,
  `CONFIG_KEY` varchar(255) DEFAULT NULL,
  `TYPE` varchar(255) DEFAULT NULL,
  `VALUE` longtext,
  `MERCHANT_ID` int(11) DEFAULT NULL,
  PRIMARY KEY (`MERCHANT_CONFIG_ID`),
  UNIQUE KEY `UKj0c3h8onw3m6hjcr3yylst9fb` (`MERCHANT_ID`,`CONFIG_KEY`),
  CONSTRAINT `FKf9bkgf0ysbp5fo9j69shm0pri` FOREIGN KEY (`MERCHANT_ID`) REFERENCES `merchant_store` (`MERCHANT_ID`)
) ENGINE=InnoDB DEFAULT CHARSET=utf8;
/*!40101 SET character_set_client = @saved_cs_client */;

--
-- Dumping data for table `merchant_configuration`
--

INSERT INTO `merchant_configuration` (`MERCHANT_CONFIG_ID`, `ACTIVE`, `DATE_CREATED`, `DATE_MODIFIED`, `UPDT_ID`, `CONFIG_KEY`, `TYPE`, `VALUE`, `MERCHANT_ID`) VALUES (1,_binary '\0','2022-05-02 12:48:18','2022-05-02 12:48:18',NULL,'CONFIG','CONFIG','{\"allowPurchaseItems\":true,\"displayContactUs\":false,\"displayCustomerAgreement\":false,\"defaultSearchConfigPath\":{},\"displayCustomerSection\":false,\"displayAddToCartOnFeaturedItems\":true,\"displayPagesMenu\":true,\"testMode\":false,\"displayStoreAddress\":false,\"displaySearchBox\":true,\"debugMode\":false,\"useDefaultSearchConfig\":{}}',1);

--
-- Table structure for table `merchant_language`
--

DROP TABLE IF EXISTS `merchant_language`;
/*!40101 SET @saved_cs_client     = @@character_set_client */;
 SET character_set_client = utf8mb4 ;
CREATE TABLE `merchant_language` (
  `stores_MERCHANT_ID` int(11) NOT NULL,
  `languages_LANGUAGE_ID` int(11) NOT NULL,
  KEY `FKjwy0pjijh1qmcoivq50o2jgec` (`languages_LANGUAGE_ID`),
  KEY `FKiisj0tmoujv6n3iqmytvo39kn` (`stores_MERCHANT_ID`),
  CONSTRAINT `FKiisj0tmoujv6n3iqmytvo39kn` FOREIGN KEY (`stores_MERCHANT_ID`) REFERENCES `merchant_store` (`MERCHANT_ID`),
  CONSTRAINT `FKjwy0pjijh1qmcoivq50o2jgec` FOREIGN KEY (`languages_LANGUAGE_ID`) REFERENCES `language` (`LANGUAGE_ID`)
) ENGINE=InnoDB DEFAULT CHARSET=utf8;
/*!40101 SET character_set_client = @saved_cs_client */;

--
-- Dumping data for table `merchant_language`
--

INSERT INTO `merchant_language` (`stores_MERCHANT_ID`, `languages_LANGUAGE_ID`) VALUES (1,1);
INSERT INTO `merchant_language` (`stores_MERCHANT_ID`, `languages_LANGUAGE_ID`) VALUES (50,4);
INSERT INTO `merchant_language` (`stores_MERCHANT_ID`, `languages_LANGUAGE_ID`) VALUES (100,4);
INSERT INTO `merchant_language` (`stores_MERCHANT_ID`, `languages_LANGUAGE_ID`) VALUES (101,1);

--
-- Table structure for table `merchant_log`
--

DROP TABLE IF EXISTS `merchant_log`;
/*!40101 SET @saved_cs_client     = @@character_set_client */;
 SET character_set_client = utf8mb4 ;
CREATE TABLE `merchant_log` (
  `MERCHANT_LOG_ID` bigint(20) NOT NULL,
  `LOG` longtext,
  `MODULE` varchar(25) DEFAULT NULL,
  `MERCHANT_ID` int(11) NOT NULL,
  PRIMARY KEY (`MERCHANT_LOG_ID`),
  KEY `FKto727b9r68qrtn2vvdqdvd4ic` (`MERCHANT_ID`),
  CONSTRAINT `FKto727b9r68qrtn2vvdqdvd4ic` FOREIGN KEY (`MERCHANT_ID`) REFERENCES `merchant_store` (`MERCHANT_ID`)
) ENGINE=InnoDB DEFAULT CHARSET=utf8;
/*!40101 SET character_set_client = @saved_cs_client */;

--
-- Dumping data for table `merchant_log`
--


--
-- Table structure for table `merchant_store`
--

DROP TABLE IF EXISTS `merchant_store`;
/*!40101 SET @saved_cs_client     = @@character_set_client */;
 SET character_set_client = utf8mb4 ;
CREATE TABLE `merchant_store` (
  `MERCHANT_ID` int(11) NOT NULL,
  `DATE_CREATED` datetime DEFAULT NULL,
  `DATE_MODIFIED` datetime DEFAULT NULL,
  `UPDT_ID` varchar(60) DEFAULT NULL,
  `STORE_CODE` varchar(100) NOT NULL,
  `CONTINUESHOPPINGURL` varchar(150) DEFAULT NULL,
  `CURRENCY_FORMAT_NATIONAL` bit(1) DEFAULT NULL,
  `DOMAIN_NAME` varchar(80) DEFAULT NULL,
  `IN_BUSINESS_SINCE` date DEFAULT NULL,
  `INVOICE_TEMPLATE` varchar(25) DEFAULT NULL,
  `IS_RETAILER` bit(1) DEFAULT NULL,
  `SEIZEUNITCODE` varchar(5) DEFAULT NULL,
  `STORE_EMAIL` varchar(60) NOT NULL,
  `STORE_LOGO` varchar(100) DEFAULT NULL,
  `STORE_TEMPLATE` varchar(25) DEFAULT NULL,
  `STORE_ADDRESS` varchar(255) DEFAULT NULL,
  `STORE_CITY` varchar(100) DEFAULT NULL,
  `STORE_NAME` varchar(100) NOT NULL,
  `STORE_PHONE` varchar(50) DEFAULT NULL,
  `STORE_POSTAL_CODE` varchar(15) DEFAULT NULL,
  `STORE_STATE_PROV` varchar(100) DEFAULT NULL,
  `USE_CACHE` bit(1) DEFAULT NULL,
  `WEIGHTUNITCODE` varchar(5) DEFAULT NULL,
  `COUNTRY_ID` int(11) NOT NULL,
  `CURRENCY_ID` bigint(20) NOT NULL,
  `LANGUAGE_ID` int(11) NOT NULL,
  `PARENT_ID` int(11) DEFAULT NULL,
  `ZONE_ID` bigint(20) DEFAULT NULL,
  PRIMARY KEY (`MERCHANT_ID`),
  UNIQUE KEY `UK_4pvtsnqv4nlao8725n9ldpguf` (`STORE_CODE`),
  KEY `FK2gn7vpkd9x832urw7c6jlawnn` (`COUNTRY_ID`),
  KEY `FK63hlw9wp1k1x3f5tke7t2us7s` (`CURRENCY_ID`),
  KEY `FKdnemo9tl8tjhkxko83psvkv19` (`LANGUAGE_ID`),
  KEY `FKgkoele515h76u39b9defibkm9` (`PARENT_ID`),
  KEY `FK5o24aky9161jyofyxmg0g53vv` (`ZONE_ID`),
  CONSTRAINT `FK2gn7vpkd9x832urw7c6jlawnn` FOREIGN KEY (`COUNTRY_ID`) REFERENCES `country` (`COUNTRY_ID`),
  CONSTRAINT `FK5o24aky9161jyofyxmg0g53vv` FOREIGN KEY (`ZONE_ID`) REFERENCES `zone` (`ZONE_ID`),
  CONSTRAINT `FK63hlw9wp1k1x3f5tke7t2us7s` FOREIGN KEY (`CURRENCY_ID`) REFERENCES `currency` (`CURRENCY_ID`),
  CONSTRAINT `FKdnemo9tl8tjhkxko83psvkv19` FOREIGN KEY (`LANGUAGE_ID`) REFERENCES `language` (`LANGUAGE_ID`),
  CONSTRAINT `FKgkoele515h76u39b9defibkm9` FOREIGN KEY (`PARENT_ID`) REFERENCES `merchant_store` (`MERCHANT_ID`)
) ENGINE=InnoDB DEFAULT CHARSET=utf8;
/*!40101 SET character_set_client = @saved_cs_client */;

--
-- Dumping data for table `merchant_store`
--

INSERT INTO `merchant_store` (`MERCHANT_ID`, `DATE_CREATED`, `DATE_MODIFIED`, `UPDT_ID`, `STORE_CODE`, `CONTINUESHOPPINGURL`, `CURRENCY_FORMAT_NATIONAL`, `DOMAIN_NAME`, `IN_BUSINESS_SINCE`, `INVOICE_TEMPLATE`, `IS_RETAILER`, `SEIZEUNITCODE`, `STORE_EMAIL`, `STORE_LOGO`, `STORE_TEMPLATE`, `STORE_ADDRESS`, `STORE_CITY`, `STORE_NAME`, `STORE_PHONE`, `STORE_POSTAL_CODE`, `STORE_STATE_PROV`, `USE_CACHE`, `WEIGHTUNITCODE`, `COUNTRY_ID`, `CURRENCY_ID`, `LANGUAGE_ID`, `PARENT_ID`, `ZONE_ID`) VALUES (1,NULL,'2022-05-17 14:04:04','admin@shopizer.com','DEFAULT',NULL,_binary '\0',NULL,'2022-05-02',NULL,_binary '','IN','john@test.com',NULL,NULL,'1234 Street address','My city','Default store','888-888-8888','H2H-2H2',NULL,_binary '\0','LB',170,105,1,NULL,9);
INSERT INTO `merchant_store` (`MERCHANT_ID`, `DATE_CREATED`, `DATE_MODIFIED`, `UPDT_ID`, `STORE_CODE`, `CONTINUESHOPPINGURL`, `CURRENCY_FORMAT_NATIONAL`, `DOMAIN_NAME`, `IN_BUSINESS_SINCE`, `INVOICE_TEMPLATE`, `IS_RETAILER`, `SEIZEUNITCODE`, `STORE_EMAIL`, `STORE_LOGO`, `STORE_TEMPLATE`, `STORE_ADDRESS`, `STORE_CITY`, `STORE_NAME`, `STORE_PHONE`, `STORE_POSTAL_CODE`, `STORE_STATE_PROV`, `USE_CACHE`, `WEIGHTUNITCODE`, `COUNTRY_ID`, `CURRENCY_ID`, `LANGUAGE_ID`, `PARENT_ID`, `ZONE_ID`) VALUES (50,NULL,'2022-05-17 16:06:08','admin@shopizer.com','BC',NULL,_binary '\0',NULL,'2022-05-17',NULL,_binary '','CM','kamateon@gmail.com',NULL,NULL,'P1','Gdansk','BC','509936789','87-100','POM',_binary '\0','KG',170,139,4,NULL,NULL);
INSERT INTO `merchant_store` (`MERCHANT_ID`, `DATE_CREATED`, `DATE_MODIFIED`, `UPDT_ID`, `STORE_CODE`, `CONTINUESHOPPINGURL`, `CURRENCY_FORMAT_NATIONAL`, `DOMAIN_NAME`, `IN_BUSINESS_SINCE`, `INVOICE_TEMPLATE`, `IS_RETAILER`, `SEIZEUNITCODE`, `STORE_EMAIL`, `STORE_LOGO`, `STORE_TEMPLATE`, `STORE_ADDRESS`, `STORE_CITY`, `STORE_NAME`, `STORE_PHONE`, `STORE_POSTAL_CODE`, `STORE_STATE_PROV`, `USE_CACHE`, `WEIGHTUNITCODE`, `COUNTRY_ID`, `CURRENCY_ID`, `LANGUAGE_ID`, `PARENT_ID`, `ZONE_ID`) VALUES (100,NULL,'2022-05-17 17:10:14','admin@shopizer.com','BC1PLN',NULL,_binary '\0',NULL,'2022-05-17',NULL,_binary '\0','CM','bc1pln@gmail.com',NULL,NULL,'bc1pln','p1','BC1PLN','509509509','11-111',NULL,_binary '\0','KG',170,139,4,NULL,9);
INSERT INTO `merchant_store` (`MERCHANT_ID`, `DATE_CREATED`, `DATE_MODIFIED`, `UPDT_ID`, `STORE_CODE`, `CONTINUESHOPPINGURL`, `CURRENCY_FORMAT_NATIONAL`, `DOMAIN_NAME`, `IN_BUSINESS_SINCE`, `INVOICE_TEMPLATE`, `IS_RETAILER`, `SEIZEUNITCODE`, `STORE_EMAIL`, `STORE_LOGO`, `STORE_TEMPLATE`, `STORE_ADDRESS`, `STORE_CITY`, `STORE_NAME`, `STORE_PHONE`, `STORE_POSTAL_CODE`, `STORE_STATE_PROV`, `USE_CACHE`, `WEIGHTUNITCODE`, `COUNTRY_ID`, `CURRENCY_ID`, `LANGUAGE_ID`, `PARENT_ID`, `ZONE_ID`) VALUES (101,NULL,'2022-05-17 17:25:02','admin@shopizer.com','bc2eng',NULL,_binary '\0',NULL,'2022-05-17',NULL,_binary '\0','CM','bc2eng@gmail.com',NULL,NULL,'bc2eng','bc2eng','bc2eng','509509509','11111',NULL,_binary '\0','KG',170,105,1,NULL,9);

--
-- Table structure for table `module_configuration`
--

DROP TABLE IF EXISTS `module_configuration`;
/*!40101 SET @saved_cs_client     = @@character_set_client */;
 SET character_set_client = utf8mb4 ;
CREATE TABLE `module_configuration` (
  `MODULE_CONF_ID` bigint(20) NOT NULL,
  `DATE_CREATED` datetime DEFAULT NULL,
  `DATE_MODIFIED` datetime DEFAULT NULL,
  `UPDT_ID` varchar(60) DEFAULT NULL,
  `CODE` varchar(255) NOT NULL,
  `DETAILS` longtext,
  `CONFIGURATION` varchar(4000) DEFAULT NULL,
  `CUSTOM_IND` bit(1) DEFAULT NULL,
  `IMAGE` varchar(255) DEFAULT NULL,
  `MODULE` varchar(255) DEFAULT NULL,
  `REGIONS` varchar(255) DEFAULT NULL,
  `TYPE` varchar(255) DEFAULT NULL,
  PRIMARY KEY (`MODULE_CONF_ID`),
  KEY `MODULE_CONFIGURATION_MODULE` (`MODULE`)
) ENGINE=InnoDB DEFAULT CHARSET=utf8;
/*!40101 SET character_set_client = @saved_cs_client */;

--
-- Dumping data for table `module_configuration`
--

INSERT INTO `module_configuration` (`MODULE_CONF_ID`, `DATE_CREATED`, `DATE_MODIFIED`, `UPDT_ID`, `CODE`, `DETAILS`, `CONFIGURATION`, `CUSTOM_IND`, `IMAGE`, `MODULE`, `REGIONS`, `TYPE`) VALUES (1,'2022-05-02 12:48:17','2022-05-02 12:48:17',NULL,'usps',NULL,'[{\"scheme\":\"http\",\"host\":\"testing.shippingapis.com\",\"port\":\"80\",\"uri\":\"/ShippingAPI.dll\",\"env\":\"TEST\",\"config1\":null,\"config2\":null},{\"scheme\":\"http\",\"host\":\"production.shippingapis.com\",\"port\":\"80\",\"uri\":\"/ShippingAPI.dll\",\"env\":\"PROD\",\"config1\":null,\"config2\":null}]',_binary '\0','usps.jpg','SHIPPING','[\"US\"]',NULL);
INSERT INTO `module_configuration` (`MODULE_CONF_ID`, `DATE_CREATED`, `DATE_MODIFIED`, `UPDT_ID`, `CODE`, `DETAILS`, `CONFIGURATION`, `CUSTOM_IND`, `IMAGE`, `MODULE`, `REGIONS`, `TYPE`) VALUES (2,'2022-05-02 12:48:18','2022-05-02 12:48:18',NULL,'canadapost',NULL,'[{\"scheme\":\"https\",\"host\":\"ct.soa-gw.canadapost.ca\",\"port\":\"443\",\"uri\":\"/rs/ship/price\",\"env\":\"TEST\",\"config1\":null,\"config2\":null},{\"scheme\":\"https\",\"host\":\"soa-gw.canadapost.ca\",\"port\":\"443\",\"uri\":\"/rs/ship/price\",\"env\":\"PROD\",\"config1\":null,\"config2\":null}]',_binary '\0','canadapost.jpg','SHIPPING','[\"CA\"]',NULL);
INSERT INTO `module_configuration` (`MODULE_CONF_ID`, `DATE_CREATED`, `DATE_MODIFIED`, `UPDT_ID`, `CODE`, `DETAILS`, `CONFIGURATION`, `CUSTOM_IND`, `IMAGE`, `MODULE`, `REGIONS`, `TYPE`) VALUES (3,'2022-05-02 12:48:18','2022-05-02 12:48:18',NULL,'ups','{\"01\":\"UPS Next Day Air\",\"02\":\"UPS Second Day Air\",\"03\":\"UPS Ground\",\"07\":\"UPS Worldwide Express\",\"08\":\"UPS Worldwide Expedited\",\"11\":\"UPS Standard\",\"12\":\"UPS Three-Day Select\",\"13\":\"UPS Next Day Air Saver\",\"14\":\"UPS Next Day Air Early A.M.\",\"54\":\"UPS Worldwide Express Plus\",\"59\":\"UPS Second Day Air A.M.\",\"69\":\"UPS Saver\"}','[{\"scheme\":\"https\",\"host\":\"wwwcie.ups.com\",\"port\":\"443\",\"uri\":\"/ups.app/xml/Rate\",\"env\":\"TEST\",\"config1\":null,\"config2\":null},{\"scheme\":\"https\",\"host\":\"onlinetools.ups.com\",\"port\":\"443\",\"uri\":\"/xml/Rate\",\"env\":\"PROD\",\"config1\":null,\"config2\":null}]',_binary '\0','ups.jpg','SHIPPING','[\"US\",\"CA\",\"FR\",\"GB\"]',NULL);
INSERT INTO `module_configuration` (`MODULE_CONF_ID`, `DATE_CREATED`, `DATE_MODIFIED`, `UPDT_ID`, `CODE`, `DETAILS`, `CONFIGURATION`, `CUSTOM_IND`, `IMAGE`, `MODULE`, `REGIONS`, `TYPE`) VALUES (4,'2022-05-02 12:48:18','2022-05-02 12:48:18',NULL,'weightBased',NULL,NULL,_binary '',NULL,'SHIPPING','[\"*\"]',NULL);
INSERT INTO `module_configuration` (`MODULE_CONF_ID`, `DATE_CREATED`, `DATE_MODIFIED`, `UPDT_ID`, `CODE`, `DETAILS`, `CONFIGURATION`, `CUSTOM_IND`, `IMAGE`, `MODULE`, `REGIONS`, `TYPE`) VALUES (5,'2022-05-02 12:48:18','2022-05-02 12:48:18',NULL,'customQuotesRules',NULL,NULL,_binary '\0',NULL,'SHIPPING','[\"*\"]',NULL);
INSERT INTO `module_configuration` (`MODULE_CONF_ID`, `DATE_CREATED`, `DATE_MODIFIED`, `UPDT_ID`, `CODE`, `DETAILS`, `CONFIGURATION`, `CUSTOM_IND`, `IMAGE`, `MODULE`, `REGIONS`, `TYPE`) VALUES (6,'2022-05-02 12:48:18','2022-05-02 12:48:18',NULL,'priceByDistance',NULL,NULL,_binary '\0',NULL,'SHIPPING','[\"*\"]',NULL);
INSERT INTO `module_configuration` (`MODULE_CONF_ID`, `DATE_CREATED`, `DATE_MODIFIED`, `UPDT_ID`, `CODE`, `DETAILS`, `CONFIGURATION`, `CUSTOM_IND`, `IMAGE`, `MODULE`, `REGIONS`, `TYPE`) VALUES (7,'2022-05-02 12:48:18','2022-05-02 12:48:18',NULL,'storePickUp',NULL,NULL,_binary '\0',NULL,'SHIPPING','[\"*\"]',NULL);
INSERT INTO `module_configuration` (`MODULE_CONF_ID`, `DATE_CREATED`, `DATE_MODIFIED`, `UPDT_ID`, `CODE`, `DETAILS`, `CONFIGURATION`, `CUSTOM_IND`, `IMAGE`, `MODULE`, `REGIONS`, `TYPE`) VALUES (8,'2022-05-02 12:48:18','2022-05-02 12:48:18',NULL,'moneyorder',NULL,NULL,_binary '\0','moneyorder.gif','PAYMENT','[\"*\"]','moneyorder');
INSERT INTO `module_configuration` (`MODULE_CONF_ID`, `DATE_CREATED`, `DATE_MODIFIED`, `UPDT_ID`, `CODE`, `DETAILS`, `CONFIGURATION`, `CUSTOM_IND`, `IMAGE`, `MODULE`, `REGIONS`, `TYPE`) VALUES (9,'2022-05-02 12:48:18','2022-05-02 12:48:18',NULL,'paypal-express-checkout',NULL,'[{\"scheme\":\"\",\"host\":\"\",\"port\":\"\",\"uri\":\"\",\"env\":\"TEST\",\"config1\":\"https://www.sandbox.paypal.com/cgi-bin/webscr?cmd=_express-checkout&token=\",\"config2\":null},{\"scheme\":\"\",\"host\":\"\",\"port\":\"\",\"uri\":\"\",\"env\":\"PROD\",\"config1\":\"https://www.paypal.com/cgi-bin/webscr?cmd=_express-checkout&token=\",\"config2\":null}]',_binary '\0','icon-paypal.png','PAYMENT','[\"*\"]','paypal');
INSERT INTO `module_configuration` (`MODULE_CONF_ID`, `DATE_CREATED`, `DATE_MODIFIED`, `UPDT_ID`, `CODE`, `DETAILS`, `CONFIGURATION`, `CUSTOM_IND`, `IMAGE`, `MODULE`, `REGIONS`, `TYPE`) VALUES (10,'2022-05-02 12:48:18','2022-05-02 12:48:18',NULL,'beanstream',NULL,'[{\"scheme\":\"https\",\"host\":\"www.beanstream.com\",\"port\":\"443\",\"uri\":\"/scripts/process_transaction.asp\",\"env\":\"TEST\",\"config1\":null,\"config2\":null},{\"scheme\":\"https\",\"host\":\"www.beanstream.com\",\"port\":\"443\",\"uri\":\"/scripts/process_transaction.asp\",\"env\":\"PROD\",\"config1\":null,\"config2\":null}]',_binary '\0','beanstream.gif','PAYMENT','[\"US\",\"CA\",\"GB\"]','creditcard');
INSERT INTO `module_configuration` (`MODULE_CONF_ID`, `DATE_CREATED`, `DATE_MODIFIED`, `UPDT_ID`, `CODE`, `DETAILS`, `CONFIGURATION`, `CUSTOM_IND`, `IMAGE`, `MODULE`, `REGIONS`, `TYPE`) VALUES (11,'2022-05-02 12:48:18','2022-05-02 12:48:18',NULL,'stripe',NULL,'[{\"scheme\":\"https\",\"host\":\"www.stripe.com\",\"port\":\"443\",\"uri\":\"/\",\"env\":\"TEST\",\"config1\":null,\"config2\":null},{\"scheme\":\"https\",\"host\":\"www.stripe.com\",\"port\":\"443\",\"uri\":\"/\",\"env\":\"PROD\",\"config1\":null,\"config2\":null}]',_binary '\0','stripe.png','PAYMENT','[\"US\",\"CA\",\"GB\",\"AU\",\"FI\",\"DK\",\"IE\",\"NO\",\"SE\",\"ES\",\"PT\"]','creditcard');
INSERT INTO `module_configuration` (`MODULE_CONF_ID`, `DATE_CREATED`, `DATE_MODIFIED`, `UPDT_ID`, `CODE`, `DETAILS`, `CONFIGURATION`, `CUSTOM_IND`, `IMAGE`, `MODULE`, `REGIONS`, `TYPE`) VALUES (12,'2022-05-02 12:48:18','2022-05-02 12:48:18',NULL,'stripe3',NULL,'[{\"scheme\":\"https\",\"host\":\"www.stripe.com\",\"port\":\"443\",\"uri\":\"/\",\"env\":\"TEST\",\"config1\":null,\"config2\":null},{\"scheme\":\"https\",\"host\":\"www.stripe.com\",\"port\":\"443\",\"uri\":\"/\",\"env\":\"PROD\",\"config1\":null,\"config2\":null}]',_binary '\0','stripe.png','PAYMENT','[\"US\",\"CA\",\"GB\",\"AU\",\"FI\",\"DK\",\"IE\",\"NO\",\"SE\",\"ES\",\"PT\"]','creditcard');
INSERT INTO `module_configuration` (`MODULE_CONF_ID`, `DATE_CREATED`, `DATE_MODIFIED`, `UPDT_ID`, `CODE`, `DETAILS`, `CONFIGURATION`, `CUSTOM_IND`, `IMAGE`, `MODULE`, `REGIONS`, `TYPE`) VALUES (13,'2022-05-02 12:48:18','2022-05-02 12:48:18',NULL,'braintree',NULL,'[{\"scheme\":\"https\",\"host\":\"NOTREQUIRED\",\"port\":\"NOTREQUIRED\",\"uri\":\"NOTREQUIRED\",\"env\":\"TEST\",\"config1\":null,\"config2\":null},{\"scheme\":\"https\",\"host\":\"NOTREQUIRED\",\"port\":\"NOTREQUIRED\",\"uri\":\"NOTREQUIRED\",\"env\":\"PROD\",\"config1\":null,\"config2\":null}]',_binary '\0','braintree.jpg','PAYMENT','[\"US\",\"CA\",\"GB\",\"AU\",\"FI\",\"DK\",\"IE\",\"NO\",\"SE\",\"AL\",\"AD\",\"AT\",\"BY\",\"BE\",\"BG\",\"HY\",\"CY\",\"CZ\",\"FR\",\"GR\",\"IS\",\"IE\",\"IM\",\"IT\",\"PL\",\"LU\",\"CH\",\"RS\",\"SG\",\"MY\",\"HK\",\"NZ\"]','creditcard');

--
-- Table structure for table `optin`
--

DROP TABLE IF EXISTS `optin`;
/*!40101 SET @saved_cs_client     = @@character_set_client */;
 SET character_set_client = utf8mb4 ;
CREATE TABLE `optin` (
  `OPTIN_ID` bigint(20) NOT NULL,
  `CODE` varchar(255) NOT NULL,
  `DESCRIPTION` varchar(255) DEFAULT NULL,
  `END_DATE` datetime DEFAULT NULL,
  `TYPE` varchar(255) NOT NULL,
  `START_DATE` datetime DEFAULT NULL,
  `MERCHANT_ID` int(11) DEFAULT NULL,
  PRIMARY KEY (`OPTIN_ID`),
  UNIQUE KEY `UKmanlx6siq6ddf14cud40k8gw6` (`MERCHANT_ID`,`CODE`),
  CONSTRAINT `FK37xvfo4the20avv7f1e1771fh` FOREIGN KEY (`MERCHANT_ID`) REFERENCES `merchant_store` (`MERCHANT_ID`)
) ENGINE=InnoDB DEFAULT CHARSET=utf8;
/*!40101 SET character_set_client = @saved_cs_client */;

--
-- Dumping data for table `optin`
--

INSERT INTO `optin` (`OPTIN_ID`, `CODE`, `DESCRIPTION`, `END_DATE`, `TYPE`, `START_DATE`, `MERCHANT_ID`) VALUES (1,'NEWSLETTER',NULL,NULL,'NEWSLETTER',NULL,1);

--
-- Table structure for table `order_account`
--

DROP TABLE IF EXISTS `order_account`;
/*!40101 SET @saved_cs_client     = @@character_set_client */;
 SET character_set_client = utf8mb4 ;
CREATE TABLE `order_account` (
  `ORDER_ACCOUNT_ID` bigint(20) NOT NULL,
  `ORDER_ACCOUNT_BILL_DAY` int(11) NOT NULL,
  `ORDER_ACCOUNT_END_DATE` date DEFAULT NULL,
  `ORDER_ACCOUNT_START_DATE` date NOT NULL,
  `ORDER_ID` bigint(20) NOT NULL,
  PRIMARY KEY (`ORDER_ACCOUNT_ID`),
  KEY `FKi6l5isodh81m5hy8ua06hx73n` (`ORDER_ID`),
  CONSTRAINT `FKi6l5isodh81m5hy8ua06hx73n` FOREIGN KEY (`ORDER_ID`) REFERENCES `orders` (`ORDER_ID`)
) ENGINE=InnoDB DEFAULT CHARSET=utf8;
/*!40101 SET character_set_client = @saved_cs_client */;

--
-- Dumping data for table `order_account`
--


--
-- Table structure for table `order_account_product`
--

DROP TABLE IF EXISTS `order_account_product`;
/*!40101 SET @saved_cs_client     = @@character_set_client */;
 SET character_set_client = utf8mb4 ;
CREATE TABLE `order_account_product` (
  `ORDER_ACCOUNT_PRODUCT_ID` bigint(20) NOT NULL,
  `ORDER_ACCOUNT_PRODUCT_ACCNT_DT` date DEFAULT NULL,
  `ORDER_ACCOUNT_PRODUCT_END_DT` date DEFAULT NULL,
  `ORDER_ACCOUNT_PRODUCT_EOT` datetime DEFAULT NULL,
  `ORDER_ACCOUNT_PRODUCT_L_ST_DT` datetime DEFAULT NULL,
  `ORDER_ACCOUNT_PRODUCT_L_TRX_ST` int(11) NOT NULL,
  `ORDER_ACCOUNT_PRODUCT_PM_FR_TY` int(11) NOT NULL,
  `ORDER_ACCOUNT_PRODUCT_ST_DT` date NOT NULL,
  `ORDER_ACCOUNT_PRODUCT_STATUS` int(11) NOT NULL,
  `ORDER_ACCOUNT_ID` bigint(20) NOT NULL,
  `ORDER_PRODUCT_ID` bigint(20) NOT NULL,
  PRIMARY KEY (`ORDER_ACCOUNT_PRODUCT_ID`),
  KEY `FK7oxc8ygov7vd2ajt185jhiwts` (`ORDER_ACCOUNT_ID`),
  KEY `FK5kiyyb8ekqi9bfowytww8atcx` (`ORDER_PRODUCT_ID`),
  CONSTRAINT `FK5kiyyb8ekqi9bfowytww8atcx` FOREIGN KEY (`ORDER_PRODUCT_ID`) REFERENCES `order_product` (`ORDER_PRODUCT_ID`),
  CONSTRAINT `FK7oxc8ygov7vd2ajt185jhiwts` FOREIGN KEY (`ORDER_ACCOUNT_ID`) REFERENCES `order_account` (`ORDER_ACCOUNT_ID`)
) ENGINE=InnoDB DEFAULT CHARSET=utf8;
/*!40101 SET character_set_client = @saved_cs_client */;

--
-- Dumping data for table `order_account_product`
--


--
-- Table structure for table `order_attribute`
--

DROP TABLE IF EXISTS `order_attribute`;
/*!40101 SET @saved_cs_client     = @@character_set_client */;
 SET character_set_client = utf8mb4 ;
CREATE TABLE `order_attribute` (
  `ORDER_ATTRIBUTE_ID` bigint(20) NOT NULL,
  `IDENTIFIER` varchar(255) NOT NULL,
  `VALUE` varchar(255) NOT NULL,
  `ORDER_ID` bigint(20) NOT NULL,
  PRIMARY KEY (`ORDER_ATTRIBUTE_ID`),
  KEY `FK4nw5yrtgb4in6leve76bmdnua` (`ORDER_ID`),
  CONSTRAINT `FK4nw5yrtgb4in6leve76bmdnua` FOREIGN KEY (`ORDER_ID`) REFERENCES `orders` (`ORDER_ID`)
) ENGINE=InnoDB DEFAULT CHARSET=utf8;
/*!40101 SET character_set_client = @saved_cs_client */;

--
-- Dumping data for table `order_attribute`
--


--
-- Table structure for table `order_product`
--

DROP TABLE IF EXISTS `order_product`;
/*!40101 SET @saved_cs_client     = @@character_set_client */;
 SET character_set_client = utf8mb4 ;
CREATE TABLE `order_product` (
  `ORDER_PRODUCT_ID` bigint(20) NOT NULL,
  `ONETIME_CHARGE` decimal(19,2) NOT NULL,
  `PRODUCT_NAME` varchar(64) NOT NULL,
  `PRODUCT_QUANTITY` int(11) DEFAULT NULL,
  `PRODUCT_SKU` varchar(255) DEFAULT NULL,
  `ORDER_ID` bigint(20) NOT NULL,
  PRIMARY KEY (`ORDER_PRODUCT_ID`),
  KEY `FKf0sghmn59s14cxrjtrvkvi5yk` (`ORDER_ID`),
  CONSTRAINT `FKf0sghmn59s14cxrjtrvkvi5yk` FOREIGN KEY (`ORDER_ID`) REFERENCES `orders` (`ORDER_ID`)
) ENGINE=InnoDB DEFAULT CHARSET=utf8;
/*!40101 SET character_set_client = @saved_cs_client */;

--
-- Dumping data for table `order_product`
--

INSERT INTO `order_product` (`ORDER_PRODUCT_ID`, `ONETIME_CHARGE`, `PRODUCT_NAME`, `PRODUCT_QUANTITY`, `PRODUCT_SKU`, `ORDER_ID`) VALUES (1,19.99,'Product name',1,'TB12345',1);

--
-- Table structure for table `order_product_attribute`
--

DROP TABLE IF EXISTS `order_product_attribute`;
/*!40101 SET @saved_cs_client     = @@character_set_client */;
 SET character_set_client = utf8mb4 ;
CREATE TABLE `order_product_attribute` (
  `ORDER_PRODUCT_ATTRIBUTE_ID` bigint(20) NOT NULL,
  `PRODUCT_ATTRIBUTE_IS_FREE` bit(1) NOT NULL,
  `PRODUCT_ATTRIBUTE_NAME` varchar(255) DEFAULT NULL,
  `PRODUCT_ATTRIBUTE_PRICE` decimal(15,4) NOT NULL,
  `PRODUCT_ATTRIBUTE_VAL_NAME` varchar(255) DEFAULT NULL,
  `PRODUCT_ATTRIBUTE_WEIGHT` decimal(15,4) DEFAULT NULL,
  `PRODUCT_OPTION_ID` bigint(20) NOT NULL,
  `PRODUCT_OPTION_VALUE_ID` bigint(20) NOT NULL,
  `ORDER_PRODUCT_ID` bigint(20) NOT NULL,
  PRIMARY KEY (`ORDER_PRODUCT_ATTRIBUTE_ID`),
  KEY `FK7j86rvwaysbok1nuofrnmhmkx` (`ORDER_PRODUCT_ID`),
  CONSTRAINT `FK7j86rvwaysbok1nuofrnmhmkx` FOREIGN KEY (`ORDER_PRODUCT_ID`) REFERENCES `order_product` (`ORDER_PRODUCT_ID`)
) ENGINE=InnoDB DEFAULT CHARSET=utf8;
/*!40101 SET character_set_client = @saved_cs_client */;

--
-- Dumping data for table `order_product_attribute`
--


--
-- Table structure for table `order_product_download`
--

DROP TABLE IF EXISTS `order_product_download`;
/*!40101 SET @saved_cs_client     = @@character_set_client */;
 SET character_set_client = utf8mb4 ;
CREATE TABLE `order_product_download` (
  `ORDER_PRODUCT_DOWNLOAD_ID` bigint(20) NOT NULL,
  `DOWNLOAD_COUNT` int(11) NOT NULL,
  `DOWNLOAD_MAXDAYS` int(11) NOT NULL,
  `ORDER_PRODUCT_FILENAME` varchar(255) NOT NULL,
  `ORDER_PRODUCT_ID` bigint(20) NOT NULL,
  PRIMARY KEY (`ORDER_PRODUCT_DOWNLOAD_ID`),
  KEY `FKstrda0eweharld63j8pxa2o2r` (`ORDER_PRODUCT_ID`),
  CONSTRAINT `FKstrda0eweharld63j8pxa2o2r` FOREIGN KEY (`ORDER_PRODUCT_ID`) REFERENCES `order_product` (`ORDER_PRODUCT_ID`)
) ENGINE=InnoDB DEFAULT CHARSET=utf8;
/*!40101 SET character_set_client = @saved_cs_client */;

--
-- Dumping data for table `order_product_download`
--

INSERT INTO `order_product_download` (`ORDER_PRODUCT_DOWNLOAD_ID`, `DOWNLOAD_COUNT`, `DOWNLOAD_MAXDAYS`, `ORDER_PRODUCT_FILENAME`, `ORDER_PRODUCT_ID`) VALUES (1,1,31,'Your digital file name',1);

--
-- Table structure for table `order_product_price`
--

DROP TABLE IF EXISTS `order_product_price`;
/*!40101 SET @saved_cs_client     = @@character_set_client */;
 SET character_set_client = utf8mb4 ;
CREATE TABLE `order_product_price` (
  `ORDER_PRODUCT_PRICE_ID` bigint(20) NOT NULL,
  `DEFAULT_PRICE` bit(1) NOT NULL,
  `PRODUCT_PRICE` decimal(19,2) NOT NULL,
  `PRODUCT_PRICE_CODE` varchar(64) NOT NULL,
  `PRODUCT_PRICE_NAME` varchar(255) DEFAULT NULL,
  `PRODUCT_PRICE_SPECIAL` decimal(19,2) DEFAULT NULL,
  `PRD_PRICE_SPECIAL_END_DT` datetime DEFAULT NULL,
  `PRD_PRICE_SPECIAL_ST_DT` datetime DEFAULT NULL,
  `ORDER_PRODUCT_ID` bigint(20) NOT NULL,
  PRIMARY KEY (`ORDER_PRODUCT_PRICE_ID`),
  KEY `FKnkukiqxrieonyulercgnh857s` (`ORDER_PRODUCT_ID`),
  CONSTRAINT `FKnkukiqxrieonyulercgnh857s` FOREIGN KEY (`ORDER_PRODUCT_ID`) REFERENCES `order_product` (`ORDER_PRODUCT_ID`)
) ENGINE=InnoDB DEFAULT CHARSET=utf8;
/*!40101 SET character_set_client = @saved_cs_client */;

--
-- Dumping data for table `order_product_price`
--

INSERT INTO `order_product_price` (`ORDER_PRODUCT_PRICE_ID`, `DEFAULT_PRICE`, `PRODUCT_PRICE`, `PRODUCT_PRICE_CODE`, `PRODUCT_PRICE_NAME`, `PRODUCT_PRICE_SPECIAL`, `PRD_PRICE_SPECIAL_END_DT`, `PRD_PRICE_SPECIAL_ST_DT`, `ORDER_PRODUCT_ID`) VALUES (1,_binary '',19.99,'baseprice','Base Price',NULL,NULL,NULL,1);

--
-- Table structure for table `order_status_history`
--

DROP TABLE IF EXISTS `order_status_history`;
/*!40101 SET @saved_cs_client     = @@character_set_client */;
 SET character_set_client = utf8mb4 ;
CREATE TABLE `order_status_history` (
  `ORDER_STATUS_HISTORY_ID` bigint(20) NOT NULL,
  `COMMENTS` longtext,
  `CUSTOMER_NOTIFIED` int(11) DEFAULT NULL,
  `DATE_ADDED` datetime NOT NULL,
  `status` varchar(255) DEFAULT NULL,
  `ORDER_ID` bigint(20) NOT NULL,
  PRIMARY KEY (`ORDER_STATUS_HISTORY_ID`),
  KEY `FKmhghgf1xy3o0npsp8xkj6wyvq` (`ORDER_ID`),
  CONSTRAINT `FKmhghgf1xy3o0npsp8xkj6wyvq` FOREIGN KEY (`ORDER_ID`) REFERENCES `orders` (`ORDER_ID`)
) ENGINE=InnoDB DEFAULT CHARSET=utf8;
/*!40101 SET character_set_client = @saved_cs_client */;

--
-- Dumping data for table `order_status_history`
--

INSERT INTO `order_status_history` (`ORDER_STATUS_HISTORY_ID`, `COMMENTS`, `CUSTOMER_NOTIFIED`, `DATE_ADDED`, `status`, `ORDER_ID`) VALUES (1,'We received your order',1,'2022-05-10 15:30:20','ORDERED',1);

--
-- Table structure for table `order_total`
--

DROP TABLE IF EXISTS `order_total`;
/*!40101 SET @saved_cs_client     = @@character_set_client */;
 SET character_set_client = utf8mb4 ;
CREATE TABLE `order_total` (
  `ORDER_ACCOUNT_ID` bigint(20) NOT NULL,
  `MODULE` varchar(60) DEFAULT NULL,
  `CODE` varchar(255) NOT NULL,
  `ORDER_TOTAL_TYPE` varchar(255) DEFAULT NULL,
  `ORDER_VALUE_TYPE` varchar(255) DEFAULT NULL,
  `SORT_ORDER` int(11) NOT NULL,
  `TEXT` longtext,
  `TITLE` varchar(255) DEFAULT NULL,
  `VALUE` decimal(15,4) NOT NULL,
  `ORDER_ID` bigint(20) NOT NULL,
  PRIMARY KEY (`ORDER_ACCOUNT_ID`),
  KEY `FK1tfvgk5smm80efdcc8uop4he3` (`ORDER_ID`),
  CONSTRAINT `FK1tfvgk5smm80efdcc8uop4he3` FOREIGN KEY (`ORDER_ID`) REFERENCES `orders` (`ORDER_ID`)
) ENGINE=InnoDB DEFAULT CHARSET=utf8;
/*!40101 SET character_set_client = @saved_cs_client */;

--
-- Dumping data for table `order_total`
--

INSERT INTO `order_total` (`ORDER_ACCOUNT_ID`, `MODULE`, `CODE`, `ORDER_TOTAL_TYPE`, `ORDER_VALUE_TYPE`, `SORT_ORDER`, `TEXT`, `TITLE`, `VALUE`, `ORDER_ID`) VALUES (1,'summary','subtotal',NULL,'ONE_TIME',0,'Summary','Summary',19.9900,1);
INSERT INTO `order_total` (`ORDER_ACCOUNT_ID`, `MODULE`, `CODE`, `ORDER_TOTAL_TYPE`, `ORDER_VALUE_TYPE`, `SORT_ORDER`, `TEXT`, `TITLE`, `VALUE`, `ORDER_ID`) VALUES (2,'tax','tax',NULL,'ONE_TIME',1,'Tax','Tax',4.0000,1);
INSERT INTO `order_total` (`ORDER_ACCOUNT_ID`, `MODULE`, `CODE`, `ORDER_TOTAL_TYPE`, `ORDER_VALUE_TYPE`, `SORT_ORDER`, `TEXT`, `TITLE`, `VALUE`, `ORDER_ID`) VALUES (3,'total','total',NULL,'ONE_TIME',2,'Total','Total',23.9900,1);

--
-- Table structure for table `orders`
--

DROP TABLE IF EXISTS `orders`;
/*!40101 SET @saved_cs_client     = @@character_set_client */;
 SET character_set_client = utf8mb4 ;
CREATE TABLE `orders` (
  `ORDER_ID` bigint(20) NOT NULL,
  `BILLING_STREET_ADDRESS` varchar(256) DEFAULT NULL,
  `BILLING_CITY` varchar(100) DEFAULT NULL,
  `BILLING_COMPANY` varchar(100) DEFAULT NULL,
  `BILLING_FIRST_NAME` varchar(64) NOT NULL,
  `BILLING_LAST_NAME` varchar(64) NOT NULL,
  `LATITUDE` varchar(100) DEFAULT NULL,
  `LONGITUDE` varchar(100) DEFAULT NULL,
  `BILLING_POSTCODE` varchar(20) DEFAULT NULL,
  `BILLING_STATE` varchar(100) DEFAULT NULL,
  `BILLING_TELEPHONE` varchar(32) DEFAULT NULL,
  `CHANNEL` varchar(255) DEFAULT NULL,
  `CONFIRMED_ADDRESS` bit(1) DEFAULT NULL,
  `CARD_TYPE` varchar(255) DEFAULT NULL,
  `CC_CVV` varchar(255) DEFAULT NULL,
  `CC_EXPIRES` varchar(255) DEFAULT NULL,
  `CC_NUMBER` varchar(255) DEFAULT NULL,
  `CC_OWNER` varchar(255) DEFAULT NULL,
  `CURRENCY_VALUE` decimal(19,2) DEFAULT NULL,
  `CUSTOMER_AGREED` bit(1) DEFAULT NULL,
  `CUSTOMER_EMAIL_ADDRESS` varchar(50) NOT NULL,
  `CUSTOMER_ID` bigint(20) DEFAULT NULL,
  `DATE_PURCHASED` date DEFAULT NULL,
  `DELIVERY_STREET_ADDRESS` varchar(256) DEFAULT NULL,
  `DELIVERY_CITY` varchar(100) DEFAULT NULL,
  `DELIVERY_COMPANY` varchar(100) DEFAULT NULL,
  `DELIVERY_FIRST_NAME` varchar(64) DEFAULT NULL,
  `DELIVERY_LAST_NAME` varchar(64) DEFAULT NULL,
  `DELIVERY_POSTCODE` varchar(20) DEFAULT NULL,
  `DELIVERY_STATE` varchar(100) DEFAULT NULL,
  `DELIVERY_TELEPHONE` varchar(32) DEFAULT NULL,
  `IP_ADDRESS` varchar(255) DEFAULT NULL,
  `LAST_MODIFIED` datetime DEFAULT NULL,
  `LOCALE` varchar(255) DEFAULT NULL,
  `ORDER_DATE_FINISHED` datetime DEFAULT NULL,
  `ORDER_TYPE` varchar(255) DEFAULT NULL,
  `PAYMENT_MODULE_CODE` varchar(255) DEFAULT NULL,
  `PAYMENT_TYPE` varchar(255) DEFAULT NULL,
  `SHIPPING_MODULE_CODE` varchar(255) DEFAULT NULL,
  `CART_CODE` varchar(255) DEFAULT NULL,
  `ORDER_STATUS` varchar(255) DEFAULT NULL,
  `ORDER_TOTAL` decimal(19,2) DEFAULT NULL,
  `BILLING_COUNTRY_ID` int(11) NOT NULL,
  `BILLING_ZONE_ID` bigint(20) DEFAULT NULL,
  `CURRENCY_ID` bigint(20) DEFAULT NULL,
  `DELIVERY_COUNTRY_ID` int(11) DEFAULT NULL,
  `DELIVERY_ZONE_ID` bigint(20) DEFAULT NULL,
  `MERCHANTID` int(11) DEFAULT NULL,
  PRIMARY KEY (`ORDER_ID`),
  KEY `FKipesu5tupnriahutgle6xu9ed` (`BILLING_COUNTRY_ID`),
  KEY `FKit6ti99mv5uvuxqskhurv3y59` (`BILLING_ZONE_ID`),
  KEY `FKfusivmw6q3gjxnmp47n9s74qi` (`CURRENCY_ID`),
  KEY `FKnlx97vjyorunxglhy5bird06c` (`DELIVERY_COUNTRY_ID`),
  KEY `FKn9uvjl8105fsly4doo8rqnv5b` (`DELIVERY_ZONE_ID`),
  KEY `FKaodv5ffayq8x50q311o2y8m1` (`MERCHANTID`),
  CONSTRAINT `FKaodv5ffayq8x50q311o2y8m1` FOREIGN KEY (`MERCHANTID`) REFERENCES `merchant_store` (`MERCHANT_ID`),
  CONSTRAINT `FKfusivmw6q3gjxnmp47n9s74qi` FOREIGN KEY (`CURRENCY_ID`) REFERENCES `currency` (`CURRENCY_ID`),
  CONSTRAINT `FKipesu5tupnriahutgle6xu9ed` FOREIGN KEY (`BILLING_COUNTRY_ID`) REFERENCES `country` (`COUNTRY_ID`),
  CONSTRAINT `FKit6ti99mv5uvuxqskhurv3y59` FOREIGN KEY (`BILLING_ZONE_ID`) REFERENCES `zone` (`ZONE_ID`),
  CONSTRAINT `FKn9uvjl8105fsly4doo8rqnv5b` FOREIGN KEY (`DELIVERY_ZONE_ID`) REFERENCES `zone` (`ZONE_ID`),
  CONSTRAINT `FKnlx97vjyorunxglhy5bird06c` FOREIGN KEY (`DELIVERY_COUNTRY_ID`) REFERENCES `country` (`COUNTRY_ID`)
) ENGINE=InnoDB DEFAULT CHARSET=utf8;
/*!40101 SET character_set_client = @saved_cs_client */;

--
-- Dumping data for table `orders`
--

INSERT INTO `orders` (`ORDER_ID`, `BILLING_STREET_ADDRESS`, `BILLING_CITY`, `BILLING_COMPANY`, `BILLING_FIRST_NAME`, `BILLING_LAST_NAME`, `LATITUDE`, `LONGITUDE`, `BILLING_POSTCODE`, `BILLING_STATE`, `BILLING_TELEPHONE`, `CHANNEL`, `CONFIRMED_ADDRESS`, `CARD_TYPE`, `CC_CVV`, `CC_EXPIRES`, `CC_NUMBER`, `CC_OWNER`, `CURRENCY_VALUE`, `CUSTOMER_AGREED`, `CUSTOMER_EMAIL_ADDRESS`, `CUSTOMER_ID`, `DATE_PURCHASED`, `DELIVERY_STREET_ADDRESS`, `DELIVERY_CITY`, `DELIVERY_COMPANY`, `DELIVERY_FIRST_NAME`, `DELIVERY_LAST_NAME`, `DELIVERY_POSTCODE`, `DELIVERY_STATE`, `DELIVERY_TELEPHONE`, `IP_ADDRESS`, `LAST_MODIFIED`, `LOCALE`, `ORDER_DATE_FINISHED`, `ORDER_TYPE`, `PAYMENT_MODULE_CODE`, `PAYMENT_TYPE`, `SHIPPING_MODULE_CODE`, `CART_CODE`, `ORDER_STATUS`, `ORDER_TOTAL`, `BILLING_COUNTRY_ID`, `BILLING_ZONE_ID`, `CURRENCY_ID`, `DELIVERY_COUNTRY_ID`, `DELIVERY_ZONE_ID`, `MERCHANTID`) VALUES (1,'358 Du Languadoc','Boucherville','CSTI Consulting','Leonardo','DiCaprio',NULL,NULL,'J4B-8J9',NULL,NULL,NULL,_binary '\0',NULL,NULL,NULL,NULL,NULL,0.98,_binary '\0','leo@shopizer.com',1,'2022-05-10','358 Du Languadoc','Boucherville',NULL,'Leonardo','DiCaprio','J4B-8J9',NULL,NULL,'ipAddress','2022-05-10 15:30:20','en','2022-05-10 15:30:20','ORDER','paypal','PAYPAL',NULL,NULL,'DELIVERED',23.99,37,9,105,37,9,1);

--
-- Table structure for table `permission`
--

DROP TABLE IF EXISTS `permission`;
/*!40101 SET @saved_cs_client     = @@character_set_client */;
 SET character_set_client = utf8mb4 ;
CREATE TABLE `permission` (
  `PERMISSION_ID` int(11) NOT NULL,
  `DATE_CREATED` datetime DEFAULT NULL,
  `DATE_MODIFIED` datetime DEFAULT NULL,
  `UPDT_ID` varchar(60) DEFAULT NULL,
  `PERMISSION_NAME` varchar(255) DEFAULT NULL,
  PRIMARY KEY (`PERMISSION_ID`),
  UNIQUE KEY `UK_ss26hgwetkj8ms5y5jn2co4j3` (`PERMISSION_NAME`)
) ENGINE=InnoDB DEFAULT CHARSET=utf8;
/*!40101 SET character_set_client = @saved_cs_client */;

--
-- Dumping data for table `permission`
--

INSERT INTO `permission` (`PERMISSION_ID`, `DATE_CREATED`, `DATE_MODIFIED`, `UPDT_ID`, `PERMISSION_NAME`) VALUES (1,'2022-05-02 12:47:37','2022-05-02 12:47:37',NULL,'AUTH');
INSERT INTO `permission` (`PERMISSION_ID`, `DATE_CREATED`, `DATE_MODIFIED`, `UPDT_ID`, `PERMISSION_NAME`) VALUES (2,'2022-05-02 12:47:37','2022-05-02 12:47:37',NULL,'SUPERADMIN');
INSERT INTO `permission` (`PERMISSION_ID`, `DATE_CREATED`, `DATE_MODIFIED`, `UPDT_ID`, `PERMISSION_NAME`) VALUES (3,'2022-05-02 12:47:37','2022-05-02 12:47:37',NULL,'ADMIN');
INSERT INTO `permission` (`PERMISSION_ID`, `DATE_CREATED`, `DATE_MODIFIED`, `UPDT_ID`, `PERMISSION_NAME`) VALUES (4,'2022-05-02 12:47:37','2022-05-02 12:47:37',NULL,'PRODUCTS');
INSERT INTO `permission` (`PERMISSION_ID`, `DATE_CREATED`, `DATE_MODIFIED`, `UPDT_ID`, `PERMISSION_NAME`) VALUES (5,'2022-05-02 12:47:37','2022-05-02 12:47:37',NULL,'ORDER');
INSERT INTO `permission` (`PERMISSION_ID`, `DATE_CREATED`, `DATE_MODIFIED`, `UPDT_ID`, `PERMISSION_NAME`) VALUES (6,'2022-05-02 12:47:37','2022-05-02 12:47:37',NULL,'CONTENT');
INSERT INTO `permission` (`PERMISSION_ID`, `DATE_CREATED`, `DATE_MODIFIED`, `UPDT_ID`, `PERMISSION_NAME`) VALUES (7,'2022-05-02 12:47:37','2022-05-02 12:47:37',NULL,'STORE');
INSERT INTO `permission` (`PERMISSION_ID`, `DATE_CREATED`, `DATE_MODIFIED`, `UPDT_ID`, `PERMISSION_NAME`) VALUES (8,'2022-05-02 12:47:37','2022-05-02 12:47:37',NULL,'TAX');
INSERT INTO `permission` (`PERMISSION_ID`, `DATE_CREATED`, `DATE_MODIFIED`, `UPDT_ID`, `PERMISSION_NAME`) VALUES (9,'2022-05-02 12:47:37','2022-05-02 12:47:37',NULL,'PAYMENT');
INSERT INTO `permission` (`PERMISSION_ID`, `DATE_CREATED`, `DATE_MODIFIED`, `UPDT_ID`, `PERMISSION_NAME`) VALUES (10,'2022-05-02 12:47:37','2022-05-02 12:47:37',NULL,'CUSTOMER');
INSERT INTO `permission` (`PERMISSION_ID`, `DATE_CREATED`, `DATE_MODIFIED`, `UPDT_ID`, `PERMISSION_NAME`) VALUES (11,'2022-05-02 12:47:37','2022-05-02 12:47:37',NULL,'SHIPPING');
INSERT INTO `permission` (`PERMISSION_ID`, `DATE_CREATED`, `DATE_MODIFIED`, `UPDT_ID`, `PERMISSION_NAME`) VALUES (12,'2022-05-02 12:47:37','2022-05-02 12:47:37',NULL,'AUTH_CUSTOMER');

--
-- Table structure for table `permission_group`
--

DROP TABLE IF EXISTS `permission_group`;
/*!40101 SET @saved_cs_client     = @@character_set_client */;
 SET character_set_client = utf8mb4 ;
CREATE TABLE `permission_group` (
  `GROUP_ID` int(11) NOT NULL,
  `PERMISSION_ID` int(11) NOT NULL,
  PRIMARY KEY (`GROUP_ID`,`PERMISSION_ID`),
  KEY `FK77ly3khyuu40odly02d351s84` (`PERMISSION_ID`),
  CONSTRAINT `FK77ly3khyuu40odly02d351s84` FOREIGN KEY (`PERMISSION_ID`) REFERENCES `permission` (`PERMISSION_ID`),
  CONSTRAINT `FKr7ylutdgqp1nrlbhjwit6y17g` FOREIGN KEY (`GROUP_ID`) REFERENCES `sm_group` (`GROUP_ID`)
) ENGINE=InnoDB DEFAULT CHARSET=utf8;
/*!40101 SET character_set_client = @saved_cs_client */;

--
-- Dumping data for table `permission_group`
--

INSERT INTO `permission_group` (`GROUP_ID`, `PERMISSION_ID`) VALUES (1,1);
INSERT INTO `permission_group` (`GROUP_ID`, `PERMISSION_ID`) VALUES (2,1);
INSERT INTO `permission_group` (`GROUP_ID`, `PERMISSION_ID`) VALUES (3,1);
INSERT INTO `permission_group` (`GROUP_ID`, `PERMISSION_ID`) VALUES (4,1);
INSERT INTO `permission_group` (`GROUP_ID`, `PERMISSION_ID`) VALUES (5,1);
INSERT INTO `permission_group` (`GROUP_ID`, `PERMISSION_ID`) VALUES (6,1);
INSERT INTO `permission_group` (`GROUP_ID`, `PERMISSION_ID`) VALUES (7,1);
INSERT INTO `permission_group` (`GROUP_ID`, `PERMISSION_ID`) VALUES (8,1);
INSERT INTO `permission_group` (`GROUP_ID`, `PERMISSION_ID`) VALUES (1,2);
INSERT INTO `permission_group` (`GROUP_ID`, `PERMISSION_ID`) VALUES (1,3);
INSERT INTO `permission_group` (`GROUP_ID`, `PERMISSION_ID`) VALUES (2,3);
INSERT INTO `permission_group` (`GROUP_ID`, `PERMISSION_ID`) VALUES (3,3);
INSERT INTO `permission_group` (`GROUP_ID`, `PERMISSION_ID`) VALUES (1,4);
INSERT INTO `permission_group` (`GROUP_ID`, `PERMISSION_ID`) VALUES (2,4);
INSERT INTO `permission_group` (`GROUP_ID`, `PERMISSION_ID`) VALUES (3,4);
INSERT INTO `permission_group` (`GROUP_ID`, `PERMISSION_ID`) VALUES (5,4);
INSERT INTO `permission_group` (`GROUP_ID`, `PERMISSION_ID`) VALUES (1,5);
INSERT INTO `permission_group` (`GROUP_ID`, `PERMISSION_ID`) VALUES (2,5);
INSERT INTO `permission_group` (`GROUP_ID`, `PERMISSION_ID`) VALUES (3,5);
INSERT INTO `permission_group` (`GROUP_ID`, `PERMISSION_ID`) VALUES (6,5);
INSERT INTO `permission_group` (`GROUP_ID`, `PERMISSION_ID`) VALUES (1,6);
INSERT INTO `permission_group` (`GROUP_ID`, `PERMISSION_ID`) VALUES (2,6);
INSERT INTO `permission_group` (`GROUP_ID`, `PERMISSION_ID`) VALUES (3,6);
INSERT INTO `permission_group` (`GROUP_ID`, `PERMISSION_ID`) VALUES (4,6);
INSERT INTO `permission_group` (`GROUP_ID`, `PERMISSION_ID`) VALUES (7,6);
INSERT INTO `permission_group` (`GROUP_ID`, `PERMISSION_ID`) VALUES (1,7);
INSERT INTO `permission_group` (`GROUP_ID`, `PERMISSION_ID`) VALUES (2,7);
INSERT INTO `permission_group` (`GROUP_ID`, `PERMISSION_ID`) VALUES (3,7);
INSERT INTO `permission_group` (`GROUP_ID`, `PERMISSION_ID`) VALUES (4,7);
INSERT INTO `permission_group` (`GROUP_ID`, `PERMISSION_ID`) VALUES (1,8);
INSERT INTO `permission_group` (`GROUP_ID`, `PERMISSION_ID`) VALUES (2,8);
INSERT INTO `permission_group` (`GROUP_ID`, `PERMISSION_ID`) VALUES (3,8);
INSERT INTO `permission_group` (`GROUP_ID`, `PERMISSION_ID`) VALUES (4,8);
INSERT INTO `permission_group` (`GROUP_ID`, `PERMISSION_ID`) VALUES (1,9);
INSERT INTO `permission_group` (`GROUP_ID`, `PERMISSION_ID`) VALUES (2,9);
INSERT INTO `permission_group` (`GROUP_ID`, `PERMISSION_ID`) VALUES (3,9);
INSERT INTO `permission_group` (`GROUP_ID`, `PERMISSION_ID`) VALUES (4,9);
INSERT INTO `permission_group` (`GROUP_ID`, `PERMISSION_ID`) VALUES (1,10);
INSERT INTO `permission_group` (`GROUP_ID`, `PERMISSION_ID`) VALUES (2,10);
INSERT INTO `permission_group` (`GROUP_ID`, `PERMISSION_ID`) VALUES (3,10);
INSERT INTO `permission_group` (`GROUP_ID`, `PERMISSION_ID`) VALUES (4,10);
INSERT INTO `permission_group` (`GROUP_ID`, `PERMISSION_ID`) VALUES (1,11);
INSERT INTO `permission_group` (`GROUP_ID`, `PERMISSION_ID`) VALUES (2,11);
INSERT INTO `permission_group` (`GROUP_ID`, `PERMISSION_ID`) VALUES (3,11);
INSERT INTO `permission_group` (`GROUP_ID`, `PERMISSION_ID`) VALUES (4,11);
INSERT INTO `permission_group` (`GROUP_ID`, `PERMISSION_ID`) VALUES (8,12);

--
-- Table structure for table `product`
--

DROP TABLE IF EXISTS `product`;
/*!40101 SET @saved_cs_client     = @@character_set_client */;
 SET character_set_client = utf8mb4 ;
CREATE TABLE `product` (
  `PRODUCT_ID` bigint(20) NOT NULL,
  `DATE_CREATED` datetime DEFAULT NULL,
  `DATE_MODIFIED` datetime DEFAULT NULL,
  `UPDT_ID` varchar(60) DEFAULT NULL,
  `AVAILABLE` bit(1) DEFAULT NULL,
  `COND` int(11) DEFAULT NULL,
  `DATE_AVAILABLE` datetime DEFAULT NULL,
  `PREORDER` bit(1) DEFAULT NULL,
  `PRODUCT_HEIGHT` decimal(19,2) DEFAULT NULL,
  `PRODUCT_FREE` bit(1) DEFAULT NULL,
  `PRODUCT_LENGTH` decimal(19,2) DEFAULT NULL,
  `QUANTITY_ORDERED` int(11) DEFAULT NULL,
  `REVIEW_AVG` decimal(19,2) DEFAULT NULL,
  `REVIEW_COUNT` int(11) DEFAULT NULL,
  `PRODUCT_SHIP` bit(1) DEFAULT NULL,
  `PRODUCT_VIRTUAL` bit(1) DEFAULT NULL,
  `PRODUCT_WEIGHT` decimal(19,2) DEFAULT NULL,
  `PRODUCT_WIDTH` decimal(19,2) DEFAULT NULL,
  `REF_SKU` varchar(255) DEFAULT NULL,
  `RENTAL_DURATION` int(11) DEFAULT NULL,
  `RENTAL_PERIOD` int(11) DEFAULT NULL,
  `RENTAL_STATUS` int(11) DEFAULT NULL,
  `SKU` varchar(255) DEFAULT NULL,
  `SORT_ORDER` int(11) DEFAULT NULL,
  `MANUFACTURER_ID` bigint(20) DEFAULT NULL,
  `MERCHANT_ID` int(11) NOT NULL,
  `CUSTOMER_ID` bigint(20) DEFAULT NULL,
  `TAX_CLASS_ID` bigint(20) DEFAULT NULL,
  `PRODUCT_TYPE_ID` bigint(20) DEFAULT NULL,
  PRIMARY KEY (`PRODUCT_ID`),
  UNIQUE KEY `UKs8ofsn9pehdrstjg52j5qabxh` (`MERCHANT_ID`,`SKU`),
  KEY `FKra5mmrdxn3ci86hod7q1u3vu9` (`MANUFACTURER_ID`),
  KEY `FKqtt5f0aht5h7ough5rbkkcb33` (`CUSTOMER_ID`),
  KEY `FKb8oqtc3j8sqo0t8xdrne7pg69` (`TAX_CLASS_ID`),
  KEY `FKeiirvj8eu40h103fth8es1mt0` (`PRODUCT_TYPE_ID`),
  CONSTRAINT `FKb8oqtc3j8sqo0t8xdrne7pg69` FOREIGN KEY (`TAX_CLASS_ID`) REFERENCES `tax_class` (`TAX_CLASS_ID`),
  CONSTRAINT `FKeiirvj8eu40h103fth8es1mt0` FOREIGN KEY (`PRODUCT_TYPE_ID`) REFERENCES `product_type` (`PRODUCT_TYPE_ID`),
  CONSTRAINT `FKhhoq1nd9e0i4m7rt8gkh7d67h` FOREIGN KEY (`MERCHANT_ID`) REFERENCES `merchant_store` (`MERCHANT_ID`),
  CONSTRAINT `FKqtt5f0aht5h7ough5rbkkcb33` FOREIGN KEY (`CUSTOMER_ID`) REFERENCES `customer` (`CUSTOMER_ID`),
  CONSTRAINT `FKra5mmrdxn3ci86hod7q1u3vu9` FOREIGN KEY (`MANUFACTURER_ID`) REFERENCES `manufacturer` (`MANUFACTURER_ID`)
) ENGINE=InnoDB DEFAULT CHARSET=utf8;
/*!40101 SET character_set_client = @saved_cs_client */;

--
-- Dumping data for table `product`
--

INSERT INTO `product` (`PRODUCT_ID`, `DATE_CREATED`, `DATE_MODIFIED`, `UPDT_ID`, `AVAILABLE`, `COND`, `DATE_AVAILABLE`, `PREORDER`, `PRODUCT_HEIGHT`, `PRODUCT_FREE`, `PRODUCT_LENGTH`, `QUANTITY_ORDERED`, `REVIEW_AVG`, `REVIEW_COUNT`, `PRODUCT_SHIP`, `PRODUCT_VIRTUAL`, `PRODUCT_WEIGHT`, `PRODUCT_WIDTH`, `REF_SKU`, `RENTAL_DURATION`, `RENTAL_PERIOD`, `RENTAL_STATUS`, `SKU`, `SORT_ORDER`, `MANUFACTURER_ID`, `MERCHANT_ID`, `CUSTOMER_ID`, `TAX_CLASS_ID`, `PRODUCT_TYPE_ID`) VALUES (1,'2022-05-10 15:30:18','2022-05-10 17:33:56',NULL,_binary '',NULL,'2022-05-10 00:00:00',_binary '\0',10.00,_binary '\0',3.00,NULL,NULL,NULL,_binary '',_binary '',NULL,6.00,'TB12345',NULL,NULL,NULL,'TB12345',0,103,1,NULL,NULL,NULL);
INSERT INTO `product` (`PRODUCT_ID`, `DATE_CREATED`, `DATE_MODIFIED`, `UPDT_ID`, `AVAILABLE`, `COND`, `DATE_AVAILABLE`, `PREORDER`, `PRODUCT_HEIGHT`, `PRODUCT_FREE`, `PRODUCT_LENGTH`, `QUANTITY_ORDERED`, `REVIEW_AVG`, `REVIEW_COUNT`, `PRODUCT_SHIP`, `PRODUCT_VIRTUAL`, `PRODUCT_WEIGHT`, `PRODUCT_WIDTH`, `REF_SKU`, `RENTAL_DURATION`, `RENTAL_PERIOD`, `RENTAL_STATUS`, `SKU`, `SORT_ORDER`, `MANUFACTURER_ID`, `MERCHANT_ID`, `CUSTOMER_ID`, `TAX_CLASS_ID`, `PRODUCT_TYPE_ID`) VALUES (2,'2022-05-10 15:30:19','2022-05-10 17:34:43',NULL,_binary '',NULL,'2022-05-10 00:00:00',_binary '\0',4.00,_binary '\0',3.00,NULL,NULL,NULL,_binary '',_binary '',NULL,1.00,'TB2468',NULL,NULL,NULL,'TB2468',0,102,1,NULL,NULL,NULL);
INSERT INTO `product` (`PRODUCT_ID`, `DATE_CREATED`, `DATE_MODIFIED`, `UPDT_ID`, `AVAILABLE`, `COND`, `DATE_AVAILABLE`, `PREORDER`, `PRODUCT_HEIGHT`, `PRODUCT_FREE`, `PRODUCT_LENGTH`, `QUANTITY_ORDERED`, `REVIEW_AVG`, `REVIEW_COUNT`, `PRODUCT_SHIP`, `PRODUCT_VIRTUAL`, `PRODUCT_WEIGHT`, `PRODUCT_WIDTH`, `REF_SKU`, `RENTAL_DURATION`, `RENTAL_PERIOD`, `RENTAL_STATUS`, `SKU`, `SORT_ORDER`, `MANUFACTURER_ID`, `MERCHANT_ID`, `CUSTOMER_ID`, `TAX_CLASS_ID`, `PRODUCT_TYPE_ID`) VALUES (3,'2022-05-10 15:30:19','2022-05-10 17:35:36',NULL,_binary '',NULL,'2022-05-10 00:00:00',_binary '\0',4.00,_binary '\0',3.00,NULL,NULL,NULL,_binary '',_binary '',NULL,1.00,'NB1111',NULL,NULL,NULL,'NB1111',0,100,1,NULL,NULL,NULL);
INSERT INTO `product` (`PRODUCT_ID`, `DATE_CREATED`, `DATE_MODIFIED`, `UPDT_ID`, `AVAILABLE`, `COND`, `DATE_AVAILABLE`, `PREORDER`, `PRODUCT_HEIGHT`, `PRODUCT_FREE`, `PRODUCT_LENGTH`, `QUANTITY_ORDERED`, `REVIEW_AVG`, `REVIEW_COUNT`, `PRODUCT_SHIP`, `PRODUCT_VIRTUAL`, `PRODUCT_WEIGHT`, `PRODUCT_WIDTH`, `REF_SKU`, `RENTAL_DURATION`, `RENTAL_PERIOD`, `RENTAL_STATUS`, `SKU`, `SORT_ORDER`, `MANUFACTURER_ID`, `MERCHANT_ID`, `CUSTOMER_ID`, `TAX_CLASS_ID`, `PRODUCT_TYPE_ID`) VALUES (4,'2022-05-10 15:30:19','2022-05-10 17:35:59',NULL,_binary '',NULL,'2022-05-10 00:00:00',_binary '\0',4.00,_binary '\0',3.00,NULL,NULL,NULL,_binary '',_binary '',NULL,1.00,'SF333345',NULL,NULL,NULL,'SF333345',0,101,1,NULL,NULL,NULL);
INSERT INTO `product` (`PRODUCT_ID`, `DATE_CREATED`, `DATE_MODIFIED`, `UPDT_ID`, `AVAILABLE`, `COND`, `DATE_AVAILABLE`, `PREORDER`, `PRODUCT_HEIGHT`, `PRODUCT_FREE`, `PRODUCT_LENGTH`, `QUANTITY_ORDERED`, `REVIEW_AVG`, `REVIEW_COUNT`, `PRODUCT_SHIP`, `PRODUCT_VIRTUAL`, `PRODUCT_WEIGHT`, `PRODUCT_WIDTH`, `REF_SKU`, `RENTAL_DURATION`, `RENTAL_PERIOD`, `RENTAL_STATUS`, `SKU`, `SORT_ORDER`, `MANUFACTURER_ID`, `MERCHANT_ID`, `CUSTOMER_ID`, `TAX_CLASS_ID`, `PRODUCT_TYPE_ID`) VALUES (5,'2022-05-10 15:30:19','2022-05-10 17:22:47',NULL,_binary '',NULL,'2022-05-10 00:00:00',_binary '\0',4.00,_binary '\0',3.00,NULL,NULL,NULL,_binary '',_binary '',NULL,1.00,'SF333346',NULL,NULL,NULL,'SF333346',0,102,1,NULL,NULL,NULL);
INSERT INTO `product` (`PRODUCT_ID`, `DATE_CREATED`, `DATE_MODIFIED`, `UPDT_ID`, `AVAILABLE`, `COND`, `DATE_AVAILABLE`, `PREORDER`, `PRODUCT_HEIGHT`, `PRODUCT_FREE`, `PRODUCT_LENGTH`, `QUANTITY_ORDERED`, `REVIEW_AVG`, `REVIEW_COUNT`, `PRODUCT_SHIP`, `PRODUCT_VIRTUAL`, `PRODUCT_WEIGHT`, `PRODUCT_WIDTH`, `REF_SKU`, `RENTAL_DURATION`, `RENTAL_PERIOD`, `RENTAL_STATUS`, `SKU`, `SORT_ORDER`, `MANUFACTURER_ID`, `MERCHANT_ID`, `CUSTOMER_ID`, `TAX_CLASS_ID`, `PRODUCT_TYPE_ID`) VALUES (6,'2022-05-10 15:30:19','2022-05-10 15:30:19',NULL,_binary '',NULL,'2022-05-10 15:30:19',_binary '\0',4.00,_binary '\0',3.00,NULL,NULL,NULL,_binary '',_binary '\0',NULL,1.00,NULL,NULL,NULL,NULL,'LL333444',0,104,1,NULL,NULL,NULL);
INSERT INTO `product` (`PRODUCT_ID`, `DATE_CREATED`, `DATE_MODIFIED`, `UPDT_ID`, `AVAILABLE`, `COND`, `DATE_AVAILABLE`, `PREORDER`, `PRODUCT_HEIGHT`, `PRODUCT_FREE`, `PRODUCT_LENGTH`, `QUANTITY_ORDERED`, `REVIEW_AVG`, `REVIEW_COUNT`, `PRODUCT_SHIP`, `PRODUCT_VIRTUAL`, `PRODUCT_WEIGHT`, `PRODUCT_WIDTH`, `REF_SKU`, `RENTAL_DURATION`, `RENTAL_PERIOD`, `RENTAL_STATUS`, `SKU`, `SORT_ORDER`, `MANUFACTURER_ID`, `MERCHANT_ID`, `CUSTOMER_ID`, `TAX_CLASS_ID`, `PRODUCT_TYPE_ID`) VALUES (50,'2022-05-11 13:30:55','2022-05-11 13:30:55','admin@shopizer.com',_binary '',NULL,'2022-05-11 13:29:37',_binary '\0',8.00,_binary '\0',10.00,NULL,0.00,0,_binary '',_binary '\0',11.00,9.00,'117',NULL,NULL,NULL,'117',16,58,1,NULL,NULL,NULL);
INSERT INTO `product` (`PRODUCT_ID`, `DATE_CREATED`, `DATE_MODIFIED`, `UPDT_ID`, `AVAILABLE`, `COND`, `DATE_AVAILABLE`, `PREORDER`, `PRODUCT_HEIGHT`, `PRODUCT_FREE`, `PRODUCT_LENGTH`, `QUANTITY_ORDERED`, `REVIEW_AVG`, `REVIEW_COUNT`, `PRODUCT_SHIP`, `PRODUCT_VIRTUAL`, `PRODUCT_WEIGHT`, `PRODUCT_WIDTH`, `REF_SKU`, `RENTAL_DURATION`, `RENTAL_PERIOD`, `RENTAL_STATUS`, `SKU`, `SORT_ORDER`, `MANUFACTURER_ID`, `MERCHANT_ID`, `CUSTOMER_ID`, `TAX_CLASS_ID`, `PRODUCT_TYPE_ID`) VALUES (51,'2022-05-11 13:44:33','2022-05-11 13:44:33','admin@shopizer.com',_binary '',NULL,'2022-05-11 13:44:26',_binary '\0',8.00,_binary '\0',10.00,NULL,0.00,0,_binary '',_binary '\0',11.00,9.00,'118',NULL,NULL,NULL,'118',16,58,1,NULL,NULL,NULL);
INSERT INTO `product` (`PRODUCT_ID`, `DATE_CREATED`, `DATE_MODIFIED`, `UPDT_ID`, `AVAILABLE`, `COND`, `DATE_AVAILABLE`, `PREORDER`, `PRODUCT_HEIGHT`, `PRODUCT_FREE`, `PRODUCT_LENGTH`, `QUANTITY_ORDERED`, `REVIEW_AVG`, `REVIEW_COUNT`, `PRODUCT_SHIP`, `PRODUCT_VIRTUAL`, `PRODUCT_WEIGHT`, `PRODUCT_WIDTH`, `REF_SKU`, `RENTAL_DURATION`, `RENTAL_PERIOD`, `RENTAL_STATUS`, `SKU`, `SORT_ORDER`, `MANUFACTURER_ID`, `MERCHANT_ID`, `CUSTOMER_ID`, `TAX_CLASS_ID`, `PRODUCT_TYPE_ID`) VALUES (52,'2022-05-11 13:45:41','2022-05-11 13:45:41','admin@shopizer.com',_binary '',NULL,'2022-05-11 13:45:13',_binary '\0',8.00,_binary '\0',10.00,NULL,0.00,0,_binary '',_binary '\0',11.00,9.00,'119',NULL,NULL,NULL,'119',16,58,1,NULL,NULL,NULL);
INSERT INTO `product` (`PRODUCT_ID`, `DATE_CREATED`, `DATE_MODIFIED`, `UPDT_ID`, `AVAILABLE`, `COND`, `DATE_AVAILABLE`, `PREORDER`, `PRODUCT_HEIGHT`, `PRODUCT_FREE`, `PRODUCT_LENGTH`, `QUANTITY_ORDERED`, `REVIEW_AVG`, `REVIEW_COUNT`, `PRODUCT_SHIP`, `PRODUCT_VIRTUAL`, `PRODUCT_WEIGHT`, `PRODUCT_WIDTH`, `REF_SKU`, `RENTAL_DURATION`, `RENTAL_PERIOD`, `RENTAL_STATUS`, `SKU`, `SORT_ORDER`, `MANUFACTURER_ID`, `MERCHANT_ID`, `CUSTOMER_ID`, `TAX_CLASS_ID`, `PRODUCT_TYPE_ID`) VALUES (54,'2022-05-11 13:51:49','2022-05-11 13:51:49','admin@shopizer.com',_binary '',NULL,'2022-05-11 13:51:43',_binary '\0',8.00,_binary '\0',10.00,NULL,0.00,0,_binary '',_binary '\0',11.00,9.00,'120',NULL,NULL,NULL,'120',16,58,1,NULL,NULL,NULL);
INSERT INTO `product` (`PRODUCT_ID`, `DATE_CREATED`, `DATE_MODIFIED`, `UPDT_ID`, `AVAILABLE`, `COND`, `DATE_AVAILABLE`, `PREORDER`, `PRODUCT_HEIGHT`, `PRODUCT_FREE`, `PRODUCT_LENGTH`, `QUANTITY_ORDERED`, `REVIEW_AVG`, `REVIEW_COUNT`, `PRODUCT_SHIP`, `PRODUCT_VIRTUAL`, `PRODUCT_WEIGHT`, `PRODUCT_WIDTH`, `REF_SKU`, `RENTAL_DURATION`, `RENTAL_PERIOD`, `RENTAL_STATUS`, `SKU`, `SORT_ORDER`, `MANUFACTURER_ID`, `MERCHANT_ID`, `CUSTOMER_ID`, `TAX_CLASS_ID`, `PRODUCT_TYPE_ID`) VALUES (100,'2022-05-12 08:28:54','2022-05-12 08:28:54','admin@shopizer.com',_binary '',NULL,'2022-05-12 08:27:32',_binary '\0',8.00,_binary '\0',10.00,NULL,0.00,0,_binary '',_binary '\0',11.00,9.00,'121',NULL,NULL,NULL,'121',16,58,1,NULL,NULL,NULL);
INSERT INTO `product` (`PRODUCT_ID`, `DATE_CREATED`, `DATE_MODIFIED`, `UPDT_ID`, `AVAILABLE`, `COND`, `DATE_AVAILABLE`, `PREORDER`, `PRODUCT_HEIGHT`, `PRODUCT_FREE`, `PRODUCT_LENGTH`, `QUANTITY_ORDERED`, `REVIEW_AVG`, `REVIEW_COUNT`, `PRODUCT_SHIP`, `PRODUCT_VIRTUAL`, `PRODUCT_WEIGHT`, `PRODUCT_WIDTH`, `REF_SKU`, `RENTAL_DURATION`, `RENTAL_PERIOD`, `RENTAL_STATUS`, `SKU`, `SORT_ORDER`, `MANUFACTURER_ID`, `MERCHANT_ID`, `CUSTOMER_ID`, `TAX_CLASS_ID`, `PRODUCT_TYPE_ID`) VALUES (200,'2022-05-12 10:06:36','2022-05-12 10:06:36','admin@shopizer.com',_binary '',NULL,'2022-05-12 10:06:28',_binary '\0',8.00,_binary '\0',10.00,NULL,0.00,0,_binary '',_binary '\0',11.00,9.00,'122',NULL,NULL,NULL,'122',16,58,1,NULL,NULL,NULL);
INSERT INTO `product` (`PRODUCT_ID`, `DATE_CREATED`, `DATE_MODIFIED`, `UPDT_ID`, `AVAILABLE`, `COND`, `DATE_AVAILABLE`, `PREORDER`, `PRODUCT_HEIGHT`, `PRODUCT_FREE`, `PRODUCT_LENGTH`, `QUANTITY_ORDERED`, `REVIEW_AVG`, `REVIEW_COUNT`, `PRODUCT_SHIP`, `PRODUCT_VIRTUAL`, `PRODUCT_WEIGHT`, `PRODUCT_WIDTH`, `REF_SKU`, `RENTAL_DURATION`, `RENTAL_PERIOD`, `RENTAL_STATUS`, `SKU`, `SORT_ORDER`, `MANUFACTURER_ID`, `MERCHANT_ID`, `CUSTOMER_ID`, `TAX_CLASS_ID`, `PRODUCT_TYPE_ID`) VALUES (300,'2022-05-12 10:30:27','2022-05-12 10:30:27','admin@shopizer.com',_binary '',NULL,'2022-05-12 10:30:27',_binary '\0',8.00,_binary '\0',10.00,NULL,0.00,0,_binary '',_binary '\0',11.00,9.00,'124',NULL,NULL,NULL,'124',16,58,1,NULL,NULL,NULL);
INSERT INTO `product` (`PRODUCT_ID`, `DATE_CREATED`, `DATE_MODIFIED`, `UPDT_ID`, `AVAILABLE`, `COND`, `DATE_AVAILABLE`, `PREORDER`, `PRODUCT_HEIGHT`, `PRODUCT_FREE`, `PRODUCT_LENGTH`, `QUANTITY_ORDERED`, `REVIEW_AVG`, `REVIEW_COUNT`, `PRODUCT_SHIP`, `PRODUCT_VIRTUAL`, `PRODUCT_WEIGHT`, `PRODUCT_WIDTH`, `REF_SKU`, `RENTAL_DURATION`, `RENTAL_PERIOD`, `RENTAL_STATUS`, `SKU`, `SORT_ORDER`, `MANUFACTURER_ID`, `MERCHANT_ID`, `CUSTOMER_ID`, `TAX_CLASS_ID`, `PRODUCT_TYPE_ID`) VALUES (301,'2022-05-12 10:31:46','2022-05-12 10:31:46','admin@shopizer.com',_binary '',NULL,'2022-05-12 10:31:46',_binary '\0',8.00,_binary '\0',10.00,NULL,0.00,0,_binary '',_binary '\0',11.00,9.00,'125',NULL,NULL,NULL,'125',16,58,1,NULL,NULL,NULL);
INSERT INTO `product` (`PRODUCT_ID`, `DATE_CREATED`, `DATE_MODIFIED`, `UPDT_ID`, `AVAILABLE`, `COND`, `DATE_AVAILABLE`, `PREORDER`, `PRODUCT_HEIGHT`, `PRODUCT_FREE`, `PRODUCT_LENGTH`, `QUANTITY_ORDERED`, `REVIEW_AVG`, `REVIEW_COUNT`, `PRODUCT_SHIP`, `PRODUCT_VIRTUAL`, `PRODUCT_WEIGHT`, `PRODUCT_WIDTH`, `REF_SKU`, `RENTAL_DURATION`, `RENTAL_PERIOD`, `RENTAL_STATUS`, `SKU`, `SORT_ORDER`, `MANUFACTURER_ID`, `MERCHANT_ID`, `CUSTOMER_ID`, `TAX_CLASS_ID`, `PRODUCT_TYPE_ID`) VALUES (351,'2022-05-12 10:35:38','2022-05-12 10:35:38','admin@shopizer.com',_binary '',NULL,'2022-05-12 10:35:29',_binary '\0',8.00,_binary '\0',10.00,NULL,0.00,0,_binary '',_binary '\0',11.00,9.00,'126',NULL,NULL,NULL,'126',16,58,1,NULL,NULL,NULL);
INSERT INTO `product` (`PRODUCT_ID`, `DATE_CREATED`, `DATE_MODIFIED`, `UPDT_ID`, `AVAILABLE`, `COND`, `DATE_AVAILABLE`, `PREORDER`, `PRODUCT_HEIGHT`, `PRODUCT_FREE`, `PRODUCT_LENGTH`, `QUANTITY_ORDERED`, `REVIEW_AVG`, `REVIEW_COUNT`, `PRODUCT_SHIP`, `PRODUCT_VIRTUAL`, `PRODUCT_WEIGHT`, `PRODUCT_WIDTH`, `REF_SKU`, `RENTAL_DURATION`, `RENTAL_PERIOD`, `RENTAL_STATUS`, `SKU`, `SORT_ORDER`, `MANUFACTURER_ID`, `MERCHANT_ID`, `CUSTOMER_ID`, `TAX_CLASS_ID`, `PRODUCT_TYPE_ID`) VALUES (400,'2022-05-12 10:43:48','2022-05-12 10:43:48','admin@shopizer.com',_binary '',NULL,'2022-05-12 10:43:48',_binary '\0',8.00,_binary '\0',10.00,NULL,0.00,0,_binary '',_binary '\0',11.00,9.00,'127',NULL,NULL,NULL,'127',16,58,1,NULL,NULL,NULL);
INSERT INTO `product` (`PRODUCT_ID`, `DATE_CREATED`, `DATE_MODIFIED`, `UPDT_ID`, `AVAILABLE`, `COND`, `DATE_AVAILABLE`, `PREORDER`, `PRODUCT_HEIGHT`, `PRODUCT_FREE`, `PRODUCT_LENGTH`, `QUANTITY_ORDERED`, `REVIEW_AVG`, `REVIEW_COUNT`, `PRODUCT_SHIP`, `PRODUCT_VIRTUAL`, `PRODUCT_WEIGHT`, `PRODUCT_WIDTH`, `REF_SKU`, `RENTAL_DURATION`, `RENTAL_PERIOD`, `RENTAL_STATUS`, `SKU`, `SORT_ORDER`, `MANUFACTURER_ID`, `MERCHANT_ID`, `CUSTOMER_ID`, `TAX_CLASS_ID`, `PRODUCT_TYPE_ID`) VALUES (550,'2022-05-12 11:41:54','2022-05-12 11:41:54','admin@shopizer.com',_binary '',NULL,'2022-05-12 11:41:29',_binary '\0',8.00,_binary '\0',10.00,NULL,0.00,0,_binary '',_binary '\0',11.00,9.00,'132',NULL,NULL,NULL,'132',16,58,1,NULL,NULL,NULL);
INSERT INTO `product` (`PRODUCT_ID`, `DATE_CREATED`, `DATE_MODIFIED`, `UPDT_ID`, `AVAILABLE`, `COND`, `DATE_AVAILABLE`, `PREORDER`, `PRODUCT_HEIGHT`, `PRODUCT_FREE`, `PRODUCT_LENGTH`, `QUANTITY_ORDERED`, `REVIEW_AVG`, `REVIEW_COUNT`, `PRODUCT_SHIP`, `PRODUCT_VIRTUAL`, `PRODUCT_WEIGHT`, `PRODUCT_WIDTH`, `REF_SKU`, `RENTAL_DURATION`, `RENTAL_PERIOD`, `RENTAL_STATUS`, `SKU`, `SORT_ORDER`, `MANUFACTURER_ID`, `MERCHANT_ID`, `CUSTOMER_ID`, `TAX_CLASS_ID`, `PRODUCT_TYPE_ID`) VALUES (600,'2022-05-12 11:52:58','2022-05-12 11:52:58','admin@shopizer.com',_binary '',NULL,'2022-05-12 11:52:27',_binary '\0',8.00,_binary '\0',10.00,NULL,0.00,0,_binary '',_binary '\0',11.00,9.00,'134',NULL,NULL,NULL,'134',16,58,1,NULL,NULL,NULL);
INSERT INTO `product` (`PRODUCT_ID`, `DATE_CREATED`, `DATE_MODIFIED`, `UPDT_ID`, `AVAILABLE`, `COND`, `DATE_AVAILABLE`, `PREORDER`, `PRODUCT_HEIGHT`, `PRODUCT_FREE`, `PRODUCT_LENGTH`, `QUANTITY_ORDERED`, `REVIEW_AVG`, `REVIEW_COUNT`, `PRODUCT_SHIP`, `PRODUCT_VIRTUAL`, `PRODUCT_WEIGHT`, `PRODUCT_WIDTH`, `REF_SKU`, `RENTAL_DURATION`, `RENTAL_PERIOD`, `RENTAL_STATUS`, `SKU`, `SORT_ORDER`, `MANUFACTURER_ID`, `MERCHANT_ID`, `CUSTOMER_ID`, `TAX_CLASS_ID`, `PRODUCT_TYPE_ID`) VALUES (650,'2022-05-12 12:03:45','2022-05-12 12:03:45','admin@shopizer.com',_binary '',NULL,'2022-05-12 12:03:44',_binary '\0',8.00,_binary '\0',10.00,NULL,0.00,0,_binary '',_binary '\0',11.00,9.00,'138',NULL,NULL,NULL,'138',16,58,1,NULL,NULL,NULL);
INSERT INTO `product` (`PRODUCT_ID`, `DATE_CREATED`, `DATE_MODIFIED`, `UPDT_ID`, `AVAILABLE`, `COND`, `DATE_AVAILABLE`, `PREORDER`, `PRODUCT_HEIGHT`, `PRODUCT_FREE`, `PRODUCT_LENGTH`, `QUANTITY_ORDERED`, `REVIEW_AVG`, `REVIEW_COUNT`, `PRODUCT_SHIP`, `PRODUCT_VIRTUAL`, `PRODUCT_WEIGHT`, `PRODUCT_WIDTH`, `REF_SKU`, `RENTAL_DURATION`, `RENTAL_PERIOD`, `RENTAL_STATUS`, `SKU`, `SORT_ORDER`, `MANUFACTURER_ID`, `MERCHANT_ID`, `CUSTOMER_ID`, `TAX_CLASS_ID`, `PRODUCT_TYPE_ID`) VALUES (700,'2022-05-12 13:23:50','2022-05-12 13:23:50','admin@shopizer.com',_binary '',NULL,'2022-05-12 13:23:50',_binary '\0',8.00,_binary '\0',10.00,NULL,0.00,0,_binary '',_binary '\0',11.00,9.00,'139',NULL,NULL,NULL,'139',16,58,1,NULL,NULL,NULL);
INSERT INTO `product` (`PRODUCT_ID`, `DATE_CREATED`, `DATE_MODIFIED`, `UPDT_ID`, `AVAILABLE`, `COND`, `DATE_AVAILABLE`, `PREORDER`, `PRODUCT_HEIGHT`, `PRODUCT_FREE`, `PRODUCT_LENGTH`, `QUANTITY_ORDERED`, `REVIEW_AVG`, `REVIEW_COUNT`, `PRODUCT_SHIP`, `PRODUCT_VIRTUAL`, `PRODUCT_WEIGHT`, `PRODUCT_WIDTH`, `REF_SKU`, `RENTAL_DURATION`, `RENTAL_PERIOD`, `RENTAL_STATUS`, `SKU`, `SORT_ORDER`, `MANUFACTURER_ID`, `MERCHANT_ID`, `CUSTOMER_ID`, `TAX_CLASS_ID`, `PRODUCT_TYPE_ID`) VALUES (750,'2022-05-12 13:32:58','2022-05-12 13:32:58','admin@shopizer.com',_binary '',NULL,'2022-05-12 13:32:58',_binary '\0',8.00,_binary '\0',10.00,NULL,0.00,0,_binary '',_binary '\0',11.00,9.00,'140',NULL,NULL,NULL,'140',16,58,1,NULL,NULL,NULL);
INSERT INTO `product` (`PRODUCT_ID`, `DATE_CREATED`, `DATE_MODIFIED`, `UPDT_ID`, `AVAILABLE`, `COND`, `DATE_AVAILABLE`, `PREORDER`, `PRODUCT_HEIGHT`, `PRODUCT_FREE`, `PRODUCT_LENGTH`, `QUANTITY_ORDERED`, `REVIEW_AVG`, `REVIEW_COUNT`, `PRODUCT_SHIP`, `PRODUCT_VIRTUAL`, `PRODUCT_WEIGHT`, `PRODUCT_WIDTH`, `REF_SKU`, `RENTAL_DURATION`, `RENTAL_PERIOD`, `RENTAL_STATUS`, `SKU`, `SORT_ORDER`, `MANUFACTURER_ID`, `MERCHANT_ID`, `CUSTOMER_ID`, `TAX_CLASS_ID`, `PRODUCT_TYPE_ID`) VALUES (800,'2022-05-12 17:20:27','2022-05-12 17:20:27','admin@shopizer.com',_binary '',NULL,'2022-05-12 17:20:27',_binary '\0',8.00,_binary '\0',10.00,NULL,0.00,0,_binary '',_binary '\0',11.00,9.00,'143',NULL,NULL,NULL,'143',16,58,1,NULL,NULL,NULL);
INSERT INTO `product` (`PRODUCT_ID`, `DATE_CREATED`, `DATE_MODIFIED`, `UPDT_ID`, `AVAILABLE`, `COND`, `DATE_AVAILABLE`, `PREORDER`, `PRODUCT_HEIGHT`, `PRODUCT_FREE`, `PRODUCT_LENGTH`, `QUANTITY_ORDERED`, `REVIEW_AVG`, `REVIEW_COUNT`, `PRODUCT_SHIP`, `PRODUCT_VIRTUAL`, `PRODUCT_WEIGHT`, `PRODUCT_WIDTH`, `REF_SKU`, `RENTAL_DURATION`, `RENTAL_PERIOD`, `RENTAL_STATUS`, `SKU`, `SORT_ORDER`, `MANUFACTURER_ID`, `MERCHANT_ID`, `CUSTOMER_ID`, `TAX_CLASS_ID`, `PRODUCT_TYPE_ID`) VALUES (801,'2022-05-12 17:21:41','2022-05-12 17:21:41','admin@shopizer.com',_binary '',NULL,'2022-05-12 17:21:41',_binary '\0',8.00,_binary '\0',10.00,NULL,0.00,0,_binary '',_binary '\0',11.00,9.00,'145',NULL,NULL,NULL,'145',16,58,1,NULL,NULL,NULL);
INSERT INTO `product` (`PRODUCT_ID`, `DATE_CREATED`, `DATE_MODIFIED`, `UPDT_ID`, `AVAILABLE`, `COND`, `DATE_AVAILABLE`, `PREORDER`, `PRODUCT_HEIGHT`, `PRODUCT_FREE`, `PRODUCT_LENGTH`, `QUANTITY_ORDERED`, `REVIEW_AVG`, `REVIEW_COUNT`, `PRODUCT_SHIP`, `PRODUCT_VIRTUAL`, `PRODUCT_WEIGHT`, `PRODUCT_WIDTH`, `REF_SKU`, `RENTAL_DURATION`, `RENTAL_PERIOD`, `RENTAL_STATUS`, `SKU`, `SORT_ORDER`, `MANUFACTURER_ID`, `MERCHANT_ID`, `CUSTOMER_ID`, `TAX_CLASS_ID`, `PRODUCT_TYPE_ID`) VALUES (802,'2022-05-12 17:25:56','2022-05-12 17:25:56','admin@shopizer.com',_binary '',NULL,'2022-05-12 17:25:56',_binary '\0',8.00,_binary '\0',10.00,NULL,0.00,0,_binary '',_binary '\0',11.00,9.00,'147',NULL,NULL,NULL,'147',16,58,1,NULL,NULL,NULL);
INSERT INTO `product` (`PRODUCT_ID`, `DATE_CREATED`, `DATE_MODIFIED`, `UPDT_ID`, `AVAILABLE`, `COND`, `DATE_AVAILABLE`, `PREORDER`, `PRODUCT_HEIGHT`, `PRODUCT_FREE`, `PRODUCT_LENGTH`, `QUANTITY_ORDERED`, `REVIEW_AVG`, `REVIEW_COUNT`, `PRODUCT_SHIP`, `PRODUCT_VIRTUAL`, `PRODUCT_WEIGHT`, `PRODUCT_WIDTH`, `REF_SKU`, `RENTAL_DURATION`, `RENTAL_PERIOD`, `RENTAL_STATUS`, `SKU`, `SORT_ORDER`, `MANUFACTURER_ID`, `MERCHANT_ID`, `CUSTOMER_ID`, `TAX_CLASS_ID`, `PRODUCT_TYPE_ID`) VALUES (804,'2022-05-12 17:31:22','2022-05-12 17:31:22','admin@shopizer.com',_binary '',NULL,'2022-05-12 17:31:22',_binary '\0',8.00,_binary '\0',10.00,NULL,0.00,0,_binary '',_binary '\0',11.00,9.00,'149',NULL,NULL,NULL,'149',16,58,1,NULL,NULL,NULL);
INSERT INTO `product` (`PRODUCT_ID`, `DATE_CREATED`, `DATE_MODIFIED`, `UPDT_ID`, `AVAILABLE`, `COND`, `DATE_AVAILABLE`, `PREORDER`, `PRODUCT_HEIGHT`, `PRODUCT_FREE`, `PRODUCT_LENGTH`, `QUANTITY_ORDERED`, `REVIEW_AVG`, `REVIEW_COUNT`, `PRODUCT_SHIP`, `PRODUCT_VIRTUAL`, `PRODUCT_WEIGHT`, `PRODUCT_WIDTH`, `REF_SKU`, `RENTAL_DURATION`, `RENTAL_PERIOD`, `RENTAL_STATUS`, `SKU`, `SORT_ORDER`, `MANUFACTURER_ID`, `MERCHANT_ID`, `CUSTOMER_ID`, `TAX_CLASS_ID`, `PRODUCT_TYPE_ID`) VALUES (1050,'2022-05-14 14:16:00','2022-05-14 14:16:00','admin@shopizer.com',_binary '',NULL,'2022-05-14 14:15:53',_binary '\0',8.00,_binary '\0',10.00,NULL,0.00,0,_binary '',_binary '\0',11.00,9.00,'166',NULL,NULL,NULL,'166',16,58,1,NULL,NULL,NULL);
INSERT INTO `product` (`PRODUCT_ID`, `DATE_CREATED`, `DATE_MODIFIED`, `UPDT_ID`, `AVAILABLE`, `COND`, `DATE_AVAILABLE`, `PREORDER`, `PRODUCT_HEIGHT`, `PRODUCT_FREE`, `PRODUCT_LENGTH`, `QUANTITY_ORDERED`, `REVIEW_AVG`, `REVIEW_COUNT`, `PRODUCT_SHIP`, `PRODUCT_VIRTUAL`, `PRODUCT_WEIGHT`, `PRODUCT_WIDTH`, `REF_SKU`, `RENTAL_DURATION`, `RENTAL_PERIOD`, `RENTAL_STATUS`, `SKU`, `SORT_ORDER`, `MANUFACTURER_ID`, `MERCHANT_ID`, `CUSTOMER_ID`, `TAX_CLASS_ID`, `PRODUCT_TYPE_ID`) VALUES (1100,'2022-05-14 16:26:36','2022-05-14 16:26:36','admin@shopizer.com',_binary '',NULL,'2022-05-14 16:26:34',_binary '\0',8.00,_binary '\0',10.00,NULL,0.00,0,_binary '',_binary '\0',11.00,9.00,'173',NULL,NULL,NULL,'173',16,58,1,NULL,NULL,NULL);
INSERT INTO `product` (`PRODUCT_ID`, `DATE_CREATED`, `DATE_MODIFIED`, `UPDT_ID`, `AVAILABLE`, `COND`, `DATE_AVAILABLE`, `PREORDER`, `PRODUCT_HEIGHT`, `PRODUCT_FREE`, `PRODUCT_LENGTH`, `QUANTITY_ORDERED`, `REVIEW_AVG`, `REVIEW_COUNT`, `PRODUCT_SHIP`, `PRODUCT_VIRTUAL`, `PRODUCT_WEIGHT`, `PRODUCT_WIDTH`, `REF_SKU`, `RENTAL_DURATION`, `RENTAL_PERIOD`, `RENTAL_STATUS`, `SKU`, `SORT_ORDER`, `MANUFACTURER_ID`, `MERCHANT_ID`, `CUSTOMER_ID`, `TAX_CLASS_ID`, `PRODUCT_TYPE_ID`) VALUES (1150,'2022-05-14 16:52:56','2022-05-14 16:52:56','admin@shopizer.com',_binary '',NULL,'2022-05-14 16:52:54',_binary '\0',8.00,_binary '\0',10.00,NULL,0.00,0,_binary '',_binary '\0',11.00,9.00,'175',NULL,NULL,NULL,'175',16,58,1,NULL,NULL,NULL);
INSERT INTO `product` (`PRODUCT_ID`, `DATE_CREATED`, `DATE_MODIFIED`, `UPDT_ID`, `AVAILABLE`, `COND`, `DATE_AVAILABLE`, `PREORDER`, `PRODUCT_HEIGHT`, `PRODUCT_FREE`, `PRODUCT_LENGTH`, `QUANTITY_ORDERED`, `REVIEW_AVG`, `REVIEW_COUNT`, `PRODUCT_SHIP`, `PRODUCT_VIRTUAL`, `PRODUCT_WEIGHT`, `PRODUCT_WIDTH`, `REF_SKU`, `RENTAL_DURATION`, `RENTAL_PERIOD`, `RENTAL_STATUS`, `SKU`, `SORT_ORDER`, `MANUFACTURER_ID`, `MERCHANT_ID`, `CUSTOMER_ID`, `TAX_CLASS_ID`, `PRODUCT_TYPE_ID`) VALUES (1200,'2022-05-14 17:03:30','2022-05-14 17:03:30','admin@shopizer.com',_binary '',NULL,'2022-05-14 17:03:29',_binary '\0',8.00,_binary '\0',10.00,NULL,0.00,0,_binary '',_binary '\0',11.00,9.00,'176',NULL,NULL,NULL,'176',16,58,1,NULL,NULL,NULL);
INSERT INTO `product` (`PRODUCT_ID`, `DATE_CREATED`, `DATE_MODIFIED`, `UPDT_ID`, `AVAILABLE`, `COND`, `DATE_AVAILABLE`, `PREORDER`, `PRODUCT_HEIGHT`, `PRODUCT_FREE`, `PRODUCT_LENGTH`, `QUANTITY_ORDERED`, `REVIEW_AVG`, `REVIEW_COUNT`, `PRODUCT_SHIP`, `PRODUCT_VIRTUAL`, `PRODUCT_WEIGHT`, `PRODUCT_WIDTH`, `REF_SKU`, `RENTAL_DURATION`, `RENTAL_PERIOD`, `RENTAL_STATUS`, `SKU`, `SORT_ORDER`, `MANUFACTURER_ID`, `MERCHANT_ID`, `CUSTOMER_ID`, `TAX_CLASS_ID`, `PRODUCT_TYPE_ID`) VALUES (1201,'2022-05-14 17:03:35','2022-05-14 17:03:35','admin@shopizer.com',_binary '',NULL,'2022-05-14 17:03:35',_binary '\0',8.00,_binary '\0',10.00,NULL,0.00,0,_binary '',_binary '\0',11.00,9.00,'177',NULL,NULL,NULL,'177',16,58,1,NULL,NULL,NULL);
INSERT INTO `product` (`PRODUCT_ID`, `DATE_CREATED`, `DATE_MODIFIED`, `UPDT_ID`, `AVAILABLE`, `COND`, `DATE_AVAILABLE`, `PREORDER`, `PRODUCT_HEIGHT`, `PRODUCT_FREE`, `PRODUCT_LENGTH`, `QUANTITY_ORDERED`, `REVIEW_AVG`, `REVIEW_COUNT`, `PRODUCT_SHIP`, `PRODUCT_VIRTUAL`, `PRODUCT_WEIGHT`, `PRODUCT_WIDTH`, `REF_SKU`, `RENTAL_DURATION`, `RENTAL_PERIOD`, `RENTAL_STATUS`, `SKU`, `SORT_ORDER`, `MANUFACTURER_ID`, `MERCHANT_ID`, `CUSTOMER_ID`, `TAX_CLASS_ID`, `PRODUCT_TYPE_ID`) VALUES (1250,'2022-05-14 19:13:01','2022-05-14 19:13:01','admin@shopizer.com',_binary '',NULL,'2022-05-14 19:13:01',_binary '\0',8.00,_binary '\0',10.00,NULL,0.00,0,_binary '',_binary '\0',11.00,9.00,'181',NULL,NULL,NULL,'181',16,58,1,NULL,NULL,NULL);
INSERT INTO `product` (`PRODUCT_ID`, `DATE_CREATED`, `DATE_MODIFIED`, `UPDT_ID`, `AVAILABLE`, `COND`, `DATE_AVAILABLE`, `PREORDER`, `PRODUCT_HEIGHT`, `PRODUCT_FREE`, `PRODUCT_LENGTH`, `QUANTITY_ORDERED`, `REVIEW_AVG`, `REVIEW_COUNT`, `PRODUCT_SHIP`, `PRODUCT_VIRTUAL`, `PRODUCT_WEIGHT`, `PRODUCT_WIDTH`, `REF_SKU`, `RENTAL_DURATION`, `RENTAL_PERIOD`, `RENTAL_STATUS`, `SKU`, `SORT_ORDER`, `MANUFACTURER_ID`, `MERCHANT_ID`, `CUSTOMER_ID`, `TAX_CLASS_ID`, `PRODUCT_TYPE_ID`) VALUES (1300,'2022-05-14 21:23:48','2022-05-14 21:23:48','admin@shopizer.com',_binary '',NULL,'2022-05-14 21:23:48',_binary '\0',8.00,_binary '\0',10.00,NULL,0.00,0,_binary '',_binary '\0',11.00,9.00,'182',NULL,NULL,NULL,'182',16,58,1,NULL,NULL,NULL);
INSERT INTO `product` (`PRODUCT_ID`, `DATE_CREATED`, `DATE_MODIFIED`, `UPDT_ID`, `AVAILABLE`, `COND`, `DATE_AVAILABLE`, `PREORDER`, `PRODUCT_HEIGHT`, `PRODUCT_FREE`, `PRODUCT_LENGTH`, `QUANTITY_ORDERED`, `REVIEW_AVG`, `REVIEW_COUNT`, `PRODUCT_SHIP`, `PRODUCT_VIRTUAL`, `PRODUCT_WEIGHT`, `PRODUCT_WIDTH`, `REF_SKU`, `RENTAL_DURATION`, `RENTAL_PERIOD`, `RENTAL_STATUS`, `SKU`, `SORT_ORDER`, `MANUFACTURER_ID`, `MERCHANT_ID`, `CUSTOMER_ID`, `TAX_CLASS_ID`, `PRODUCT_TYPE_ID`) VALUES (1301,'2022-05-14 21:29:30','2022-05-14 21:29:30','admin@shopizer.com',_binary '',NULL,'2022-05-14 21:29:30',_binary '\0',8.00,_binary '\0',10.00,NULL,0.00,0,_binary '',_binary '\0',11.00,9.00,'183',NULL,NULL,NULL,'183',16,58,1,NULL,NULL,NULL);
INSERT INTO `product` (`PRODUCT_ID`, `DATE_CREATED`, `DATE_MODIFIED`, `UPDT_ID`, `AVAILABLE`, `COND`, `DATE_AVAILABLE`, `PREORDER`, `PRODUCT_HEIGHT`, `PRODUCT_FREE`, `PRODUCT_LENGTH`, `QUANTITY_ORDERED`, `REVIEW_AVG`, `REVIEW_COUNT`, `PRODUCT_SHIP`, `PRODUCT_VIRTUAL`, `PRODUCT_WEIGHT`, `PRODUCT_WIDTH`, `REF_SKU`, `RENTAL_DURATION`, `RENTAL_PERIOD`, `RENTAL_STATUS`, `SKU`, `SORT_ORDER`, `MANUFACTURER_ID`, `MERCHANT_ID`, `CUSTOMER_ID`, `TAX_CLASS_ID`, `PRODUCT_TYPE_ID`) VALUES (1350,'2022-05-14 21:34:01','2022-05-14 21:34:01','admin@shopizer.com',_binary '',NULL,'2022-05-14 21:34:00',_binary '\0',8.00,_binary '\0',10.00,NULL,0.00,0,_binary '',_binary '\0',11.00,9.00,'184',NULL,NULL,NULL,'184',16,58,1,NULL,NULL,NULL);
INSERT INTO `product` (`PRODUCT_ID`, `DATE_CREATED`, `DATE_MODIFIED`, `UPDT_ID`, `AVAILABLE`, `COND`, `DATE_AVAILABLE`, `PREORDER`, `PRODUCT_HEIGHT`, `PRODUCT_FREE`, `PRODUCT_LENGTH`, `QUANTITY_ORDERED`, `REVIEW_AVG`, `REVIEW_COUNT`, `PRODUCT_SHIP`, `PRODUCT_VIRTUAL`, `PRODUCT_WEIGHT`, `PRODUCT_WIDTH`, `REF_SKU`, `RENTAL_DURATION`, `RENTAL_PERIOD`, `RENTAL_STATUS`, `SKU`, `SORT_ORDER`, `MANUFACTURER_ID`, `MERCHANT_ID`, `CUSTOMER_ID`, `TAX_CLASS_ID`, `PRODUCT_TYPE_ID`) VALUES (1550,'2022-05-14 22:06:44','2022-05-14 22:06:44','admin@shopizer.com',_binary '',NULL,'2022-05-14 22:06:44',_binary '\0',8.00,_binary '\0',10.00,NULL,0.00,0,_binary '',_binary '\0',11.00,9.00,'188',NULL,NULL,NULL,'188',16,58,1,NULL,NULL,NULL);
INSERT INTO `product` (`PRODUCT_ID`, `DATE_CREATED`, `DATE_MODIFIED`, `UPDT_ID`, `AVAILABLE`, `COND`, `DATE_AVAILABLE`, `PREORDER`, `PRODUCT_HEIGHT`, `PRODUCT_FREE`, `PRODUCT_LENGTH`, `QUANTITY_ORDERED`, `REVIEW_AVG`, `REVIEW_COUNT`, `PRODUCT_SHIP`, `PRODUCT_VIRTUAL`, `PRODUCT_WEIGHT`, `PRODUCT_WIDTH`, `REF_SKU`, `RENTAL_DURATION`, `RENTAL_PERIOD`, `RENTAL_STATUS`, `SKU`, `SORT_ORDER`, `MANUFACTURER_ID`, `MERCHANT_ID`, `CUSTOMER_ID`, `TAX_CLASS_ID`, `PRODUCT_TYPE_ID`) VALUES (1800,'2022-05-14 23:29:45','2022-05-14 23:29:45','admin@shopizer.com',_binary '',NULL,'2022-05-14 23:29:45',_binary '\0',8.00,_binary '\0',10.00,NULL,0.00,0,_binary '',_binary '\0',11.00,9.00,'193',NULL,NULL,NULL,'193',16,58,1,NULL,NULL,NULL);
INSERT INTO `product` (`PRODUCT_ID`, `DATE_CREATED`, `DATE_MODIFIED`, `UPDT_ID`, `AVAILABLE`, `COND`, `DATE_AVAILABLE`, `PREORDER`, `PRODUCT_HEIGHT`, `PRODUCT_FREE`, `PRODUCT_LENGTH`, `QUANTITY_ORDERED`, `REVIEW_AVG`, `REVIEW_COUNT`, `PRODUCT_SHIP`, `PRODUCT_VIRTUAL`, `PRODUCT_WEIGHT`, `PRODUCT_WIDTH`, `REF_SKU`, `RENTAL_DURATION`, `RENTAL_PERIOD`, `RENTAL_STATUS`, `SKU`, `SORT_ORDER`, `MANUFACTURER_ID`, `MERCHANT_ID`, `CUSTOMER_ID`, `TAX_CLASS_ID`, `PRODUCT_TYPE_ID`) VALUES (1802,'2022-05-15 12:34:01','2022-05-15 12:34:01','admin@shopizer.com',_binary '',NULL,'2022-05-15 12:34:01',_binary '\0',8.00,_binary '\0',10.00,NULL,0.00,0,_binary '',_binary '\0',0.00,9.00,'194',NULL,NULL,NULL,'194',16,58,1,NULL,NULL,NULL);
INSERT INTO `product` (`PRODUCT_ID`, `DATE_CREATED`, `DATE_MODIFIED`, `UPDT_ID`, `AVAILABLE`, `COND`, `DATE_AVAILABLE`, `PREORDER`, `PRODUCT_HEIGHT`, `PRODUCT_FREE`, `PRODUCT_LENGTH`, `QUANTITY_ORDERED`, `REVIEW_AVG`, `REVIEW_COUNT`, `PRODUCT_SHIP`, `PRODUCT_VIRTUAL`, `PRODUCT_WEIGHT`, `PRODUCT_WIDTH`, `REF_SKU`, `RENTAL_DURATION`, `RENTAL_PERIOD`, `RENTAL_STATUS`, `SKU`, `SORT_ORDER`, `MANUFACTURER_ID`, `MERCHANT_ID`, `CUSTOMER_ID`, `TAX_CLASS_ID`, `PRODUCT_TYPE_ID`) VALUES (1850,'2022-05-15 14:56:55','2022-05-17 12:46:06','admin@shopizer.com',_binary '',NULL,'2022-05-15 00:00:00',_binary '\0',8.00,_binary '\0',10.00,NULL,0.00,0,_binary '',_binary '',0.00,0.00,'198',NULL,NULL,NULL,'198',16,58,1,NULL,NULL,50);
INSERT INTO `product` (`PRODUCT_ID`, `DATE_CREATED`, `DATE_MODIFIED`, `UPDT_ID`, `AVAILABLE`, `COND`, `DATE_AVAILABLE`, `PREORDER`, `PRODUCT_HEIGHT`, `PRODUCT_FREE`, `PRODUCT_LENGTH`, `QUANTITY_ORDERED`, `REVIEW_AVG`, `REVIEW_COUNT`, `PRODUCT_SHIP`, `PRODUCT_VIRTUAL`, `PRODUCT_WEIGHT`, `PRODUCT_WIDTH`, `REF_SKU`, `RENTAL_DURATION`, `RENTAL_PERIOD`, `RENTAL_STATUS`, `SKU`, `SORT_ORDER`, `MANUFACTURER_ID`, `MERCHANT_ID`, `CUSTOMER_ID`, `TAX_CLASS_ID`, `PRODUCT_TYPE_ID`) VALUES (1851,'2022-05-15 14:57:32','2022-05-15 14:57:32','admin@shopizer.com',_binary '',NULL,'2022-05-15 14:57:32',_binary '\0',8.00,_binary '\0',10.00,NULL,0.00,0,_binary '',_binary '\0',0.00,0.00,'199',NULL,NULL,NULL,'199',16,58,1,NULL,NULL,NULL);
INSERT INTO `product` (`PRODUCT_ID`, `DATE_CREATED`, `DATE_MODIFIED`, `UPDT_ID`, `AVAILABLE`, `COND`, `DATE_AVAILABLE`, `PREORDER`, `PRODUCT_HEIGHT`, `PRODUCT_FREE`, `PRODUCT_LENGTH`, `QUANTITY_ORDERED`, `REVIEW_AVG`, `REVIEW_COUNT`, `PRODUCT_SHIP`, `PRODUCT_VIRTUAL`, `PRODUCT_WEIGHT`, `PRODUCT_WIDTH`, `REF_SKU`, `RENTAL_DURATION`, `RENTAL_PERIOD`, `RENTAL_STATUS`, `SKU`, `SORT_ORDER`, `MANUFACTURER_ID`, `MERCHANT_ID`, `CUSTOMER_ID`, `TAX_CLASS_ID`, `PRODUCT_TYPE_ID`) VALUES (1904,'2022-05-15 15:06:46','2022-05-15 15:06:46','admin@shopizer.com',_binary '',NULL,'2022-05-15 15:06:46',_binary '\0',8.00,_binary '\0',10.00,NULL,0.00,0,_binary '',_binary '\0',0.00,0.00,'205',NULL,NULL,NULL,'205',16,58,1,NULL,NULL,NULL);
INSERT INTO `product` (`PRODUCT_ID`, `DATE_CREATED`, `DATE_MODIFIED`, `UPDT_ID`, `AVAILABLE`, `COND`, `DATE_AVAILABLE`, `PREORDER`, `PRODUCT_HEIGHT`, `PRODUCT_FREE`, `PRODUCT_LENGTH`, `QUANTITY_ORDERED`, `REVIEW_AVG`, `REVIEW_COUNT`, `PRODUCT_SHIP`, `PRODUCT_VIRTUAL`, `PRODUCT_WEIGHT`, `PRODUCT_WIDTH`, `REF_SKU`, `RENTAL_DURATION`, `RENTAL_PERIOD`, `RENTAL_STATUS`, `SKU`, `SORT_ORDER`, `MANUFACTURER_ID`, `MERCHANT_ID`, `CUSTOMER_ID`, `TAX_CLASS_ID`, `PRODUCT_TYPE_ID`) VALUES (1905,'2022-05-15 15:06:50','2022-05-15 15:06:50','admin@shopizer.com',_binary '',NULL,'2022-05-15 15:06:50',_binary '\0',8.00,_binary '\0',10.00,NULL,0.00,0,_binary '',_binary '\0',0.00,0.00,'206',NULL,NULL,NULL,'206',16,58,1,NULL,NULL,NULL);
INSERT INTO `product` (`PRODUCT_ID`, `DATE_CREATED`, `DATE_MODIFIED`, `UPDT_ID`, `AVAILABLE`, `COND`, `DATE_AVAILABLE`, `PREORDER`, `PRODUCT_HEIGHT`, `PRODUCT_FREE`, `PRODUCT_LENGTH`, `QUANTITY_ORDERED`, `REVIEW_AVG`, `REVIEW_COUNT`, `PRODUCT_SHIP`, `PRODUCT_VIRTUAL`, `PRODUCT_WEIGHT`, `PRODUCT_WIDTH`, `REF_SKU`, `RENTAL_DURATION`, `RENTAL_PERIOD`, `RENTAL_STATUS`, `SKU`, `SORT_ORDER`, `MANUFACTURER_ID`, `MERCHANT_ID`, `CUSTOMER_ID`, `TAX_CLASS_ID`, `PRODUCT_TYPE_ID`) VALUES (1953,'2022-05-18 22:15:40','2022-05-18 22:15:40','admin@shopizer.com',_binary '',NULL,'2022-05-18 22:15:40',_binary '\0',8.00,_binary '\0',0.00,NULL,0.00,0,_binary '',_binary '\0',10.00,9.00,'B4',NULL,NULL,NULL,'B4',4,58,1,NULL,NULL,NULL);
INSERT INTO `product` (`PRODUCT_ID`, `DATE_CREATED`, `DATE_MODIFIED`, `UPDT_ID`, `AVAILABLE`, `COND`, `DATE_AVAILABLE`, `PREORDER`, `PRODUCT_HEIGHT`, `PRODUCT_FREE`, `PRODUCT_LENGTH`, `QUANTITY_ORDERED`, `REVIEW_AVG`, `REVIEW_COUNT`, `PRODUCT_SHIP`, `PRODUCT_VIRTUAL`, `PRODUCT_WEIGHT`, `PRODUCT_WIDTH`, `REF_SKU`, `RENTAL_DURATION`, `RENTAL_PERIOD`, `RENTAL_STATUS`, `SKU`, `SORT_ORDER`, `MANUFACTURER_ID`, `MERCHANT_ID`, `CUSTOMER_ID`, `TAX_CLASS_ID`, `PRODUCT_TYPE_ID`) VALUES (1954,'2022-05-18 22:19:25','2022-05-18 22:19:25','admin@shopizer.com',_binary '',NULL,'2022-05-18 22:19:25',_binary '\0',8.00,_binary '\0',12.00,NULL,0.00,0,_binary '',_binary '\0',10.00,9.00,'B5',NULL,NULL,NULL,'B5',4,58,1,NULL,NULL,NULL);
INSERT INTO `product` (`PRODUCT_ID`, `DATE_CREATED`, `DATE_MODIFIED`, `UPDT_ID`, `AVAILABLE`, `COND`, `DATE_AVAILABLE`, `PREORDER`, `PRODUCT_HEIGHT`, `PRODUCT_FREE`, `PRODUCT_LENGTH`, `QUANTITY_ORDERED`, `REVIEW_AVG`, `REVIEW_COUNT`, `PRODUCT_SHIP`, `PRODUCT_VIRTUAL`, `PRODUCT_WEIGHT`, `PRODUCT_WIDTH`, `REF_SKU`, `RENTAL_DURATION`, `RENTAL_PERIOD`, `RENTAL_STATUS`, `SKU`, `SORT_ORDER`, `MANUFACTURER_ID`, `MERCHANT_ID`, `CUSTOMER_ID`, `TAX_CLASS_ID`, `PRODUCT_TYPE_ID`) VALUES (1955,'2022-05-18 22:30:34','2022-05-18 22:30:34','admin@shopizer.com',_binary '',NULL,'2022-05-18 22:30:34',_binary '\0',8.00,_binary '\0',12.00,NULL,0.00,0,_binary '',_binary '\0',10.00,9.00,'B6',NULL,NULL,NULL,'B6',4,58,1,NULL,NULL,NULL);
INSERT INTO `product` (`PRODUCT_ID`, `DATE_CREATED`, `DATE_MODIFIED`, `UPDT_ID`, `AVAILABLE`, `COND`, `DATE_AVAILABLE`, `PREORDER`, `PRODUCT_HEIGHT`, `PRODUCT_FREE`, `PRODUCT_LENGTH`, `QUANTITY_ORDERED`, `REVIEW_AVG`, `REVIEW_COUNT`, `PRODUCT_SHIP`, `PRODUCT_VIRTUAL`, `PRODUCT_WEIGHT`, `PRODUCT_WIDTH`, `REF_SKU`, `RENTAL_DURATION`, `RENTAL_PERIOD`, `RENTAL_STATUS`, `SKU`, `SORT_ORDER`, `MANUFACTURER_ID`, `MERCHANT_ID`, `CUSTOMER_ID`, `TAX_CLASS_ID`, `PRODUCT_TYPE_ID`) VALUES (2000,'2022-05-18 22:48:39','2022-05-18 22:48:39','admin@shopizer.com',_binary '',NULL,'2022-05-18 22:48:39',_binary '\0',8.00,_binary '\0',12.00,NULL,0.00,0,_binary '',_binary '\0',10.00,9.00,'B7',NULL,NULL,NULL,'B7',4,58,1,NULL,NULL,NULL);
INSERT INTO `product` (`PRODUCT_ID`, `DATE_CREATED`, `DATE_MODIFIED`, `UPDT_ID`, `AVAILABLE`, `COND`, `DATE_AVAILABLE`, `PREORDER`, `PRODUCT_HEIGHT`, `PRODUCT_FREE`, `PRODUCT_LENGTH`, `QUANTITY_ORDERED`, `REVIEW_AVG`, `REVIEW_COUNT`, `PRODUCT_SHIP`, `PRODUCT_VIRTUAL`, `PRODUCT_WEIGHT`, `PRODUCT_WIDTH`, `REF_SKU`, `RENTAL_DURATION`, `RENTAL_PERIOD`, `RENTAL_STATUS`, `SKU`, `SORT_ORDER`, `MANUFACTURER_ID`, `MERCHANT_ID`, `CUSTOMER_ID`, `TAX_CLASS_ID`, `PRODUCT_TYPE_ID`) VALUES (2001,'2022-05-18 22:52:33','2022-05-18 22:52:33','admin@shopizer.com',_binary '',NULL,'2022-05-18 22:51:39',_binary '\0',8.00,_binary '\0',12.00,NULL,0.00,0,_binary '',_binary '\0',10.00,9.00,'B8',NULL,NULL,NULL,'B8',4,58,1,NULL,NULL,NULL);
INSERT INTO `product` (`PRODUCT_ID`, `DATE_CREATED`, `DATE_MODIFIED`, `UPDT_ID`, `AVAILABLE`, `COND`, `DATE_AVAILABLE`, `PREORDER`, `PRODUCT_HEIGHT`, `PRODUCT_FREE`, `PRODUCT_LENGTH`, `QUANTITY_ORDERED`, `REVIEW_AVG`, `REVIEW_COUNT`, `PRODUCT_SHIP`, `PRODUCT_VIRTUAL`, `PRODUCT_WEIGHT`, `PRODUCT_WIDTH`, `REF_SKU`, `RENTAL_DURATION`, `RENTAL_PERIOD`, `RENTAL_STATUS`, `SKU`, `SORT_ORDER`, `MANUFACTURER_ID`, `MERCHANT_ID`, `CUSTOMER_ID`, `TAX_CLASS_ID`, `PRODUCT_TYPE_ID`) VALUES (2002,'2022-05-18 22:58:04','2022-05-18 22:58:04','admin@shopizer.com',_binary '',NULL,'2022-05-18 22:53:40',_binary '\0',8.00,_binary '\0',12.00,NULL,0.00,0,_binary '',_binary '\0',10.00,9.00,'B9',NULL,NULL,NULL,'B9',4,58,1,NULL,NULL,NULL);
INSERT INTO `product` (`PRODUCT_ID`, `DATE_CREATED`, `DATE_MODIFIED`, `UPDT_ID`, `AVAILABLE`, `COND`, `DATE_AVAILABLE`, `PREORDER`, `PRODUCT_HEIGHT`, `PRODUCT_FREE`, `PRODUCT_LENGTH`, `QUANTITY_ORDERED`, `REVIEW_AVG`, `REVIEW_COUNT`, `PRODUCT_SHIP`, `PRODUCT_VIRTUAL`, `PRODUCT_WEIGHT`, `PRODUCT_WIDTH`, `REF_SKU`, `RENTAL_DURATION`, `RENTAL_PERIOD`, `RENTAL_STATUS`, `SKU`, `SORT_ORDER`, `MANUFACTURER_ID`, `MERCHANT_ID`, `CUSTOMER_ID`, `TAX_CLASS_ID`, `PRODUCT_TYPE_ID`) VALUES (2004,'2022-05-18 22:59:40','2022-05-18 22:59:40','admin@shopizer.com',_binary '',NULL,'2022-05-18 22:59:38',_binary '\0',8.00,_binary '\0',12.00,NULL,0.00,0,_binary '',_binary '\0',10.00,9.00,'C1',NULL,NULL,NULL,'C1',4,58,1,NULL,NULL,NULL);
INSERT INTO `product` (`PRODUCT_ID`, `DATE_CREATED`, `DATE_MODIFIED`, `UPDT_ID`, `AVAILABLE`, `COND`, `DATE_AVAILABLE`, `PREORDER`, `PRODUCT_HEIGHT`, `PRODUCT_FREE`, `PRODUCT_LENGTH`, `QUANTITY_ORDERED`, `REVIEW_AVG`, `REVIEW_COUNT`, `PRODUCT_SHIP`, `PRODUCT_VIRTUAL`, `PRODUCT_WEIGHT`, `PRODUCT_WIDTH`, `REF_SKU`, `RENTAL_DURATION`, `RENTAL_PERIOD`, `RENTAL_STATUS`, `SKU`, `SORT_ORDER`, `MANUFACTURER_ID`, `MERCHANT_ID`, `CUSTOMER_ID`, `TAX_CLASS_ID`, `PRODUCT_TYPE_ID`) VALUES (2005,'2022-05-19 08:34:09','2022-05-19 08:34:09','admin@shopizer.com',_binary '',NULL,'2022-05-19 08:34:07',_binary '\0',8.00,_binary '\0',12.00,NULL,0.00,0,_binary '',_binary '\0',10.00,9.00,'C1-S1',NULL,NULL,NULL,'C1-S1',4,58,1,NULL,NULL,NULL);

--
-- Table structure for table `product_attribute`
--

DROP TABLE IF EXISTS `product_attribute`;
/*!40101 SET @saved_cs_client     = @@character_set_client */;
 SET character_set_client = utf8mb4 ;
CREATE TABLE `product_attribute` (
  `PRODUCT_ATTRIBUTE_ID` bigint(20) NOT NULL,
  `PRODUCT_ATTRIBUTE_DEFAULT` bit(1) DEFAULT NULL,
  `PRODUCT_ATTRIBUTE_DISCOUNTED` bit(1) DEFAULT NULL,
  `PRODUCT_ATTRIBUTE_FOR_DISP` bit(1) DEFAULT NULL,
  `PRODUCT_ATTRIBUTE_REQUIRED` bit(1) DEFAULT NULL,
  `PRODUCT_ATTRIBUTE_FREE` bit(1) DEFAULT NULL,
  `PRODUCT_ATRIBUTE_PRICE` decimal(19,2) DEFAULT NULL,
  `PRODUCT_ATTRIBUTE_WEIGHT` decimal(19,2) DEFAULT NULL,
  `PRODUCT_ATTRIBUTE_SORT_ORD` int(11) DEFAULT NULL,
  `PRODUCT_ID` bigint(20) NOT NULL,
  `OPTION_ID` bigint(20) NOT NULL,
  `OPTION_VALUE_ID` bigint(20) NOT NULL,
  PRIMARY KEY (`PRODUCT_ATTRIBUTE_ID`),
  UNIQUE KEY `UKo0c6cfxcfejwfa2877gfgpuco` (`OPTION_ID`,`OPTION_VALUE_ID`,`PRODUCT_ID`),
  KEY `FKml3nvemdjya159a7669qt1gjd` (`PRODUCT_ID`),
  KEY `FK3rleultg9fn2dxruefbb18d5t` (`OPTION_VALUE_ID`),
  CONSTRAINT `FK2st60u9twmvvaowwn88mt3lrx` FOREIGN KEY (`OPTION_ID`) REFERENCES `product_option` (`PRODUCT_OPTION_ID`),
  CONSTRAINT `FK3rleultg9fn2dxruefbb18d5t` FOREIGN KEY (`OPTION_VALUE_ID`) REFERENCES `product_option_value` (`PRODUCT_OPTION_VALUE_ID`),
  CONSTRAINT `FKml3nvemdjya159a7669qt1gjd` FOREIGN KEY (`PRODUCT_ID`) REFERENCES `product` (`PRODUCT_ID`)
) ENGINE=InnoDB DEFAULT CHARSET=utf8;
/*!40101 SET character_set_client = @saved_cs_client */;

--
-- Dumping data for table `product_attribute`
--

INSERT INTO `product_attribute` (`PRODUCT_ATTRIBUTE_ID`, `PRODUCT_ATTRIBUTE_DEFAULT`, `PRODUCT_ATTRIBUTE_DISCOUNTED`, `PRODUCT_ATTRIBUTE_FOR_DISP`, `PRODUCT_ATTRIBUTE_REQUIRED`, `PRODUCT_ATTRIBUTE_FREE`, `PRODUCT_ATRIBUTE_PRICE`, `PRODUCT_ATTRIBUTE_WEIGHT`, `PRODUCT_ATTRIBUTE_SORT_ORD`, `PRODUCT_ID`, `OPTION_ID`, `OPTION_VALUE_ID`) VALUES (1,_binary '\0',_binary '\0',_binary '\0',_binary '\0',_binary '\0',101.00,0.00,NULL,1850,1,11);
INSERT INTO `product_attribute` (`PRODUCT_ATTRIBUTE_ID`, `PRODUCT_ATTRIBUTE_DEFAULT`, `PRODUCT_ATTRIBUTE_DISCOUNTED`, `PRODUCT_ATTRIBUTE_FOR_DISP`, `PRODUCT_ATTRIBUTE_REQUIRED`, `PRODUCT_ATTRIBUTE_FREE`, `PRODUCT_ATRIBUTE_PRICE`, `PRODUCT_ATTRIBUTE_WEIGHT`, `PRODUCT_ATTRIBUTE_SORT_ORD`, `PRODUCT_ID`, `OPTION_ID`, `OPTION_VALUE_ID`) VALUES (50,_binary '\0',_binary '\0',_binary '\0',_binary '\0',_binary '\0',11.00,0.00,NULL,1850,1,13);

--
-- Table structure for table `product_availability`
--

DROP TABLE IF EXISTS `product_availability`;
/*!40101 SET @saved_cs_client     = @@character_set_client */;
 SET character_set_client = utf8mb4 ;
CREATE TABLE `product_availability` (
  `PRODUCT_AVAIL_ID` bigint(20) NOT NULL,
  `DATE_CREATED` datetime DEFAULT NULL,
  `DATE_MODIFIED` datetime DEFAULT NULL,
  `UPDT_ID` varchar(60) DEFAULT NULL,
  `AVAILABLE` bit(1) DEFAULT NULL,
  `HEIGHT` decimal(19,2) DEFAULT NULL,
  `LENGTH` decimal(19,2) DEFAULT NULL,
  `WEIGHT` decimal(19,2) DEFAULT NULL,
  `WIDTH` decimal(19,2) DEFAULT NULL,
  `OWNER` varchar(255) DEFAULT NULL,
  `DATE_AVAILABLE` date DEFAULT NULL,
  `FREE_SHIPPING` bit(1) DEFAULT NULL,
  `QUANTITY` int(11) DEFAULT NULL,
  `QUANTITY_ORD_MAX` int(11) DEFAULT NULL,
  `QUANTITY_ORD_MIN` int(11) DEFAULT NULL,
  `STATUS` bit(1) DEFAULT NULL,
  `REGION` varchar(255) DEFAULT NULL,
  `REGION_VARIANT` varchar(255) DEFAULT NULL,
  `SKU` varchar(255) DEFAULT NULL,
  `MERCHANT_ID` int(11) DEFAULT NULL,
  `PRODUCT_ID` bigint(20) NOT NULL,
  PRIMARY KEY (`PRODUCT_AVAIL_ID`),
  KEY `FKmjs1xqdsgji88j5uduj83bntl` (`MERCHANT_ID`),
  KEY `FK5sbh4dx25pmjcqx958hr9ys8h` (`PRODUCT_ID`),
  CONSTRAINT `FK5sbh4dx25pmjcqx958hr9ys8h` FOREIGN KEY (`PRODUCT_ID`) REFERENCES `product` (`PRODUCT_ID`),
  CONSTRAINT `FKmjs1xqdsgji88j5uduj83bntl` FOREIGN KEY (`MERCHANT_ID`) REFERENCES `merchant_store` (`MERCHANT_ID`)
) ENGINE=InnoDB DEFAULT CHARSET=utf8;
/*!40101 SET character_set_client = @saved_cs_client */;

--
-- Dumping data for table `product_availability`
--

INSERT INTO `product_availability` (`PRODUCT_AVAIL_ID`, `DATE_CREATED`, `DATE_MODIFIED`, `UPDT_ID`, `AVAILABLE`, `HEIGHT`, `LENGTH`, `WEIGHT`, `WIDTH`, `OWNER`, `DATE_AVAILABLE`, `FREE_SHIPPING`, `QUANTITY`, `QUANTITY_ORD_MAX`, `QUANTITY_ORD_MIN`, `STATUS`, `REGION`, `REGION_VARIANT`, `SKU`, `MERCHANT_ID`, `PRODUCT_ID`) VALUES (1,NULL,NULL,NULL,NULL,NULL,NULL,NULL,NULL,NULL,'2022-05-10',_binary '\0',100,0,0,_binary '','*',NULL,NULL,NULL,1);
INSERT INTO `product_availability` (`PRODUCT_AVAIL_ID`, `DATE_CREATED`, `DATE_MODIFIED`, `UPDT_ID`, `AVAILABLE`, `HEIGHT`, `LENGTH`, `WEIGHT`, `WIDTH`, `OWNER`, `DATE_AVAILABLE`, `FREE_SHIPPING`, `QUANTITY`, `QUANTITY_ORD_MAX`, `QUANTITY_ORD_MIN`, `STATUS`, `REGION`, `REGION_VARIANT`, `SKU`, `MERCHANT_ID`, `PRODUCT_ID`) VALUES (2,NULL,NULL,NULL,NULL,NULL,NULL,NULL,NULL,NULL,'2022-05-10',_binary '\0',100,0,0,_binary '','*',NULL,NULL,NULL,2);
INSERT INTO `product_availability` (`PRODUCT_AVAIL_ID`, `DATE_CREATED`, `DATE_MODIFIED`, `UPDT_ID`, `AVAILABLE`, `HEIGHT`, `LENGTH`, `WEIGHT`, `WIDTH`, `OWNER`, `DATE_AVAILABLE`, `FREE_SHIPPING`, `QUANTITY`, `QUANTITY_ORD_MAX`, `QUANTITY_ORD_MIN`, `STATUS`, `REGION`, `REGION_VARIANT`, `SKU`, `MERCHANT_ID`, `PRODUCT_ID`) VALUES (3,NULL,NULL,NULL,NULL,NULL,NULL,NULL,NULL,NULL,'2022-05-10',_binary '\0',100,0,0,_binary '','*',NULL,NULL,NULL,3);
INSERT INTO `product_availability` (`PRODUCT_AVAIL_ID`, `DATE_CREATED`, `DATE_MODIFIED`, `UPDT_ID`, `AVAILABLE`, `HEIGHT`, `LENGTH`, `WEIGHT`, `WIDTH`, `OWNER`, `DATE_AVAILABLE`, `FREE_SHIPPING`, `QUANTITY`, `QUANTITY_ORD_MAX`, `QUANTITY_ORD_MIN`, `STATUS`, `REGION`, `REGION_VARIANT`, `SKU`, `MERCHANT_ID`, `PRODUCT_ID`) VALUES (4,NULL,NULL,NULL,NULL,NULL,NULL,NULL,NULL,NULL,'2022-05-10',_binary '\0',100,0,0,_binary '','*',NULL,NULL,NULL,4);
INSERT INTO `product_availability` (`PRODUCT_AVAIL_ID`, `DATE_CREATED`, `DATE_MODIFIED`, `UPDT_ID`, `AVAILABLE`, `HEIGHT`, `LENGTH`, `WEIGHT`, `WIDTH`, `OWNER`, `DATE_AVAILABLE`, `FREE_SHIPPING`, `QUANTITY`, `QUANTITY_ORD_MAX`, `QUANTITY_ORD_MIN`, `STATUS`, `REGION`, `REGION_VARIANT`, `SKU`, `MERCHANT_ID`, `PRODUCT_ID`) VALUES (5,NULL,NULL,NULL,NULL,NULL,NULL,NULL,NULL,NULL,'2022-05-10',_binary '\0',100,0,0,_binary '','*',NULL,NULL,NULL,5);
INSERT INTO `product_availability` (`PRODUCT_AVAIL_ID`, `DATE_CREATED`, `DATE_MODIFIED`, `UPDT_ID`, `AVAILABLE`, `HEIGHT`, `LENGTH`, `WEIGHT`, `WIDTH`, `OWNER`, `DATE_AVAILABLE`, `FREE_SHIPPING`, `QUANTITY`, `QUANTITY_ORD_MAX`, `QUANTITY_ORD_MIN`, `STATUS`, `REGION`, `REGION_VARIANT`, `SKU`, `MERCHANT_ID`, `PRODUCT_ID`) VALUES (6,NULL,NULL,NULL,NULL,NULL,NULL,NULL,NULL,NULL,'2022-05-10',_binary '\0',100,0,0,_binary '','*',NULL,NULL,NULL,6);
INSERT INTO `product_availability` (`PRODUCT_AVAIL_ID`, `DATE_CREATED`, `DATE_MODIFIED`, `UPDT_ID`, `AVAILABLE`, `HEIGHT`, `LENGTH`, `WEIGHT`, `WIDTH`, `OWNER`, `DATE_AVAILABLE`, `FREE_SHIPPING`, `QUANTITY`, `QUANTITY_ORD_MAX`, `QUANTITY_ORD_MIN`, `STATUS`, `REGION`, `REGION_VARIANT`, `SKU`, `MERCHANT_ID`, `PRODUCT_ID`) VALUES (50,NULL,NULL,NULL,_binary '',NULL,NULL,NULL,NULL,NULL,NULL,_binary '\0',6,1,1,_binary '','*',NULL,NULL,1,50);
INSERT INTO `product_availability` (`PRODUCT_AVAIL_ID`, `DATE_CREATED`, `DATE_MODIFIED`, `UPDT_ID`, `AVAILABLE`, `HEIGHT`, `LENGTH`, `WEIGHT`, `WIDTH`, `OWNER`, `DATE_AVAILABLE`, `FREE_SHIPPING`, `QUANTITY`, `QUANTITY_ORD_MAX`, `QUANTITY_ORD_MIN`, `STATUS`, `REGION`, `REGION_VARIANT`, `SKU`, `MERCHANT_ID`, `PRODUCT_ID`) VALUES (51,NULL,NULL,NULL,_binary '',NULL,NULL,NULL,NULL,NULL,NULL,_binary '\0',6,1,1,_binary '','*',NULL,NULL,1,51);
INSERT INTO `product_availability` (`PRODUCT_AVAIL_ID`, `DATE_CREATED`, `DATE_MODIFIED`, `UPDT_ID`, `AVAILABLE`, `HEIGHT`, `LENGTH`, `WEIGHT`, `WIDTH`, `OWNER`, `DATE_AVAILABLE`, `FREE_SHIPPING`, `QUANTITY`, `QUANTITY_ORD_MAX`, `QUANTITY_ORD_MIN`, `STATUS`, `REGION`, `REGION_VARIANT`, `SKU`, `MERCHANT_ID`, `PRODUCT_ID`) VALUES (52,NULL,NULL,NULL,_binary '',NULL,NULL,NULL,NULL,NULL,NULL,_binary '\0',6,1,1,_binary '','*',NULL,NULL,1,52);
INSERT INTO `product_availability` (`PRODUCT_AVAIL_ID`, `DATE_CREATED`, `DATE_MODIFIED`, `UPDT_ID`, `AVAILABLE`, `HEIGHT`, `LENGTH`, `WEIGHT`, `WIDTH`, `OWNER`, `DATE_AVAILABLE`, `FREE_SHIPPING`, `QUANTITY`, `QUANTITY_ORD_MAX`, `QUANTITY_ORD_MIN`, `STATUS`, `REGION`, `REGION_VARIANT`, `SKU`, `MERCHANT_ID`, `PRODUCT_ID`) VALUES (54,NULL,NULL,NULL,_binary '',NULL,NULL,NULL,NULL,NULL,NULL,_binary '\0',6,1,1,_binary '','*',NULL,NULL,1,54);
INSERT INTO `product_availability` (`PRODUCT_AVAIL_ID`, `DATE_CREATED`, `DATE_MODIFIED`, `UPDT_ID`, `AVAILABLE`, `HEIGHT`, `LENGTH`, `WEIGHT`, `WIDTH`, `OWNER`, `DATE_AVAILABLE`, `FREE_SHIPPING`, `QUANTITY`, `QUANTITY_ORD_MAX`, `QUANTITY_ORD_MIN`, `STATUS`, `REGION`, `REGION_VARIANT`, `SKU`, `MERCHANT_ID`, `PRODUCT_ID`) VALUES (100,NULL,NULL,NULL,_binary '',NULL,NULL,NULL,NULL,NULL,NULL,_binary '\0',6,1,1,_binary '','*',NULL,NULL,1,100);
INSERT INTO `product_availability` (`PRODUCT_AVAIL_ID`, `DATE_CREATED`, `DATE_MODIFIED`, `UPDT_ID`, `AVAILABLE`, `HEIGHT`, `LENGTH`, `WEIGHT`, `WIDTH`, `OWNER`, `DATE_AVAILABLE`, `FREE_SHIPPING`, `QUANTITY`, `QUANTITY_ORD_MAX`, `QUANTITY_ORD_MIN`, `STATUS`, `REGION`, `REGION_VARIANT`, `SKU`, `MERCHANT_ID`, `PRODUCT_ID`) VALUES (200,NULL,NULL,NULL,_binary '',NULL,NULL,NULL,NULL,NULL,NULL,_binary '\0',6,1,1,_binary '','*',NULL,NULL,1,200);
INSERT INTO `product_availability` (`PRODUCT_AVAIL_ID`, `DATE_CREATED`, `DATE_MODIFIED`, `UPDT_ID`, `AVAILABLE`, `HEIGHT`, `LENGTH`, `WEIGHT`, `WIDTH`, `OWNER`, `DATE_AVAILABLE`, `FREE_SHIPPING`, `QUANTITY`, `QUANTITY_ORD_MAX`, `QUANTITY_ORD_MIN`, `STATUS`, `REGION`, `REGION_VARIANT`, `SKU`, `MERCHANT_ID`, `PRODUCT_ID`) VALUES (300,NULL,NULL,NULL,_binary '',NULL,NULL,NULL,NULL,NULL,NULL,_binary '\0',6,1,1,_binary '','*',NULL,NULL,1,300);
INSERT INTO `product_availability` (`PRODUCT_AVAIL_ID`, `DATE_CREATED`, `DATE_MODIFIED`, `UPDT_ID`, `AVAILABLE`, `HEIGHT`, `LENGTH`, `WEIGHT`, `WIDTH`, `OWNER`, `DATE_AVAILABLE`, `FREE_SHIPPING`, `QUANTITY`, `QUANTITY_ORD_MAX`, `QUANTITY_ORD_MIN`, `STATUS`, `REGION`, `REGION_VARIANT`, `SKU`, `MERCHANT_ID`, `PRODUCT_ID`) VALUES (301,NULL,NULL,NULL,_binary '',NULL,NULL,NULL,NULL,NULL,NULL,_binary '\0',6,1,1,_binary '','*',NULL,NULL,1,301);
INSERT INTO `product_availability` (`PRODUCT_AVAIL_ID`, `DATE_CREATED`, `DATE_MODIFIED`, `UPDT_ID`, `AVAILABLE`, `HEIGHT`, `LENGTH`, `WEIGHT`, `WIDTH`, `OWNER`, `DATE_AVAILABLE`, `FREE_SHIPPING`, `QUANTITY`, `QUANTITY_ORD_MAX`, `QUANTITY_ORD_MIN`, `STATUS`, `REGION`, `REGION_VARIANT`, `SKU`, `MERCHANT_ID`, `PRODUCT_ID`) VALUES (351,NULL,NULL,NULL,_binary '',NULL,NULL,NULL,NULL,NULL,NULL,_binary '\0',6,1,1,_binary '','*',NULL,NULL,1,351);
INSERT INTO `product_availability` (`PRODUCT_AVAIL_ID`, `DATE_CREATED`, `DATE_MODIFIED`, `UPDT_ID`, `AVAILABLE`, `HEIGHT`, `LENGTH`, `WEIGHT`, `WIDTH`, `OWNER`, `DATE_AVAILABLE`, `FREE_SHIPPING`, `QUANTITY`, `QUANTITY_ORD_MAX`, `QUANTITY_ORD_MIN`, `STATUS`, `REGION`, `REGION_VARIANT`, `SKU`, `MERCHANT_ID`, `PRODUCT_ID`) VALUES (400,NULL,NULL,NULL,_binary '',NULL,NULL,NULL,NULL,NULL,NULL,_binary '\0',6,1,1,_binary '','*',NULL,NULL,1,400);
INSERT INTO `product_availability` (`PRODUCT_AVAIL_ID`, `DATE_CREATED`, `DATE_MODIFIED`, `UPDT_ID`, `AVAILABLE`, `HEIGHT`, `LENGTH`, `WEIGHT`, `WIDTH`, `OWNER`, `DATE_AVAILABLE`, `FREE_SHIPPING`, `QUANTITY`, `QUANTITY_ORD_MAX`, `QUANTITY_ORD_MIN`, `STATUS`, `REGION`, `REGION_VARIANT`, `SKU`, `MERCHANT_ID`, `PRODUCT_ID`) VALUES (550,NULL,NULL,NULL,_binary '',NULL,NULL,NULL,NULL,NULL,NULL,_binary '\0',6,1,1,_binary '','*',NULL,NULL,1,550);
INSERT INTO `product_availability` (`PRODUCT_AVAIL_ID`, `DATE_CREATED`, `DATE_MODIFIED`, `UPDT_ID`, `AVAILABLE`, `HEIGHT`, `LENGTH`, `WEIGHT`, `WIDTH`, `OWNER`, `DATE_AVAILABLE`, `FREE_SHIPPING`, `QUANTITY`, `QUANTITY_ORD_MAX`, `QUANTITY_ORD_MIN`, `STATUS`, `REGION`, `REGION_VARIANT`, `SKU`, `MERCHANT_ID`, `PRODUCT_ID`) VALUES (600,NULL,NULL,NULL,_binary '',NULL,NULL,NULL,NULL,NULL,NULL,_binary '\0',6,1,1,_binary '','*',NULL,NULL,1,600);
INSERT INTO `product_availability` (`PRODUCT_AVAIL_ID`, `DATE_CREATED`, `DATE_MODIFIED`, `UPDT_ID`, `AVAILABLE`, `HEIGHT`, `LENGTH`, `WEIGHT`, `WIDTH`, `OWNER`, `DATE_AVAILABLE`, `FREE_SHIPPING`, `QUANTITY`, `QUANTITY_ORD_MAX`, `QUANTITY_ORD_MIN`, `STATUS`, `REGION`, `REGION_VARIANT`, `SKU`, `MERCHANT_ID`, `PRODUCT_ID`) VALUES (650,NULL,NULL,NULL,_binary '',NULL,NULL,NULL,NULL,NULL,NULL,_binary '\0',6,1,1,_binary '','*',NULL,NULL,1,650);
INSERT INTO `product_availability` (`PRODUCT_AVAIL_ID`, `DATE_CREATED`, `DATE_MODIFIED`, `UPDT_ID`, `AVAILABLE`, `HEIGHT`, `LENGTH`, `WEIGHT`, `WIDTH`, `OWNER`, `DATE_AVAILABLE`, `FREE_SHIPPING`, `QUANTITY`, `QUANTITY_ORD_MAX`, `QUANTITY_ORD_MIN`, `STATUS`, `REGION`, `REGION_VARIANT`, `SKU`, `MERCHANT_ID`, `PRODUCT_ID`) VALUES (700,NULL,NULL,NULL,_binary '',NULL,NULL,NULL,NULL,NULL,NULL,_binary '\0',6,1,1,_binary '','*',NULL,NULL,1,700);
INSERT INTO `product_availability` (`PRODUCT_AVAIL_ID`, `DATE_CREATED`, `DATE_MODIFIED`, `UPDT_ID`, `AVAILABLE`, `HEIGHT`, `LENGTH`, `WEIGHT`, `WIDTH`, `OWNER`, `DATE_AVAILABLE`, `FREE_SHIPPING`, `QUANTITY`, `QUANTITY_ORD_MAX`, `QUANTITY_ORD_MIN`, `STATUS`, `REGION`, `REGION_VARIANT`, `SKU`, `MERCHANT_ID`, `PRODUCT_ID`) VALUES (750,NULL,NULL,NULL,_binary '',NULL,NULL,NULL,NULL,NULL,NULL,_binary '\0',6,1,1,_binary '','*',NULL,NULL,1,750);
INSERT INTO `product_availability` (`PRODUCT_AVAIL_ID`, `DATE_CREATED`, `DATE_MODIFIED`, `UPDT_ID`, `AVAILABLE`, `HEIGHT`, `LENGTH`, `WEIGHT`, `WIDTH`, `OWNER`, `DATE_AVAILABLE`, `FREE_SHIPPING`, `QUANTITY`, `QUANTITY_ORD_MAX`, `QUANTITY_ORD_MIN`, `STATUS`, `REGION`, `REGION_VARIANT`, `SKU`, `MERCHANT_ID`, `PRODUCT_ID`) VALUES (800,NULL,NULL,NULL,_binary '',NULL,NULL,NULL,NULL,NULL,NULL,_binary '\0',6,1,1,_binary '','*',NULL,NULL,1,800);
INSERT INTO `product_availability` (`PRODUCT_AVAIL_ID`, `DATE_CREATED`, `DATE_MODIFIED`, `UPDT_ID`, `AVAILABLE`, `HEIGHT`, `LENGTH`, `WEIGHT`, `WIDTH`, `OWNER`, `DATE_AVAILABLE`, `FREE_SHIPPING`, `QUANTITY`, `QUANTITY_ORD_MAX`, `QUANTITY_ORD_MIN`, `STATUS`, `REGION`, `REGION_VARIANT`, `SKU`, `MERCHANT_ID`, `PRODUCT_ID`) VALUES (801,NULL,NULL,NULL,_binary '',NULL,NULL,NULL,NULL,NULL,NULL,_binary '\0',6,1,1,_binary '','*',NULL,NULL,1,801);
INSERT INTO `product_availability` (`PRODUCT_AVAIL_ID`, `DATE_CREATED`, `DATE_MODIFIED`, `UPDT_ID`, `AVAILABLE`, `HEIGHT`, `LENGTH`, `WEIGHT`, `WIDTH`, `OWNER`, `DATE_AVAILABLE`, `FREE_SHIPPING`, `QUANTITY`, `QUANTITY_ORD_MAX`, `QUANTITY_ORD_MIN`, `STATUS`, `REGION`, `REGION_VARIANT`, `SKU`, `MERCHANT_ID`, `PRODUCT_ID`) VALUES (802,NULL,NULL,NULL,_binary '',NULL,NULL,NULL,NULL,NULL,NULL,_binary '\0',6,1,1,_binary '','*',NULL,NULL,1,802);
INSERT INTO `product_availability` (`PRODUCT_AVAIL_ID`, `DATE_CREATED`, `DATE_MODIFIED`, `UPDT_ID`, `AVAILABLE`, `HEIGHT`, `LENGTH`, `WEIGHT`, `WIDTH`, `OWNER`, `DATE_AVAILABLE`, `FREE_SHIPPING`, `QUANTITY`, `QUANTITY_ORD_MAX`, `QUANTITY_ORD_MIN`, `STATUS`, `REGION`, `REGION_VARIANT`, `SKU`, `MERCHANT_ID`, `PRODUCT_ID`) VALUES (804,NULL,NULL,NULL,_binary '',NULL,NULL,NULL,NULL,NULL,NULL,_binary '\0',6,1,1,_binary '','*',NULL,NULL,1,804);
INSERT INTO `product_availability` (`PRODUCT_AVAIL_ID`, `DATE_CREATED`, `DATE_MODIFIED`, `UPDT_ID`, `AVAILABLE`, `HEIGHT`, `LENGTH`, `WEIGHT`, `WIDTH`, `OWNER`, `DATE_AVAILABLE`, `FREE_SHIPPING`, `QUANTITY`, `QUANTITY_ORD_MAX`, `QUANTITY_ORD_MIN`, `STATUS`, `REGION`, `REGION_VARIANT`, `SKU`, `MERCHANT_ID`, `PRODUCT_ID`) VALUES (1050,NULL,NULL,NULL,_binary '',NULL,NULL,NULL,NULL,NULL,NULL,_binary '\0',6,1,1,_binary '','*',NULL,NULL,1,1050);
INSERT INTO `product_availability` (`PRODUCT_AVAIL_ID`, `DATE_CREATED`, `DATE_MODIFIED`, `UPDT_ID`, `AVAILABLE`, `HEIGHT`, `LENGTH`, `WEIGHT`, `WIDTH`, `OWNER`, `DATE_AVAILABLE`, `FREE_SHIPPING`, `QUANTITY`, `QUANTITY_ORD_MAX`, `QUANTITY_ORD_MIN`, `STATUS`, `REGION`, `REGION_VARIANT`, `SKU`, `MERCHANT_ID`, `PRODUCT_ID`) VALUES (1100,NULL,NULL,NULL,_binary '',NULL,NULL,NULL,NULL,NULL,NULL,_binary '\0',6,1,1,_binary '','*',NULL,NULL,1,1100);
INSERT INTO `product_availability` (`PRODUCT_AVAIL_ID`, `DATE_CREATED`, `DATE_MODIFIED`, `UPDT_ID`, `AVAILABLE`, `HEIGHT`, `LENGTH`, `WEIGHT`, `WIDTH`, `OWNER`, `DATE_AVAILABLE`, `FREE_SHIPPING`, `QUANTITY`, `QUANTITY_ORD_MAX`, `QUANTITY_ORD_MIN`, `STATUS`, `REGION`, `REGION_VARIANT`, `SKU`, `MERCHANT_ID`, `PRODUCT_ID`) VALUES (1150,NULL,NULL,NULL,_binary '',NULL,NULL,NULL,NULL,NULL,NULL,_binary '\0',6,1,1,_binary '','*',NULL,NULL,1,1150);
INSERT INTO `product_availability` (`PRODUCT_AVAIL_ID`, `DATE_CREATED`, `DATE_MODIFIED`, `UPDT_ID`, `AVAILABLE`, `HEIGHT`, `LENGTH`, `WEIGHT`, `WIDTH`, `OWNER`, `DATE_AVAILABLE`, `FREE_SHIPPING`, `QUANTITY`, `QUANTITY_ORD_MAX`, `QUANTITY_ORD_MIN`, `STATUS`, `REGION`, `REGION_VARIANT`, `SKU`, `MERCHANT_ID`, `PRODUCT_ID`) VALUES (1200,NULL,NULL,NULL,_binary '',NULL,NULL,NULL,NULL,NULL,NULL,_binary '\0',6,1,1,_binary '','*',NULL,NULL,1,1200);
INSERT INTO `product_availability` (`PRODUCT_AVAIL_ID`, `DATE_CREATED`, `DATE_MODIFIED`, `UPDT_ID`, `AVAILABLE`, `HEIGHT`, `LENGTH`, `WEIGHT`, `WIDTH`, `OWNER`, `DATE_AVAILABLE`, `FREE_SHIPPING`, `QUANTITY`, `QUANTITY_ORD_MAX`, `QUANTITY_ORD_MIN`, `STATUS`, `REGION`, `REGION_VARIANT`, `SKU`, `MERCHANT_ID`, `PRODUCT_ID`) VALUES (1201,NULL,NULL,NULL,_binary '',NULL,NULL,NULL,NULL,NULL,NULL,_binary '\0',6,1,1,_binary '','*',NULL,NULL,1,1201);
INSERT INTO `product_availability` (`PRODUCT_AVAIL_ID`, `DATE_CREATED`, `DATE_MODIFIED`, `UPDT_ID`, `AVAILABLE`, `HEIGHT`, `LENGTH`, `WEIGHT`, `WIDTH`, `OWNER`, `DATE_AVAILABLE`, `FREE_SHIPPING`, `QUANTITY`, `QUANTITY_ORD_MAX`, `QUANTITY_ORD_MIN`, `STATUS`, `REGION`, `REGION_VARIANT`, `SKU`, `MERCHANT_ID`, `PRODUCT_ID`) VALUES (1250,NULL,NULL,NULL,_binary '',NULL,NULL,NULL,NULL,NULL,NULL,_binary '\0',6,1,1,_binary '','*',NULL,NULL,1,1250);
INSERT INTO `product_availability` (`PRODUCT_AVAIL_ID`, `DATE_CREATED`, `DATE_MODIFIED`, `UPDT_ID`, `AVAILABLE`, `HEIGHT`, `LENGTH`, `WEIGHT`, `WIDTH`, `OWNER`, `DATE_AVAILABLE`, `FREE_SHIPPING`, `QUANTITY`, `QUANTITY_ORD_MAX`, `QUANTITY_ORD_MIN`, `STATUS`, `REGION`, `REGION_VARIANT`, `SKU`, `MERCHANT_ID`, `PRODUCT_ID`) VALUES (1300,NULL,NULL,NULL,_binary '',NULL,NULL,NULL,NULL,NULL,NULL,_binary '\0',6,1,1,_binary '','*',NULL,NULL,1,1300);
INSERT INTO `product_availability` (`PRODUCT_AVAIL_ID`, `DATE_CREATED`, `DATE_MODIFIED`, `UPDT_ID`, `AVAILABLE`, `HEIGHT`, `LENGTH`, `WEIGHT`, `WIDTH`, `OWNER`, `DATE_AVAILABLE`, `FREE_SHIPPING`, `QUANTITY`, `QUANTITY_ORD_MAX`, `QUANTITY_ORD_MIN`, `STATUS`, `REGION`, `REGION_VARIANT`, `SKU`, `MERCHANT_ID`, `PRODUCT_ID`) VALUES (1301,NULL,NULL,NULL,_binary '',NULL,NULL,NULL,NULL,NULL,NULL,_binary '\0',6,1,1,_binary '','*',NULL,NULL,1,1301);
INSERT INTO `product_availability` (`PRODUCT_AVAIL_ID`, `DATE_CREATED`, `DATE_MODIFIED`, `UPDT_ID`, `AVAILABLE`, `HEIGHT`, `LENGTH`, `WEIGHT`, `WIDTH`, `OWNER`, `DATE_AVAILABLE`, `FREE_SHIPPING`, `QUANTITY`, `QUANTITY_ORD_MAX`, `QUANTITY_ORD_MIN`, `STATUS`, `REGION`, `REGION_VARIANT`, `SKU`, `MERCHANT_ID`, `PRODUCT_ID`) VALUES (1350,NULL,NULL,NULL,_binary '',NULL,NULL,NULL,NULL,NULL,NULL,_binary '\0',6,1,1,_binary '','*',NULL,NULL,1,1350);
INSERT INTO `product_availability` (`PRODUCT_AVAIL_ID`, `DATE_CREATED`, `DATE_MODIFIED`, `UPDT_ID`, `AVAILABLE`, `HEIGHT`, `LENGTH`, `WEIGHT`, `WIDTH`, `OWNER`, `DATE_AVAILABLE`, `FREE_SHIPPING`, `QUANTITY`, `QUANTITY_ORD_MAX`, `QUANTITY_ORD_MIN`, `STATUS`, `REGION`, `REGION_VARIANT`, `SKU`, `MERCHANT_ID`, `PRODUCT_ID`) VALUES (1550,NULL,NULL,NULL,_binary '',NULL,NULL,NULL,NULL,NULL,NULL,_binary '\0',6,1,1,_binary '','*',NULL,NULL,1,1550);
INSERT INTO `product_availability` (`PRODUCT_AVAIL_ID`, `DATE_CREATED`, `DATE_MODIFIED`, `UPDT_ID`, `AVAILABLE`, `HEIGHT`, `LENGTH`, `WEIGHT`, `WIDTH`, `OWNER`, `DATE_AVAILABLE`, `FREE_SHIPPING`, `QUANTITY`, `QUANTITY_ORD_MAX`, `QUANTITY_ORD_MIN`, `STATUS`, `REGION`, `REGION_VARIANT`, `SKU`, `MERCHANT_ID`, `PRODUCT_ID`) VALUES (1800,NULL,NULL,NULL,_binary '',NULL,NULL,NULL,NULL,NULL,NULL,_binary '\0',6,1,1,_binary '','*',NULL,NULL,1,1800);
INSERT INTO `product_availability` (`PRODUCT_AVAIL_ID`, `DATE_CREATED`, `DATE_MODIFIED`, `UPDT_ID`, `AVAILABLE`, `HEIGHT`, `LENGTH`, `WEIGHT`, `WIDTH`, `OWNER`, `DATE_AVAILABLE`, `FREE_SHIPPING`, `QUANTITY`, `QUANTITY_ORD_MAX`, `QUANTITY_ORD_MIN`, `STATUS`, `REGION`, `REGION_VARIANT`, `SKU`, `MERCHANT_ID`, `PRODUCT_ID`) VALUES (1802,NULL,NULL,NULL,_binary '',NULL,NULL,NULL,NULL,NULL,NULL,_binary '\0',6,1,1,_binary '','*',NULL,NULL,1,1802);
INSERT INTO `product_availability` (`PRODUCT_AVAIL_ID`, `DATE_CREATED`, `DATE_MODIFIED`, `UPDT_ID`, `AVAILABLE`, `HEIGHT`, `LENGTH`, `WEIGHT`, `WIDTH`, `OWNER`, `DATE_AVAILABLE`, `FREE_SHIPPING`, `QUANTITY`, `QUANTITY_ORD_MAX`, `QUANTITY_ORD_MIN`, `STATUS`, `REGION`, `REGION_VARIANT`, `SKU`, `MERCHANT_ID`, `PRODUCT_ID`) VALUES (1850,NULL,NULL,NULL,_binary '',NULL,NULL,NULL,NULL,NULL,NULL,_binary '\0',6,1,1,_binary '','*',NULL,NULL,1,1850);
INSERT INTO `product_availability` (`PRODUCT_AVAIL_ID`, `DATE_CREATED`, `DATE_MODIFIED`, `UPDT_ID`, `AVAILABLE`, `HEIGHT`, `LENGTH`, `WEIGHT`, `WIDTH`, `OWNER`, `DATE_AVAILABLE`, `FREE_SHIPPING`, `QUANTITY`, `QUANTITY_ORD_MAX`, `QUANTITY_ORD_MIN`, `STATUS`, `REGION`, `REGION_VARIANT`, `SKU`, `MERCHANT_ID`, `PRODUCT_ID`) VALUES (1851,NULL,NULL,NULL,_binary '',NULL,NULL,NULL,NULL,NULL,NULL,_binary '\0',6,1,1,_binary '','*',NULL,NULL,1,1851);
INSERT INTO `product_availability` (`PRODUCT_AVAIL_ID`, `DATE_CREATED`, `DATE_MODIFIED`, `UPDT_ID`, `AVAILABLE`, `HEIGHT`, `LENGTH`, `WEIGHT`, `WIDTH`, `OWNER`, `DATE_AVAILABLE`, `FREE_SHIPPING`, `QUANTITY`, `QUANTITY_ORD_MAX`, `QUANTITY_ORD_MIN`, `STATUS`, `REGION`, `REGION_VARIANT`, `SKU`, `MERCHANT_ID`, `PRODUCT_ID`) VALUES (1904,NULL,NULL,NULL,_binary '',NULL,NULL,NULL,NULL,NULL,NULL,_binary '\0',6,1,1,_binary '','*',NULL,NULL,1,1904);
INSERT INTO `product_availability` (`PRODUCT_AVAIL_ID`, `DATE_CREATED`, `DATE_MODIFIED`, `UPDT_ID`, `AVAILABLE`, `HEIGHT`, `LENGTH`, `WEIGHT`, `WIDTH`, `OWNER`, `DATE_AVAILABLE`, `FREE_SHIPPING`, `QUANTITY`, `QUANTITY_ORD_MAX`, `QUANTITY_ORD_MIN`, `STATUS`, `REGION`, `REGION_VARIANT`, `SKU`, `MERCHANT_ID`, `PRODUCT_ID`) VALUES (1905,NULL,NULL,NULL,_binary '',NULL,NULL,NULL,NULL,NULL,NULL,_binary '\0',6,1,1,_binary '','*',NULL,NULL,1,1905);
INSERT INTO `product_availability` (`PRODUCT_AVAIL_ID`, `DATE_CREATED`, `DATE_MODIFIED`, `UPDT_ID`, `AVAILABLE`, `HEIGHT`, `LENGTH`, `WEIGHT`, `WIDTH`, `OWNER`, `DATE_AVAILABLE`, `FREE_SHIPPING`, `QUANTITY`, `QUANTITY_ORD_MAX`, `QUANTITY_ORD_MIN`, `STATUS`, `REGION`, `REGION_VARIANT`, `SKU`, `MERCHANT_ID`, `PRODUCT_ID`) VALUES (1953,NULL,NULL,NULL,_binary '',NULL,NULL,NULL,NULL,NULL,NULL,_binary '\0',10,1,1,_binary '','*',NULL,NULL,1,1953);
INSERT INTO `product_availability` (`PRODUCT_AVAIL_ID`, `DATE_CREATED`, `DATE_MODIFIED`, `UPDT_ID`, `AVAILABLE`, `HEIGHT`, `LENGTH`, `WEIGHT`, `WIDTH`, `OWNER`, `DATE_AVAILABLE`, `FREE_SHIPPING`, `QUANTITY`, `QUANTITY_ORD_MAX`, `QUANTITY_ORD_MIN`, `STATUS`, `REGION`, `REGION_VARIANT`, `SKU`, `MERCHANT_ID`, `PRODUCT_ID`) VALUES (1954,NULL,NULL,NULL,_binary '',NULL,NULL,NULL,NULL,NULL,NULL,_binary '\0',10,1,1,_binary '','*',NULL,NULL,1,1954);
INSERT INTO `product_availability` (`PRODUCT_AVAIL_ID`, `DATE_CREATED`, `DATE_MODIFIED`, `UPDT_ID`, `AVAILABLE`, `HEIGHT`, `LENGTH`, `WEIGHT`, `WIDTH`, `OWNER`, `DATE_AVAILABLE`, `FREE_SHIPPING`, `QUANTITY`, `QUANTITY_ORD_MAX`, `QUANTITY_ORD_MIN`, `STATUS`, `REGION`, `REGION_VARIANT`, `SKU`, `MERCHANT_ID`, `PRODUCT_ID`) VALUES (1955,NULL,NULL,NULL,_binary '',NULL,NULL,NULL,NULL,NULL,NULL,_binary '\0',10,1,1,_binary '','*',NULL,NULL,1,1955);
INSERT INTO `product_availability` (`PRODUCT_AVAIL_ID`, `DATE_CREATED`, `DATE_MODIFIED`, `UPDT_ID`, `AVAILABLE`, `HEIGHT`, `LENGTH`, `WEIGHT`, `WIDTH`, `OWNER`, `DATE_AVAILABLE`, `FREE_SHIPPING`, `QUANTITY`, `QUANTITY_ORD_MAX`, `QUANTITY_ORD_MIN`, `STATUS`, `REGION`, `REGION_VARIANT`, `SKU`, `MERCHANT_ID`, `PRODUCT_ID`) VALUES (2000,NULL,NULL,NULL,_binary '',NULL,NULL,NULL,NULL,NULL,NULL,_binary '\0',10,1,1,_binary '','*',NULL,NULL,1,2000);
INSERT INTO `product_availability` (`PRODUCT_AVAIL_ID`, `DATE_CREATED`, `DATE_MODIFIED`, `UPDT_ID`, `AVAILABLE`, `HEIGHT`, `LENGTH`, `WEIGHT`, `WIDTH`, `OWNER`, `DATE_AVAILABLE`, `FREE_SHIPPING`, `QUANTITY`, `QUANTITY_ORD_MAX`, `QUANTITY_ORD_MIN`, `STATUS`, `REGION`, `REGION_VARIANT`, `SKU`, `MERCHANT_ID`, `PRODUCT_ID`) VALUES (2001,NULL,NULL,NULL,_binary '',NULL,NULL,NULL,NULL,NULL,NULL,_binary '\0',10,1,1,_binary '','*',NULL,NULL,1,2001);
INSERT INTO `product_availability` (`PRODUCT_AVAIL_ID`, `DATE_CREATED`, `DATE_MODIFIED`, `UPDT_ID`, `AVAILABLE`, `HEIGHT`, `LENGTH`, `WEIGHT`, `WIDTH`, `OWNER`, `DATE_AVAILABLE`, `FREE_SHIPPING`, `QUANTITY`, `QUANTITY_ORD_MAX`, `QUANTITY_ORD_MIN`, `STATUS`, `REGION`, `REGION_VARIANT`, `SKU`, `MERCHANT_ID`, `PRODUCT_ID`) VALUES (2002,NULL,NULL,NULL,_binary '',NULL,NULL,NULL,NULL,NULL,NULL,_binary '\0',10,1,1,_binary '','*',NULL,NULL,1,2002);
INSERT INTO `product_availability` (`PRODUCT_AVAIL_ID`, `DATE_CREATED`, `DATE_MODIFIED`, `UPDT_ID`, `AVAILABLE`, `HEIGHT`, `LENGTH`, `WEIGHT`, `WIDTH`, `OWNER`, `DATE_AVAILABLE`, `FREE_SHIPPING`, `QUANTITY`, `QUANTITY_ORD_MAX`, `QUANTITY_ORD_MIN`, `STATUS`, `REGION`, `REGION_VARIANT`, `SKU`, `MERCHANT_ID`, `PRODUCT_ID`) VALUES (2004,NULL,NULL,NULL,_binary '',NULL,NULL,NULL,NULL,NULL,NULL,_binary '\0',10,1,1,_binary '','*',NULL,NULL,1,2004);
INSERT INTO `product_availability` (`PRODUCT_AVAIL_ID`, `DATE_CREATED`, `DATE_MODIFIED`, `UPDT_ID`, `AVAILABLE`, `HEIGHT`, `LENGTH`, `WEIGHT`, `WIDTH`, `OWNER`, `DATE_AVAILABLE`, `FREE_SHIPPING`, `QUANTITY`, `QUANTITY_ORD_MAX`, `QUANTITY_ORD_MIN`, `STATUS`, `REGION`, `REGION_VARIANT`, `SKU`, `MERCHANT_ID`, `PRODUCT_ID`) VALUES (2005,NULL,NULL,NULL,_binary '',NULL,NULL,NULL,NULL,NULL,NULL,_binary '\0',10,1,1,_binary '','*',NULL,NULL,1,2005);

--
-- Table structure for table `product_category`
--

DROP TABLE IF EXISTS `product_category`;
/*!40101 SET @saved_cs_client     = @@character_set_client */;
 SET character_set_client = utf8mb4 ;
CREATE TABLE `product_category` (
  `PRODUCT_ID` bigint(20) NOT NULL,
  `CATEGORY_ID` bigint(20) NOT NULL,
  PRIMARY KEY (`PRODUCT_ID`,`CATEGORY_ID`),
  KEY `FK3xw1sbaa29r534jvedimdd7md` (`CATEGORY_ID`),
  CONSTRAINT `FK3xw1sbaa29r534jvedimdd7md` FOREIGN KEY (`CATEGORY_ID`) REFERENCES `category` (`CATEGORY_ID`),
  CONSTRAINT `FKa7245ly271mb0crlhxwhhppsq` FOREIGN KEY (`PRODUCT_ID`) REFERENCES `product` (`PRODUCT_ID`)
) ENGINE=InnoDB DEFAULT CHARSET=utf8;
/*!40101 SET character_set_client = @saved_cs_client */;

--
-- Dumping data for table `product_category`
--

INSERT INTO `product_category` (`PRODUCT_ID`, `CATEGORY_ID`) VALUES (50,19);
INSERT INTO `product_category` (`PRODUCT_ID`, `CATEGORY_ID`) VALUES (51,19);
INSERT INTO `product_category` (`PRODUCT_ID`, `CATEGORY_ID`) VALUES (52,19);
INSERT INTO `product_category` (`PRODUCT_ID`, `CATEGORY_ID`) VALUES (54,19);
INSERT INTO `product_category` (`PRODUCT_ID`, `CATEGORY_ID`) VALUES (1,52);
INSERT INTO `product_category` (`PRODUCT_ID`, `CATEGORY_ID`) VALUES (2,52);
INSERT INTO `product_category` (`PRODUCT_ID`, `CATEGORY_ID`) VALUES (4,52);
INSERT INTO `product_category` (`PRODUCT_ID`, `CATEGORY_ID`) VALUES (5,52);
INSERT INTO `product_category` (`PRODUCT_ID`, `CATEGORY_ID`) VALUES (1,53);
INSERT INTO `product_category` (`PRODUCT_ID`, `CATEGORY_ID`) VALUES (2,53);
INSERT INTO `product_category` (`PRODUCT_ID`, `CATEGORY_ID`) VALUES (6,55);
INSERT INTO `product_category` (`PRODUCT_ID`, `CATEGORY_ID`) VALUES (3,56);
INSERT INTO `product_category` (`PRODUCT_ID`, `CATEGORY_ID`) VALUES (100,56);
INSERT INTO `product_category` (`PRODUCT_ID`, `CATEGORY_ID`) VALUES (200,56);
INSERT INTO `product_category` (`PRODUCT_ID`, `CATEGORY_ID`) VALUES (300,56);
INSERT INTO `product_category` (`PRODUCT_ID`, `CATEGORY_ID`) VALUES (301,56);
INSERT INTO `product_category` (`PRODUCT_ID`, `CATEGORY_ID`) VALUES (351,56);
INSERT INTO `product_category` (`PRODUCT_ID`, `CATEGORY_ID`) VALUES (400,56);
INSERT INTO `product_category` (`PRODUCT_ID`, `CATEGORY_ID`) VALUES (550,56);
INSERT INTO `product_category` (`PRODUCT_ID`, `CATEGORY_ID`) VALUES (600,56);
INSERT INTO `product_category` (`PRODUCT_ID`, `CATEGORY_ID`) VALUES (650,56);
INSERT INTO `product_category` (`PRODUCT_ID`, `CATEGORY_ID`) VALUES (700,56);
INSERT INTO `product_category` (`PRODUCT_ID`, `CATEGORY_ID`) VALUES (750,56);
INSERT INTO `product_category` (`PRODUCT_ID`, `CATEGORY_ID`) VALUES (800,56);
INSERT INTO `product_category` (`PRODUCT_ID`, `CATEGORY_ID`) VALUES (801,56);
INSERT INTO `product_category` (`PRODUCT_ID`, `CATEGORY_ID`) VALUES (802,56);
INSERT INTO `product_category` (`PRODUCT_ID`, `CATEGORY_ID`) VALUES (804,56);
INSERT INTO `product_category` (`PRODUCT_ID`, `CATEGORY_ID`) VALUES (1050,56);
INSERT INTO `product_category` (`PRODUCT_ID`, `CATEGORY_ID`) VALUES (1100,56);
INSERT INTO `product_category` (`PRODUCT_ID`, `CATEGORY_ID`) VALUES (1150,56);
INSERT INTO `product_category` (`PRODUCT_ID`, `CATEGORY_ID`) VALUES (1200,56);
INSERT INTO `product_category` (`PRODUCT_ID`, `CATEGORY_ID`) VALUES (1201,56);
INSERT INTO `product_category` (`PRODUCT_ID`, `CATEGORY_ID`) VALUES (2,100);
INSERT INTO `product_category` (`PRODUCT_ID`, `CATEGORY_ID`) VALUES (1250,100);
INSERT INTO `product_category` (`PRODUCT_ID`, `CATEGORY_ID`) VALUES (1300,100);
INSERT INTO `product_category` (`PRODUCT_ID`, `CATEGORY_ID`) VALUES (1301,100);
INSERT INTO `product_category` (`PRODUCT_ID`, `CATEGORY_ID`) VALUES (1350,100);
INSERT INTO `product_category` (`PRODUCT_ID`, `CATEGORY_ID`) VALUES (1550,100);
INSERT INTO `product_category` (`PRODUCT_ID`, `CATEGORY_ID`) VALUES (1800,100);
INSERT INTO `product_category` (`PRODUCT_ID`, `CATEGORY_ID`) VALUES (1802,100);
INSERT INTO `product_category` (`PRODUCT_ID`, `CATEGORY_ID`) VALUES (1850,100);
INSERT INTO `product_category` (`PRODUCT_ID`, `CATEGORY_ID`) VALUES (1851,100);
INSERT INTO `product_category` (`PRODUCT_ID`, `CATEGORY_ID`) VALUES (1904,100);
INSERT INTO `product_category` (`PRODUCT_ID`, `CATEGORY_ID`) VALUES (1905,100);
INSERT INTO `product_category` (`PRODUCT_ID`, `CATEGORY_ID`) VALUES (1953,100);
INSERT INTO `product_category` (`PRODUCT_ID`, `CATEGORY_ID`) VALUES (1954,100);
INSERT INTO `product_category` (`PRODUCT_ID`, `CATEGORY_ID`) VALUES (1955,100);
INSERT INTO `product_category` (`PRODUCT_ID`, `CATEGORY_ID`) VALUES (2000,100);
INSERT INTO `product_category` (`PRODUCT_ID`, `CATEGORY_ID`) VALUES (2001,100);
INSERT INTO `product_category` (`PRODUCT_ID`, `CATEGORY_ID`) VALUES (2002,100);
INSERT INTO `product_category` (`PRODUCT_ID`, `CATEGORY_ID`) VALUES (2004,100);
INSERT INTO `product_category` (`PRODUCT_ID`, `CATEGORY_ID`) VALUES (2005,100);

--
-- Table structure for table `product_description`
--

DROP TABLE IF EXISTS `product_description`;
/*!40101 SET @saved_cs_client     = @@character_set_client */;
 SET character_set_client = utf8mb4 ;
CREATE TABLE `product_description` (
  `DESCRIPTION_ID` bigint(20) NOT NULL,
  `DATE_CREATED` datetime DEFAULT NULL,
  `DATE_MODIFIED` datetime DEFAULT NULL,
  `UPDT_ID` varchar(60) DEFAULT NULL,
  `DESCRIPTION` longtext,
  `NAME` varchar(120) NOT NULL,
  `TITLE` varchar(100) DEFAULT NULL,
  `META_DESCRIPTION` varchar(255) DEFAULT NULL,
  `META_KEYWORDS` varchar(255) DEFAULT NULL,
  `META_TITLE` varchar(255) DEFAULT NULL,
  `DOWNLOAD_LNK` varchar(255) DEFAULT NULL,
  `PRODUCT_HIGHLIGHT` varchar(255) DEFAULT NULL,
  `SEF_URL` varchar(255) DEFAULT NULL,
  `LANGUAGE_ID` int(11) NOT NULL,
  `PRODUCT_ID` bigint(20) NOT NULL,
  PRIMARY KEY (`DESCRIPTION_ID`),
  UNIQUE KEY `UKq4dnkx5b776ayqas2h4rr2d8q` (`PRODUCT_ID`,`LANGUAGE_ID`),
  KEY `PRODUCT_DESCRIPTION_SEF_URL` (`SEF_URL`),
  KEY `FK6esjdaa6vu2t5vjin788a8og6` (`LANGUAGE_ID`),
  CONSTRAINT `FK6esjdaa6vu2t5vjin788a8og6` FOREIGN KEY (`LANGUAGE_ID`) REFERENCES `language` (`LANGUAGE_ID`),
  CONSTRAINT `FKm46yjcu59q79qrokgglwq2ove` FOREIGN KEY (`PRODUCT_ID`) REFERENCES `product` (`PRODUCT_ID`)
) ENGINE=InnoDB DEFAULT CHARSET=utf8;
/*!40101 SET character_set_client = @saved_cs_client */;

--
-- Dumping data for table `product_description`
--

INSERT INTO `product_description` (`DESCRIPTION_ID`, `DATE_CREATED`, `DATE_MODIFIED`, `UPDT_ID`, `DESCRIPTION`, `NAME`, `TITLE`, `META_DESCRIPTION`, `META_KEYWORDS`, `META_TITLE`, `DOWNLOAD_LNK`, `PRODUCT_HIGHLIGHT`, `SEF_URL`, `LANGUAGE_ID`, `PRODUCT_ID`) VALUES (1,'2022-05-10 15:30:19','2022-05-10 17:33:56',NULL,'','Spring in Action','Spring in Action','','',NULL,NULL,'','Spring-in-Action',1,1);
INSERT INTO `product_description` (`DESCRIPTION_ID`, `DATE_CREATED`, `DATE_MODIFIED`, `UPDT_ID`, `DESCRIPTION`, `NAME`, `TITLE`, `META_DESCRIPTION`, `META_KEYWORDS`, `META_TITLE`, `DOWNLOAD_LNK`, `PRODUCT_HIGHLIGHT`, `SEF_URL`, `LANGUAGE_ID`, `PRODUCT_ID`) VALUES (2,'2022-05-10 15:30:19','2022-05-10 17:34:43',NULL,'','Node Web Development','Node Web Development','','',NULL,NULL,'','Node-Web-Development',1,2);
INSERT INTO `product_description` (`DESCRIPTION_ID`, `DATE_CREATED`, `DATE_MODIFIED`, `UPDT_ID`, `DESCRIPTION`, `NAME`, `TITLE`, `META_DESCRIPTION`, `META_KEYWORDS`, `META_TITLE`, `DOWNLOAD_LNK`, `PRODUCT_HIGHLIGHT`, `SEF_URL`, `LANGUAGE_ID`, `PRODUCT_ID`) VALUES (3,'2022-05-10 15:30:19','2022-05-10 17:35:36',NULL,'','Programming for PAAS','Programming for PAAS','','',NULL,NULL,'','programming-for-paas',1,3);
INSERT INTO `product_description` (`DESCRIPTION_ID`, `DATE_CREATED`, `DATE_MODIFIED`, `UPDT_ID`, `DESCRIPTION`, `NAME`, `TITLE`, `META_DESCRIPTION`, `META_KEYWORDS`, `META_TITLE`, `DOWNLOAD_LNK`, `PRODUCT_HIGHLIGHT`, `SEF_URL`, `LANGUAGE_ID`, `PRODUCT_ID`) VALUES (4,'2022-05-10 15:30:19','2022-05-10 17:35:59',NULL,'','Android development','Android development','','',NULL,NULL,'','android-application-development',1,4);
INSERT INTO `product_description` (`DESCRIPTION_ID`, `DATE_CREATED`, `DATE_MODIFIED`, `UPDT_ID`, `DESCRIPTION`, `NAME`, `TITLE`, `META_DESCRIPTION`, `META_KEYWORDS`, `META_TITLE`, `DOWNLOAD_LNK`, `PRODUCT_HIGHLIGHT`, `SEF_URL`, `LANGUAGE_ID`, `PRODUCT_ID`) VALUES (5,'2022-05-10 15:30:19','2022-05-10 17:22:47',NULL,'','Android 3.0 Cookbook','Android 3.0 Cookbook','','',NULL,NULL,'','android-3-cookbook',1,5);
INSERT INTO `product_description` (`DESCRIPTION_ID`, `DATE_CREATED`, `DATE_MODIFIED`, `UPDT_ID`, `DESCRIPTION`, `NAME`, `TITLE`, `META_DESCRIPTION`, `META_KEYWORDS`, `META_TITLE`, `DOWNLOAD_LNK`, `PRODUCT_HIGHLIGHT`, `SEF_URL`, `LANGUAGE_ID`, `PRODUCT_ID`) VALUES (6,'2022-05-10 15:30:19','2022-05-10 15:30:19',NULL,NULL,'The Big Switch',NULL,NULL,NULL,NULL,NULL,NULL,'the-big-switch',1,6);
INSERT INTO `product_description` (`DESCRIPTION_ID`, `DATE_CREATED`, `DATE_MODIFIED`, `UPDT_ID`, `DESCRIPTION`, `NAME`, `TITLE`, `META_DESCRIPTION`, `META_KEYWORDS`, `META_TITLE`, `DOWNLOAD_LNK`, `PRODUCT_HIGHLIGHT`, `SEF_URL`, `LANGUAGE_ID`, `PRODUCT_ID`) VALUES (7,'2022-05-11 13:30:55','2022-05-11 13:30:55',NULL,'5','4','4',NULL,NULL,NULL,NULL,NULL,'4',1,50);
INSERT INTO `product_description` (`DESCRIPTION_ID`, `DATE_CREATED`, `DATE_MODIFIED`, `UPDT_ID`, `DESCRIPTION`, `NAME`, `TITLE`, `META_DESCRIPTION`, `META_KEYWORDS`, `META_TITLE`, `DOWNLOAD_LNK`, `PRODUCT_HIGHLIGHT`, `SEF_URL`, `LANGUAGE_ID`, `PRODUCT_ID`) VALUES (8,'2022-05-11 13:44:33','2022-05-11 13:44:33',NULL,'5','4','4',NULL,NULL,NULL,NULL,NULL,'4',1,51);
INSERT INTO `product_description` (`DESCRIPTION_ID`, `DATE_CREATED`, `DATE_MODIFIED`, `UPDT_ID`, `DESCRIPTION`, `NAME`, `TITLE`, `META_DESCRIPTION`, `META_KEYWORDS`, `META_TITLE`, `DOWNLOAD_LNK`, `PRODUCT_HIGHLIGHT`, `SEF_URL`, `LANGUAGE_ID`, `PRODUCT_ID`) VALUES (9,'2022-05-11 13:45:41','2022-05-11 13:45:41',NULL,'5','4','4',NULL,NULL,NULL,NULL,NULL,'4',1,52);
INSERT INTO `product_description` (`DESCRIPTION_ID`, `DATE_CREATED`, `DATE_MODIFIED`, `UPDT_ID`, `DESCRIPTION`, `NAME`, `TITLE`, `META_DESCRIPTION`, `META_KEYWORDS`, `META_TITLE`, `DOWNLOAD_LNK`, `PRODUCT_HIGHLIGHT`, `SEF_URL`, `LANGUAGE_ID`, `PRODUCT_ID`) VALUES (11,'2022-05-11 13:51:49','2022-05-11 13:51:49',NULL,'5','4','4',NULL,NULL,NULL,NULL,NULL,'4',1,54);
INSERT INTO `product_description` (`DESCRIPTION_ID`, `DATE_CREATED`, `DATE_MODIFIED`, `UPDT_ID`, `DESCRIPTION`, `NAME`, `TITLE`, `META_DESCRIPTION`, `META_KEYWORDS`, `META_TITLE`, `DOWNLOAD_LNK`, `PRODUCT_HIGHLIGHT`, `SEF_URL`, `LANGUAGE_ID`, `PRODUCT_ID`) VALUES (12,'2022-05-12 08:28:54','2022-05-12 08:28:54',NULL,'5','4','4',NULL,NULL,NULL,NULL,NULL,'4',1,100);
INSERT INTO `product_description` (`DESCRIPTION_ID`, `DATE_CREATED`, `DATE_MODIFIED`, `UPDT_ID`, `DESCRIPTION`, `NAME`, `TITLE`, `META_DESCRIPTION`, `META_KEYWORDS`, `META_TITLE`, `DOWNLOAD_LNK`, `PRODUCT_HIGHLIGHT`, `SEF_URL`, `LANGUAGE_ID`, `PRODUCT_ID`) VALUES (14,'2022-05-12 10:06:37','2022-05-12 10:06:37',NULL,'5','4','4',NULL,NULL,NULL,NULL,NULL,'4',1,200);
INSERT INTO `product_description` (`DESCRIPTION_ID`, `DATE_CREATED`, `DATE_MODIFIED`, `UPDT_ID`, `DESCRIPTION`, `NAME`, `TITLE`, `META_DESCRIPTION`, `META_KEYWORDS`, `META_TITLE`, `DOWNLOAD_LNK`, `PRODUCT_HIGHLIGHT`, `SEF_URL`, `LANGUAGE_ID`, `PRODUCT_ID`) VALUES (16,'2022-05-12 10:30:27','2022-05-12 10:30:27',NULL,'5','4','4',NULL,NULL,NULL,NULL,NULL,'4',1,300);
INSERT INTO `product_description` (`DESCRIPTION_ID`, `DATE_CREATED`, `DATE_MODIFIED`, `UPDT_ID`, `DESCRIPTION`, `NAME`, `TITLE`, `META_DESCRIPTION`, `META_KEYWORDS`, `META_TITLE`, `DOWNLOAD_LNK`, `PRODUCT_HIGHLIGHT`, `SEF_URL`, `LANGUAGE_ID`, `PRODUCT_ID`) VALUES (17,'2022-05-12 10:31:46','2022-05-12 10:31:46',NULL,'5','4','4',NULL,NULL,NULL,NULL,NULL,'4',1,301);
INSERT INTO `product_description` (`DESCRIPTION_ID`, `DATE_CREATED`, `DATE_MODIFIED`, `UPDT_ID`, `DESCRIPTION`, `NAME`, `TITLE`, `META_DESCRIPTION`, `META_KEYWORDS`, `META_TITLE`, `DOWNLOAD_LNK`, `PRODUCT_HIGHLIGHT`, `SEF_URL`, `LANGUAGE_ID`, `PRODUCT_ID`) VALUES (19,'2022-05-12 10:35:38','2022-05-12 10:35:38',NULL,'5','4','4',NULL,NULL,NULL,NULL,NULL,'4',1,351);
INSERT INTO `product_description` (`DESCRIPTION_ID`, `DATE_CREATED`, `DATE_MODIFIED`, `UPDT_ID`, `DESCRIPTION`, `NAME`, `TITLE`, `META_DESCRIPTION`, `META_KEYWORDS`, `META_TITLE`, `DOWNLOAD_LNK`, `PRODUCT_HIGHLIGHT`, `SEF_URL`, `LANGUAGE_ID`, `PRODUCT_ID`) VALUES (20,'2022-05-12 10:43:48','2022-05-12 10:43:48',NULL,'5','4','4',NULL,NULL,NULL,NULL,NULL,'4',1,400);
INSERT INTO `product_description` (`DESCRIPTION_ID`, `DATE_CREATED`, `DATE_MODIFIED`, `UPDT_ID`, `DESCRIPTION`, `NAME`, `TITLE`, `META_DESCRIPTION`, `META_KEYWORDS`, `META_TITLE`, `DOWNLOAD_LNK`, `PRODUCT_HIGHLIGHT`, `SEF_URL`, `LANGUAGE_ID`, `PRODUCT_ID`) VALUES (24,'2022-05-12 11:41:54','2022-05-12 11:41:54',NULL,'5','4','4',NULL,NULL,NULL,NULL,NULL,'4',1,550);
INSERT INTO `product_description` (`DESCRIPTION_ID`, `DATE_CREATED`, `DATE_MODIFIED`, `UPDT_ID`, `DESCRIPTION`, `NAME`, `TITLE`, `META_DESCRIPTION`, `META_KEYWORDS`, `META_TITLE`, `DOWNLOAD_LNK`, `PRODUCT_HIGHLIGHT`, `SEF_URL`, `LANGUAGE_ID`, `PRODUCT_ID`) VALUES (25,'2022-05-12 11:52:58','2022-05-12 11:52:58',NULL,'5','4','4',NULL,NULL,NULL,NULL,NULL,'4',1,600);
INSERT INTO `product_description` (`DESCRIPTION_ID`, `DATE_CREATED`, `DATE_MODIFIED`, `UPDT_ID`, `DESCRIPTION`, `NAME`, `TITLE`, `META_DESCRIPTION`, `META_KEYWORDS`, `META_TITLE`, `DOWNLOAD_LNK`, `PRODUCT_HIGHLIGHT`, `SEF_URL`, `LANGUAGE_ID`, `PRODUCT_ID`) VALUES (26,'2022-05-12 12:03:45','2022-05-12 12:03:45',NULL,'5','4','4',NULL,NULL,NULL,NULL,NULL,'4',1,650);
INSERT INTO `product_description` (`DESCRIPTION_ID`, `DATE_CREATED`, `DATE_MODIFIED`, `UPDT_ID`, `DESCRIPTION`, `NAME`, `TITLE`, `META_DESCRIPTION`, `META_KEYWORDS`, `META_TITLE`, `DOWNLOAD_LNK`, `PRODUCT_HIGHLIGHT`, `SEF_URL`, `LANGUAGE_ID`, `PRODUCT_ID`) VALUES (27,'2022-05-12 13:23:50','2022-05-12 13:23:50',NULL,'5','4','4',NULL,NULL,NULL,NULL,NULL,'4',1,700);
INSERT INTO `product_description` (`DESCRIPTION_ID`, `DATE_CREATED`, `DATE_MODIFIED`, `UPDT_ID`, `DESCRIPTION`, `NAME`, `TITLE`, `META_DESCRIPTION`, `META_KEYWORDS`, `META_TITLE`, `DOWNLOAD_LNK`, `PRODUCT_HIGHLIGHT`, `SEF_URL`, `LANGUAGE_ID`, `PRODUCT_ID`) VALUES (28,'2022-05-12 13:32:58','2022-05-12 13:32:58',NULL,'5','4','4',NULL,NULL,NULL,NULL,NULL,'4',1,750);
INSERT INTO `product_description` (`DESCRIPTION_ID`, `DATE_CREATED`, `DATE_MODIFIED`, `UPDT_ID`, `DESCRIPTION`, `NAME`, `TITLE`, `META_DESCRIPTION`, `META_KEYWORDS`, `META_TITLE`, `DOWNLOAD_LNK`, `PRODUCT_HIGHLIGHT`, `SEF_URL`, `LANGUAGE_ID`, `PRODUCT_ID`) VALUES (29,'2022-05-12 17:20:27','2022-05-12 17:20:27',NULL,'5','4','4',NULL,NULL,NULL,NULL,NULL,'4',1,800);
INSERT INTO `product_description` (`DESCRIPTION_ID`, `DATE_CREATED`, `DATE_MODIFIED`, `UPDT_ID`, `DESCRIPTION`, `NAME`, `TITLE`, `META_DESCRIPTION`, `META_KEYWORDS`, `META_TITLE`, `DOWNLOAD_LNK`, `PRODUCT_HIGHLIGHT`, `SEF_URL`, `LANGUAGE_ID`, `PRODUCT_ID`) VALUES (30,'2022-05-12 17:21:41','2022-05-12 17:21:41',NULL,'5','4','4',NULL,NULL,NULL,NULL,NULL,'4',1,801);
INSERT INTO `product_description` (`DESCRIPTION_ID`, `DATE_CREATED`, `DATE_MODIFIED`, `UPDT_ID`, `DESCRIPTION`, `NAME`, `TITLE`, `META_DESCRIPTION`, `META_KEYWORDS`, `META_TITLE`, `DOWNLOAD_LNK`, `PRODUCT_HIGHLIGHT`, `SEF_URL`, `LANGUAGE_ID`, `PRODUCT_ID`) VALUES (31,'2022-05-12 17:25:56','2022-05-12 17:25:56',NULL,'5','4','4',NULL,NULL,NULL,NULL,NULL,'4',1,802);
INSERT INTO `product_description` (`DESCRIPTION_ID`, `DATE_CREATED`, `DATE_MODIFIED`, `UPDT_ID`, `DESCRIPTION`, `NAME`, `TITLE`, `META_DESCRIPTION`, `META_KEYWORDS`, `META_TITLE`, `DOWNLOAD_LNK`, `PRODUCT_HIGHLIGHT`, `SEF_URL`, `LANGUAGE_ID`, `PRODUCT_ID`) VALUES (33,'2022-05-12 17:31:22','2022-05-12 17:31:22',NULL,'5','4','4',NULL,NULL,NULL,NULL,NULL,'4',1,804);
INSERT INTO `product_description` (`DESCRIPTION_ID`, `DATE_CREATED`, `DATE_MODIFIED`, `UPDT_ID`, `DESCRIPTION`, `NAME`, `TITLE`, `META_DESCRIPTION`, `META_KEYWORDS`, `META_TITLE`, `DOWNLOAD_LNK`, `PRODUCT_HIGHLIGHT`, `SEF_URL`, `LANGUAGE_ID`, `PRODUCT_ID`) VALUES (40,'2022-05-14 14:16:00','2022-05-14 14:16:00',NULL,'5','4','4',NULL,NULL,NULL,NULL,NULL,'4',1,1050);
INSERT INTO `product_description` (`DESCRIPTION_ID`, `DATE_CREATED`, `DATE_MODIFIED`, `UPDT_ID`, `DESCRIPTION`, `NAME`, `TITLE`, `META_DESCRIPTION`, `META_KEYWORDS`, `META_TITLE`, `DOWNLOAD_LNK`, `PRODUCT_HIGHLIGHT`, `SEF_URL`, `LANGUAGE_ID`, `PRODUCT_ID`) VALUES (42,'2022-05-14 16:26:36','2022-05-14 16:26:36',NULL,'5','4','4',NULL,NULL,NULL,NULL,NULL,'4',1,1100);
INSERT INTO `product_description` (`DESCRIPTION_ID`, `DATE_CREATED`, `DATE_MODIFIED`, `UPDT_ID`, `DESCRIPTION`, `NAME`, `TITLE`, `META_DESCRIPTION`, `META_KEYWORDS`, `META_TITLE`, `DOWNLOAD_LNK`, `PRODUCT_HIGHLIGHT`, `SEF_URL`, `LANGUAGE_ID`, `PRODUCT_ID`) VALUES (44,'2022-05-14 16:52:56','2022-05-14 16:52:56',NULL,'5','4','4',NULL,NULL,NULL,NULL,NULL,'4',1,1150);
INSERT INTO `product_description` (`DESCRIPTION_ID`, `DATE_CREATED`, `DATE_MODIFIED`, `UPDT_ID`, `DESCRIPTION`, `NAME`, `TITLE`, `META_DESCRIPTION`, `META_KEYWORDS`, `META_TITLE`, `DOWNLOAD_LNK`, `PRODUCT_HIGHLIGHT`, `SEF_URL`, `LANGUAGE_ID`, `PRODUCT_ID`) VALUES (45,'2022-05-14 17:03:30','2022-05-14 17:03:30',NULL,'176','176','176',NULL,NULL,NULL,NULL,NULL,'176',1,1200);
INSERT INTO `product_description` (`DESCRIPTION_ID`, `DATE_CREATED`, `DATE_MODIFIED`, `UPDT_ID`, `DESCRIPTION`, `NAME`, `TITLE`, `META_DESCRIPTION`, `META_KEYWORDS`, `META_TITLE`, `DOWNLOAD_LNK`, `PRODUCT_HIGHLIGHT`, `SEF_URL`, `LANGUAGE_ID`, `PRODUCT_ID`) VALUES (46,'2022-05-14 17:03:35','2022-05-14 17:03:35',NULL,'177','177','177',NULL,NULL,NULL,NULL,NULL,'177',1,1201);
INSERT INTO `product_description` (`DESCRIPTION_ID`, `DATE_CREATED`, `DATE_MODIFIED`, `UPDT_ID`, `DESCRIPTION`, `NAME`, `TITLE`, `META_DESCRIPTION`, `META_KEYWORDS`, `META_TITLE`, `DOWNLOAD_LNK`, `PRODUCT_HIGHLIGHT`, `SEF_URL`, `LANGUAGE_ID`, `PRODUCT_ID`) VALUES (47,'2022-05-14 19:13:01','2022-05-14 19:13:01',NULL,'181','181','181',NULL,NULL,NULL,NULL,NULL,'181',1,1250);
INSERT INTO `product_description` (`DESCRIPTION_ID`, `DATE_CREATED`, `DATE_MODIFIED`, `UPDT_ID`, `DESCRIPTION`, `NAME`, `TITLE`, `META_DESCRIPTION`, `META_KEYWORDS`, `META_TITLE`, `DOWNLOAD_LNK`, `PRODUCT_HIGHLIGHT`, `SEF_URL`, `LANGUAGE_ID`, `PRODUCT_ID`) VALUES (48,'2022-05-14 21:23:48','2022-05-14 21:23:48',NULL,'182','182','182',NULL,NULL,NULL,NULL,NULL,'182',1,1300);
INSERT INTO `product_description` (`DESCRIPTION_ID`, `DATE_CREATED`, `DATE_MODIFIED`, `UPDT_ID`, `DESCRIPTION`, `NAME`, `TITLE`, `META_DESCRIPTION`, `META_KEYWORDS`, `META_TITLE`, `DOWNLOAD_LNK`, `PRODUCT_HIGHLIGHT`, `SEF_URL`, `LANGUAGE_ID`, `PRODUCT_ID`) VALUES (49,'2022-05-14 21:29:30','2022-05-14 21:29:30',NULL,'183','183','183',NULL,NULL,NULL,NULL,NULL,'183',1,1301);
INSERT INTO `product_description` (`DESCRIPTION_ID`, `DATE_CREATED`, `DATE_MODIFIED`, `UPDT_ID`, `DESCRIPTION`, `NAME`, `TITLE`, `META_DESCRIPTION`, `META_KEYWORDS`, `META_TITLE`, `DOWNLOAD_LNK`, `PRODUCT_HIGHLIGHT`, `SEF_URL`, `LANGUAGE_ID`, `PRODUCT_ID`) VALUES (50,'2022-05-14 21:34:01','2022-05-14 21:34:01',NULL,'184','184','184',NULL,NULL,NULL,NULL,NULL,'184',1,1350);
INSERT INTO `product_description` (`DESCRIPTION_ID`, `DATE_CREATED`, `DATE_MODIFIED`, `UPDT_ID`, `DESCRIPTION`, `NAME`, `TITLE`, `META_DESCRIPTION`, `META_KEYWORDS`, `META_TITLE`, `DOWNLOAD_LNK`, `PRODUCT_HIGHLIGHT`, `SEF_URL`, `LANGUAGE_ID`, `PRODUCT_ID`) VALUES (54,'2022-05-14 22:06:44','2022-05-14 22:06:44',NULL,'188','188','188',NULL,NULL,NULL,NULL,NULL,'188',1,1550);
INSERT INTO `product_description` (`DESCRIPTION_ID`, `DATE_CREATED`, `DATE_MODIFIED`, `UPDT_ID`, `DESCRIPTION`, `NAME`, `TITLE`, `META_DESCRIPTION`, `META_KEYWORDS`, `META_TITLE`, `DOWNLOAD_LNK`, `PRODUCT_HIGHLIGHT`, `SEF_URL`, `LANGUAGE_ID`, `PRODUCT_ID`) VALUES (59,'2022-05-14 23:29:46','2022-05-14 23:29:46',NULL,'193','193','193',NULL,NULL,NULL,NULL,NULL,'193',1,1800);
INSERT INTO `product_description` (`DESCRIPTION_ID`, `DATE_CREATED`, `DATE_MODIFIED`, `UPDT_ID`, `DESCRIPTION`, `NAME`, `TITLE`, `META_DESCRIPTION`, `META_KEYWORDS`, `META_TITLE`, `DOWNLOAD_LNK`, `PRODUCT_HIGHLIGHT`, `SEF_URL`, `LANGUAGE_ID`, `PRODUCT_ID`) VALUES (61,'2022-05-15 12:34:01','2022-05-15 12:34:01',NULL,'194','194','194',NULL,NULL,NULL,NULL,NULL,'194',1,1802);
INSERT INTO `product_description` (`DESCRIPTION_ID`, `DATE_CREATED`, `DATE_MODIFIED`, `UPDT_ID`, `DESCRIPTION`, `NAME`, `TITLE`, `META_DESCRIPTION`, `META_KEYWORDS`, `META_TITLE`, `DOWNLOAD_LNK`, `PRODUCT_HIGHLIGHT`, `SEF_URL`, `LANGUAGE_ID`, `PRODUCT_ID`) VALUES (62,'2022-05-15 14:56:55','2022-05-17 12:46:06',NULL,'198','198','198','','',NULL,NULL,'','198',1,1850);
INSERT INTO `product_description` (`DESCRIPTION_ID`, `DATE_CREATED`, `DATE_MODIFIED`, `UPDT_ID`, `DESCRIPTION`, `NAME`, `TITLE`, `META_DESCRIPTION`, `META_KEYWORDS`, `META_TITLE`, `DOWNLOAD_LNK`, `PRODUCT_HIGHLIGHT`, `SEF_URL`, `LANGUAGE_ID`, `PRODUCT_ID`) VALUES (63,'2022-05-15 14:57:32','2022-05-15 14:57:32',NULL,'199','199','199',NULL,NULL,NULL,NULL,NULL,'199',1,1851);
INSERT INTO `product_description` (`DESCRIPTION_ID`, `DATE_CREATED`, `DATE_MODIFIED`, `UPDT_ID`, `DESCRIPTION`, `NAME`, `TITLE`, `META_DESCRIPTION`, `META_KEYWORDS`, `META_TITLE`, `DOWNLOAD_LNK`, `PRODUCT_HIGHLIGHT`, `SEF_URL`, `LANGUAGE_ID`, `PRODUCT_ID`) VALUES (68,'2022-05-15 15:06:46','2022-05-15 15:06:46',NULL,'205','205','205',NULL,NULL,NULL,NULL,NULL,'205',1,1904);
INSERT INTO `product_description` (`DESCRIPTION_ID`, `DATE_CREATED`, `DATE_MODIFIED`, `UPDT_ID`, `DESCRIPTION`, `NAME`, `TITLE`, `META_DESCRIPTION`, `META_KEYWORDS`, `META_TITLE`, `DOWNLOAD_LNK`, `PRODUCT_HIGHLIGHT`, `SEF_URL`, `LANGUAGE_ID`, `PRODUCT_ID`) VALUES (69,'2022-05-15 15:06:50','2022-05-15 15:06:50',NULL,'206','206','206',NULL,NULL,NULL,NULL,NULL,'206',1,1905);
INSERT INTO `product_description` (`DESCRIPTION_ID`, `DATE_CREATED`, `DATE_MODIFIED`, `UPDT_ID`, `DESCRIPTION`, `NAME`, `TITLE`, `META_DESCRIPTION`, `META_KEYWORDS`, `META_TITLE`, `DOWNLOAD_LNK`, `PRODUCT_HIGHLIGHT`, `SEF_URL`, `LANGUAGE_ID`, `PRODUCT_ID`) VALUES (75,'2022-05-18 22:59:40','2022-05-18 22:59:40',NULL,'desc-1','name-1','name-1',NULL,NULL,NULL,NULL,NULL,'name-1',2,2004);
INSERT INTO `product_description` (`DESCRIPTION_ID`, `DATE_CREATED`, `DATE_MODIFIED`, `UPDT_ID`, `DESCRIPTION`, `NAME`, `TITLE`, `META_DESCRIPTION`, `META_KEYWORDS`, `META_TITLE`, `DOWNLOAD_LNK`, `PRODUCT_HIGHLIGHT`, `SEF_URL`, `LANGUAGE_ID`, `PRODUCT_ID`) VALUES (76,'2022-05-18 22:59:40','2022-05-18 22:59:40',NULL,'desc-1','name-1','name-1',NULL,NULL,NULL,NULL,NULL,'name-1',1,2004);
INSERT INTO `product_description` (`DESCRIPTION_ID`, `DATE_CREATED`, `DATE_MODIFIED`, `UPDT_ID`, `DESCRIPTION`, `NAME`, `TITLE`, `META_DESCRIPTION`, `META_KEYWORDS`, `META_TITLE`, `DOWNLOAD_LNK`, `PRODUCT_HIGHLIGHT`, `SEF_URL`, `LANGUAGE_ID`, `PRODUCT_ID`) VALUES (77,'2022-05-18 22:59:40','2022-05-18 22:59:40',NULL,'desc-1','name-1','name-1',NULL,NULL,NULL,NULL,NULL,'name-1',4,2004);
INSERT INTO `product_description` (`DESCRIPTION_ID`, `DATE_CREATED`, `DATE_MODIFIED`, `UPDT_ID`, `DESCRIPTION`, `NAME`, `TITLE`, `META_DESCRIPTION`, `META_KEYWORDS`, `META_TITLE`, `DOWNLOAD_LNK`, `PRODUCT_HIGHLIGHT`, `SEF_URL`, `LANGUAGE_ID`, `PRODUCT_ID`) VALUES (78,'2022-05-19 08:34:09','2022-05-19 08:34:09',NULL,'desc-1','name-1','name-1',NULL,NULL,NULL,NULL,NULL,'name-1',1,2005);
INSERT INTO `product_description` (`DESCRIPTION_ID`, `DATE_CREATED`, `DATE_MODIFIED`, `UPDT_ID`, `DESCRIPTION`, `NAME`, `TITLE`, `META_DESCRIPTION`, `META_KEYWORDS`, `META_TITLE`, `DOWNLOAD_LNK`, `PRODUCT_HIGHLIGHT`, `SEF_URL`, `LANGUAGE_ID`, `PRODUCT_ID`) VALUES (79,'2022-05-19 08:34:09','2022-05-19 08:34:09',NULL,'desc-1','name-1','name-1',NULL,NULL,NULL,NULL,NULL,'name-1',2,2005);
INSERT INTO `product_description` (`DESCRIPTION_ID`, `DATE_CREATED`, `DATE_MODIFIED`, `UPDT_ID`, `DESCRIPTION`, `NAME`, `TITLE`, `META_DESCRIPTION`, `META_KEYWORDS`, `META_TITLE`, `DOWNLOAD_LNK`, `PRODUCT_HIGHLIGHT`, `SEF_URL`, `LANGUAGE_ID`, `PRODUCT_ID`) VALUES (80,'2022-05-19 08:34:09','2022-05-19 08:34:09',NULL,'desc-1','name-1','name-1',NULL,NULL,NULL,NULL,NULL,'name-1',4,2005);

--
-- Table structure for table `product_digital`
--

DROP TABLE IF EXISTS `product_digital`;
/*!40101 SET @saved_cs_client     = @@character_set_client */;
 SET character_set_client = utf8mb4 ;
CREATE TABLE `product_digital` (
  `PRODUCT_DIGITAL_ID` bigint(20) NOT NULL,
  `FILE_NAME` varchar(255) NOT NULL,
  `PRODUCT_ID` bigint(20) NOT NULL,
  PRIMARY KEY (`PRODUCT_DIGITAL_ID`),
  UNIQUE KEY `UKjuk1qgkh9v5w7ghvb18krwo8v` (`PRODUCT_ID`,`FILE_NAME`),
  CONSTRAINT `FK47fmb5cg68pws7k26txyl1il6` FOREIGN KEY (`PRODUCT_ID`) REFERENCES `product` (`PRODUCT_ID`)
) ENGINE=InnoDB DEFAULT CHARSET=utf8;
/*!40101 SET character_set_client = @saved_cs_client */;

--
-- Dumping data for table `product_digital`
--


--
-- Table structure for table `product_image`
--

DROP TABLE IF EXISTS `product_image`;
/*!40101 SET @saved_cs_client     = @@character_set_client */;
 SET character_set_client = utf8mb4 ;
CREATE TABLE `product_image` (
  `PRODUCT_IMAGE_ID` bigint(20) NOT NULL,
  `DEFAULT_IMAGE` bit(1) DEFAULT NULL,
  `IMAGE_CROP` bit(1) DEFAULT NULL,
  `IMAGE_TYPE` int(11) DEFAULT NULL,
  `PRODUCT_IMAGE` varchar(255) DEFAULT NULL,
  `PRODUCT_IMAGE_URL` varchar(255) DEFAULT NULL,
  `SORT_ORDER` int(11) DEFAULT NULL,
  `PRODUCT_ID` bigint(20) NOT NULL,
  PRIMARY KEY (`PRODUCT_IMAGE_ID`),
  KEY `FKgab836d8rxqg8vv55nm02r65i` (`PRODUCT_ID`),
  CONSTRAINT `FKgab836d8rxqg8vv55nm02r65i` FOREIGN KEY (`PRODUCT_ID`) REFERENCES `product` (`PRODUCT_ID`)
) ENGINE=InnoDB DEFAULT CHARSET=utf8;
/*!40101 SET character_set_client = @saved_cs_client */;

--
-- Dumping data for table `product_image`
--

INSERT INTO `product_image` (`PRODUCT_IMAGE_ID`, `DEFAULT_IMAGE`, `IMAGE_CROP`, `IMAGE_TYPE`, `PRODUCT_IMAGE`, `PRODUCT_IMAGE_URL`, `SORT_ORDER`, `PRODUCT_ID`) VALUES (5,_binary '',_binary '\0',0,'Screenshot (1023).png',NULL,0,5);
INSERT INTO `product_image` (`PRODUCT_IMAGE_ID`, `DEFAULT_IMAGE`, `IMAGE_CROP`, `IMAGE_TYPE`, `PRODUCT_IMAGE`, `PRODUCT_IMAGE_URL`, `SORT_ORDER`, `PRODUCT_ID`) VALUES (50,_binary '',_binary '\0',0,'Screenshot (1023).png',NULL,0,1);
INSERT INTO `product_image` (`PRODUCT_IMAGE_ID`, `DEFAULT_IMAGE`, `IMAGE_CROP`, `IMAGE_TYPE`, `PRODUCT_IMAGE`, `PRODUCT_IMAGE_URL`, `SORT_ORDER`, `PRODUCT_ID`) VALUES (51,_binary '',_binary '\0',0,'Screenshot (1024).png',NULL,0,2);
INSERT INTO `product_image` (`PRODUCT_IMAGE_ID`, `DEFAULT_IMAGE`, `IMAGE_CROP`, `IMAGE_TYPE`, `PRODUCT_IMAGE`, `PRODUCT_IMAGE_URL`, `SORT_ORDER`, `PRODUCT_ID`) VALUES (52,_binary '',_binary '\0',0,'Screenshot (1023).png',NULL,0,6);
INSERT INTO `product_image` (`PRODUCT_IMAGE_ID`, `DEFAULT_IMAGE`, `IMAGE_CROP`, `IMAGE_TYPE`, `PRODUCT_IMAGE`, `PRODUCT_IMAGE_URL`, `SORT_ORDER`, `PRODUCT_ID`) VALUES (53,_binary '',_binary '\0',0,'Screenshot (1023).png',NULL,0,3);
INSERT INTO `product_image` (`PRODUCT_IMAGE_ID`, `DEFAULT_IMAGE`, `IMAGE_CROP`, `IMAGE_TYPE`, `PRODUCT_IMAGE`, `PRODUCT_IMAGE_URL`, `SORT_ORDER`, `PRODUCT_ID`) VALUES (54,_binary '',_binary '\0',0,'Screenshot (1026).png',NULL,0,4);
INSERT INTO `product_image` (`PRODUCT_IMAGE_ID`, `DEFAULT_IMAGE`, `IMAGE_CROP`, `IMAGE_TYPE`, `PRODUCT_IMAGE`, `PRODUCT_IMAGE_URL`, `SORT_ORDER`, `PRODUCT_ID`) VALUES (100,_binary '',_binary '\0',0,'Screenshot (1046).png',NULL,0,5);
INSERT INTO `product_image` (`PRODUCT_IMAGE_ID`, `DEFAULT_IMAGE`, `IMAGE_CROP`, `IMAGE_TYPE`, `PRODUCT_IMAGE`, `PRODUCT_IMAGE_URL`, `SORT_ORDER`, `PRODUCT_ID`) VALUES (150,_binary '',_binary '\0',0,'Screenshot (1027).png',NULL,0,5);
INSERT INTO `product_image` (`PRODUCT_IMAGE_ID`, `DEFAULT_IMAGE`, `IMAGE_CROP`, `IMAGE_TYPE`, `PRODUCT_IMAGE`, `PRODUCT_IMAGE_URL`, `SORT_ORDER`, `PRODUCT_ID`) VALUES (151,_binary '',_binary '\0',0,'Screenshot (1038).png',NULL,0,5);
INSERT INTO `product_image` (`PRODUCT_IMAGE_ID`, `DEFAULT_IMAGE`, `IMAGE_CROP`, `IMAGE_TYPE`, `PRODUCT_IMAGE`, `PRODUCT_IMAGE_URL`, `SORT_ORDER`, `PRODUCT_ID`) VALUES (152,_binary '',_binary '\0',0,'Screenshot (1050).png',NULL,0,5);
INSERT INTO `product_image` (`PRODUCT_IMAGE_ID`, `DEFAULT_IMAGE`, `IMAGE_CROP`, `IMAGE_TYPE`, `PRODUCT_IMAGE`, `PRODUCT_IMAGE_URL`, `SORT_ORDER`, `PRODUCT_ID`) VALUES (153,_binary '',_binary '\0',0,'Screenshot (1057).png',NULL,0,5);
INSERT INTO `product_image` (`PRODUCT_IMAGE_ID`, `DEFAULT_IMAGE`, `IMAGE_CROP`, `IMAGE_TYPE`, `PRODUCT_IMAGE`, `PRODUCT_IMAGE_URL`, `SORT_ORDER`, `PRODUCT_ID`) VALUES (154,_binary '',_binary '\0',0,'Screenshot (1068).png',NULL,0,5);
INSERT INTO `product_image` (`PRODUCT_IMAGE_ID`, `DEFAULT_IMAGE`, `IMAGE_CROP`, `IMAGE_TYPE`, `PRODUCT_IMAGE`, `PRODUCT_IMAGE_URL`, `SORT_ORDER`, `PRODUCT_ID`) VALUES (200,_binary '',_binary '\0',0,'img_1.jpg',NULL,0,54);
INSERT INTO `product_image` (`PRODUCT_IMAGE_ID`, `DEFAULT_IMAGE`, `IMAGE_CROP`, `IMAGE_TYPE`, `PRODUCT_IMAGE`, `PRODUCT_IMAGE_URL`, `SORT_ORDER`, `PRODUCT_ID`) VALUES (250,_binary '',_binary '\0',0,'img_1.jpg',NULL,0,100);
INSERT INTO `product_image` (`PRODUCT_IMAGE_ID`, `DEFAULT_IMAGE`, `IMAGE_CROP`, `IMAGE_TYPE`, `PRODUCT_IMAGE`, `PRODUCT_IMAGE_URL`, `SORT_ORDER`, `PRODUCT_ID`) VALUES (300,_binary '\0',_binary '\0',0,'img_2.jpg',NULL,0,200);
INSERT INTO `product_image` (`PRODUCT_IMAGE_ID`, `DEFAULT_IMAGE`, `IMAGE_CROP`, `IMAGE_TYPE`, `PRODUCT_IMAGE`, `PRODUCT_IMAGE_URL`, `SORT_ORDER`, `PRODUCT_ID`) VALUES (350,_binary '\0',_binary '\0',0,'img_2.jpg',NULL,0,300);
INSERT INTO `product_image` (`PRODUCT_IMAGE_ID`, `DEFAULT_IMAGE`, `IMAGE_CROP`, `IMAGE_TYPE`, `PRODUCT_IMAGE`, `PRODUCT_IMAGE_URL`, `SORT_ORDER`, `PRODUCT_ID`) VALUES (351,_binary '\0',_binary '\0',0,'img_2.jpg',NULL,0,301);
INSERT INTO `product_image` (`PRODUCT_IMAGE_ID`, `DEFAULT_IMAGE`, `IMAGE_CROP`, `IMAGE_TYPE`, `PRODUCT_IMAGE`, `PRODUCT_IMAGE_URL`, `SORT_ORDER`, `PRODUCT_ID`) VALUES (400,_binary '\0',_binary '\0',0,'img_2.jpg',NULL,0,351);
INSERT INTO `product_image` (`PRODUCT_IMAGE_ID`, `DEFAULT_IMAGE`, `IMAGE_CROP`, `IMAGE_TYPE`, `PRODUCT_IMAGE`, `PRODUCT_IMAGE_URL`, `SORT_ORDER`, `PRODUCT_ID`) VALUES (450,_binary '\0',_binary '\0',0,'img_2.jpg',NULL,0,400);
INSERT INTO `product_image` (`PRODUCT_IMAGE_ID`, `DEFAULT_IMAGE`, `IMAGE_CROP`, `IMAGE_TYPE`, `PRODUCT_IMAGE`, `PRODUCT_IMAGE_URL`, `SORT_ORDER`, `PRODUCT_ID`) VALUES (500,_binary '\0',_binary '\0',0,'img_2.jpg',NULL,0,550);
INSERT INTO `product_image` (`PRODUCT_IMAGE_ID`, `DEFAULT_IMAGE`, `IMAGE_CROP`, `IMAGE_TYPE`, `PRODUCT_IMAGE`, `PRODUCT_IMAGE_URL`, `SORT_ORDER`, `PRODUCT_ID`) VALUES (550,_binary '\0',_binary '\0',0,'img_2.jpg',NULL,0,600);
INSERT INTO `product_image` (`PRODUCT_IMAGE_ID`, `DEFAULT_IMAGE`, `IMAGE_CROP`, `IMAGE_TYPE`, `PRODUCT_IMAGE`, `PRODUCT_IMAGE_URL`, `SORT_ORDER`, `PRODUCT_ID`) VALUES (600,_binary '\0',_binary '\0',0,'img_2.jpg',NULL,0,650);
INSERT INTO `product_image` (`PRODUCT_IMAGE_ID`, `DEFAULT_IMAGE`, `IMAGE_CROP`, `IMAGE_TYPE`, `PRODUCT_IMAGE`, `PRODUCT_IMAGE_URL`, `SORT_ORDER`, `PRODUCT_ID`) VALUES (650,_binary '\0',_binary '\0',0,'img_2.jpg',NULL,0,700);
INSERT INTO `product_image` (`PRODUCT_IMAGE_ID`, `DEFAULT_IMAGE`, `IMAGE_CROP`, `IMAGE_TYPE`, `PRODUCT_IMAGE`, `PRODUCT_IMAGE_URL`, `SORT_ORDER`, `PRODUCT_ID`) VALUES (700,_binary '\0',_binary '\0',0,'img_2.jpg',NULL,0,750);
INSERT INTO `product_image` (`PRODUCT_IMAGE_ID`, `DEFAULT_IMAGE`, `IMAGE_CROP`, `IMAGE_TYPE`, `PRODUCT_IMAGE`, `PRODUCT_IMAGE_URL`, `SORT_ORDER`, `PRODUCT_ID`) VALUES (750,_binary '\0',_binary '\0',0,'img_2.jpg',NULL,0,800);
INSERT INTO `product_image` (`PRODUCT_IMAGE_ID`, `DEFAULT_IMAGE`, `IMAGE_CROP`, `IMAGE_TYPE`, `PRODUCT_IMAGE`, `PRODUCT_IMAGE_URL`, `SORT_ORDER`, `PRODUCT_ID`) VALUES (751,_binary '\0',_binary '\0',0,'img_2.jpg',NULL,0,801);
INSERT INTO `product_image` (`PRODUCT_IMAGE_ID`, `DEFAULT_IMAGE`, `IMAGE_CROP`, `IMAGE_TYPE`, `PRODUCT_IMAGE`, `PRODUCT_IMAGE_URL`, `SORT_ORDER`, `PRODUCT_ID`) VALUES (752,_binary '\0',_binary '\0',0,'img_2.jpg',NULL,0,802);
INSERT INTO `product_image` (`PRODUCT_IMAGE_ID`, `DEFAULT_IMAGE`, `IMAGE_CROP`, `IMAGE_TYPE`, `PRODUCT_IMAGE`, `PRODUCT_IMAGE_URL`, `SORT_ORDER`, `PRODUCT_ID`) VALUES (753,_binary '\0',_binary '\0',0,'img_2.jpg',NULL,0,804);
INSERT INTO `product_image` (`PRODUCT_IMAGE_ID`, `DEFAULT_IMAGE`, `IMAGE_CROP`, `IMAGE_TYPE`, `PRODUCT_IMAGE`, `PRODUCT_IMAGE_URL`, `SORT_ORDER`, `PRODUCT_ID`) VALUES (800,_binary '\0',_binary '\0',0,'img_2.jpg',NULL,0,1050);
INSERT INTO `product_image` (`PRODUCT_IMAGE_ID`, `DEFAULT_IMAGE`, `IMAGE_CROP`, `IMAGE_TYPE`, `PRODUCT_IMAGE`, `PRODUCT_IMAGE_URL`, `SORT_ORDER`, `PRODUCT_ID`) VALUES (850,_binary '\0',_binary '\0',0,'img_2.png',NULL,0,1100);
INSERT INTO `product_image` (`PRODUCT_IMAGE_ID`, `DEFAULT_IMAGE`, `IMAGE_CROP`, `IMAGE_TYPE`, `PRODUCT_IMAGE`, `PRODUCT_IMAGE_URL`, `SORT_ORDER`, `PRODUCT_ID`) VALUES (900,_binary '\0',_binary '\0',0,'img_2.png',NULL,0,1150);
INSERT INTO `product_image` (`PRODUCT_IMAGE_ID`, `DEFAULT_IMAGE`, `IMAGE_CROP`, `IMAGE_TYPE`, `PRODUCT_IMAGE`, `PRODUCT_IMAGE_URL`, `SORT_ORDER`, `PRODUCT_ID`) VALUES (950,_binary '\0',_binary '\0',0,'img_2.png',NULL,0,1200);
INSERT INTO `product_image` (`PRODUCT_IMAGE_ID`, `DEFAULT_IMAGE`, `IMAGE_CROP`, `IMAGE_TYPE`, `PRODUCT_IMAGE`, `PRODUCT_IMAGE_URL`, `SORT_ORDER`, `PRODUCT_ID`) VALUES (951,_binary '\0',_binary '\0',0,'img_2.png',NULL,0,1201);
INSERT INTO `product_image` (`PRODUCT_IMAGE_ID`, `DEFAULT_IMAGE`, `IMAGE_CROP`, `IMAGE_TYPE`, `PRODUCT_IMAGE`, `PRODUCT_IMAGE_URL`, `SORT_ORDER`, `PRODUCT_ID`) VALUES (1000,_binary '\0',_binary '\0',0,'img_2.png',NULL,0,1250);
INSERT INTO `product_image` (`PRODUCT_IMAGE_ID`, `DEFAULT_IMAGE`, `IMAGE_CROP`, `IMAGE_TYPE`, `PRODUCT_IMAGE`, `PRODUCT_IMAGE_URL`, `SORT_ORDER`, `PRODUCT_ID`) VALUES (1050,_binary '\0',_binary '\0',1,NULL,NULL,0,1300);
INSERT INTO `product_image` (`PRODUCT_IMAGE_ID`, `DEFAULT_IMAGE`, `IMAGE_CROP`, `IMAGE_TYPE`, `PRODUCT_IMAGE`, `PRODUCT_IMAGE_URL`, `SORT_ORDER`, `PRODUCT_ID`) VALUES (1051,_binary '\0',_binary '\0',0,NULL,NULL,0,1301);
INSERT INTO `product_image` (`PRODUCT_IMAGE_ID`, `DEFAULT_IMAGE`, `IMAGE_CROP`, `IMAGE_TYPE`, `PRODUCT_IMAGE`, `PRODUCT_IMAGE_URL`, `SORT_ORDER`, `PRODUCT_ID`) VALUES (1100,_binary '\0',_binary '\0',0,NULL,NULL,0,1350);
INSERT INTO `product_image` (`PRODUCT_IMAGE_ID`, `DEFAULT_IMAGE`, `IMAGE_CROP`, `IMAGE_TYPE`, `PRODUCT_IMAGE`, `PRODUCT_IMAGE_URL`, `SORT_ORDER`, `PRODUCT_ID`) VALUES (1150,_binary '\0',_binary '\0',0,NULL,NULL,0,1550);
INSERT INTO `product_image` (`PRODUCT_IMAGE_ID`, `DEFAULT_IMAGE`, `IMAGE_CROP`, `IMAGE_TYPE`, `PRODUCT_IMAGE`, `PRODUCT_IMAGE_URL`, `SORT_ORDER`, `PRODUCT_ID`) VALUES (1200,_binary '',_binary '\0',0,'img_2.png',NULL,0,1800);
INSERT INTO `product_image` (`PRODUCT_IMAGE_ID`, `DEFAULT_IMAGE`, `IMAGE_CROP`, `IMAGE_TYPE`, `PRODUCT_IMAGE`, `PRODUCT_IMAGE_URL`, `SORT_ORDER`, `PRODUCT_ID`) VALUES (1201,_binary '',_binary '\0',0,'img_2.png',NULL,0,1802);
INSERT INTO `product_image` (`PRODUCT_IMAGE_ID`, `DEFAULT_IMAGE`, `IMAGE_CROP`, `IMAGE_TYPE`, `PRODUCT_IMAGE`, `PRODUCT_IMAGE_URL`, `SORT_ORDER`, `PRODUCT_ID`) VALUES (1250,_binary '',_binary '\0',0,'img_2.png',NULL,0,1850);
INSERT INTO `product_image` (`PRODUCT_IMAGE_ID`, `DEFAULT_IMAGE`, `IMAGE_CROP`, `IMAGE_TYPE`, `PRODUCT_IMAGE`, `PRODUCT_IMAGE_URL`, `SORT_ORDER`, `PRODUCT_ID`) VALUES (1251,_binary '',_binary '\0',0,'img_2.png',NULL,0,1851);
INSERT INTO `product_image` (`PRODUCT_IMAGE_ID`, `DEFAULT_IMAGE`, `IMAGE_CROP`, `IMAGE_TYPE`, `PRODUCT_IMAGE`, `PRODUCT_IMAGE_URL`, `SORT_ORDER`, `PRODUCT_ID`) VALUES (1300,_binary '',_binary '\0',0,'img_2.png',NULL,0,1904);
INSERT INTO `product_image` (`PRODUCT_IMAGE_ID`, `DEFAULT_IMAGE`, `IMAGE_CROP`, `IMAGE_TYPE`, `PRODUCT_IMAGE`, `PRODUCT_IMAGE_URL`, `SORT_ORDER`, `PRODUCT_ID`) VALUES (1301,_binary '',_binary '\0',0,'img_2.png',NULL,0,1905);
INSERT INTO `product_image` (`PRODUCT_IMAGE_ID`, `DEFAULT_IMAGE`, `IMAGE_CROP`, `IMAGE_TYPE`, `PRODUCT_IMAGE`, `PRODUCT_IMAGE_URL`, `SORT_ORDER`, `PRODUCT_ID`) VALUES (1350,_binary '',_binary '\0',0,'img_1.png',NULL,0,2005);
INSERT INTO `product_image` (`PRODUCT_IMAGE_ID`, `DEFAULT_IMAGE`, `IMAGE_CROP`, `IMAGE_TYPE`, `PRODUCT_IMAGE`, `PRODUCT_IMAGE_URL`, `SORT_ORDER`, `PRODUCT_ID`) VALUES (1351,_binary '',_binary '\0',0,'img_2.png',NULL,0,2005);

--
-- Table structure for table `product_image_description`
--

DROP TABLE IF EXISTS `product_image_description`;
/*!40101 SET @saved_cs_client     = @@character_set_client */;
 SET character_set_client = utf8mb4 ;
CREATE TABLE `product_image_description` (
  `DESCRIPTION_ID` bigint(20) NOT NULL,
  `DATE_CREATED` datetime DEFAULT NULL,
  `DATE_MODIFIED` datetime DEFAULT NULL,
  `UPDT_ID` varchar(60) DEFAULT NULL,
  `DESCRIPTION` longtext,
  `NAME` varchar(120) NOT NULL,
  `TITLE` varchar(100) DEFAULT NULL,
  `ALT_TAG` varchar(100) DEFAULT NULL,
  `LANGUAGE_ID` int(11) NOT NULL,
  `PRODUCT_IMAGE_ID` bigint(20) NOT NULL,
  PRIMARY KEY (`DESCRIPTION_ID`),
  UNIQUE KEY `UKn7yhdj6ccydgf201gibb882cd` (`PRODUCT_IMAGE_ID`,`LANGUAGE_ID`),
  KEY `FKlhdnpki4sf98wev0pcj2bvnih` (`LANGUAGE_ID`),
  CONSTRAINT `FK1dhldo18nj9l2y6qympgucynq` FOREIGN KEY (`PRODUCT_IMAGE_ID`) REFERENCES `product_image` (`PRODUCT_IMAGE_ID`),
  CONSTRAINT `FKlhdnpki4sf98wev0pcj2bvnih` FOREIGN KEY (`LANGUAGE_ID`) REFERENCES `language` (`LANGUAGE_ID`)
) ENGINE=InnoDB DEFAULT CHARSET=utf8;
/*!40101 SET character_set_client = @saved_cs_client */;

--
-- Dumping data for table `product_image_description`
--


--
-- Table structure for table `product_opt_set_opt_value`
--

DROP TABLE IF EXISTS `product_opt_set_opt_value`;
/*!40101 SET @saved_cs_client     = @@character_set_client */;
 SET character_set_client = utf8mb4 ;
CREATE TABLE `product_opt_set_opt_value` (
  `ProductOptionSet_PRODUCT_OPTION_SET_ID` bigint(20) NOT NULL,
  `values_PRODUCT_OPTION_VALUE_ID` bigint(20) NOT NULL,
  KEY `FK9dwatblxwc64a5la3bb7qnwd8` (`values_PRODUCT_OPTION_VALUE_ID`),
  KEY `FK3u6iyag8x8w9tkt7sqcoibjq6` (`ProductOptionSet_PRODUCT_OPTION_SET_ID`),
  CONSTRAINT `FK3u6iyag8x8w9tkt7sqcoibjq6` FOREIGN KEY (`ProductOptionSet_PRODUCT_OPTION_SET_ID`) REFERENCES `product_option_set` (`PRODUCT_OPTION_SET_ID`),
  CONSTRAINT `FK9dwatblxwc64a5la3bb7qnwd8` FOREIGN KEY (`values_PRODUCT_OPTION_VALUE_ID`) REFERENCES `product_option_value` (`PRODUCT_OPTION_VALUE_ID`)
) ENGINE=InnoDB DEFAULT CHARSET=utf8;
/*!40101 SET character_set_client = @saved_cs_client */;

--
-- Dumping data for table `product_opt_set_opt_value`
--


--
-- Table structure for table `product_opt_set_prd_type`
--

DROP TABLE IF EXISTS `product_opt_set_prd_type`;
/*!40101 SET @saved_cs_client     = @@character_set_client */;
 SET character_set_client = utf8mb4 ;
CREATE TABLE `product_opt_set_prd_type` (
  `ProductOptionSet_PRODUCT_OPTION_SET_ID` bigint(20) NOT NULL,
  `productTypes_PRODUCT_TYPE_ID` bigint(20) NOT NULL,
  PRIMARY KEY (`ProductOptionSet_PRODUCT_OPTION_SET_ID`,`productTypes_PRODUCT_TYPE_ID`),
  KEY `FKiem30u1enm0p25i7t53jganf4` (`productTypes_PRODUCT_TYPE_ID`),
  CONSTRAINT `FK4655h91s0eiinonako9n4h9ha` FOREIGN KEY (`ProductOptionSet_PRODUCT_OPTION_SET_ID`) REFERENCES `product_option_set` (`PRODUCT_OPTION_SET_ID`),
  CONSTRAINT `FKiem30u1enm0p25i7t53jganf4` FOREIGN KEY (`productTypes_PRODUCT_TYPE_ID`) REFERENCES `product_type` (`PRODUCT_TYPE_ID`)
) ENGINE=InnoDB DEFAULT CHARSET=utf8;
/*!40101 SET character_set_client = @saved_cs_client */;

--
-- Dumping data for table `product_opt_set_prd_type`
--

INSERT INTO `product_opt_set_prd_type` (`ProductOptionSet_PRODUCT_OPTION_SET_ID`, `productTypes_PRODUCT_TYPE_ID`) VALUES (1,50);
INSERT INTO `product_opt_set_prd_type` (`ProductOptionSet_PRODUCT_OPTION_SET_ID`, `productTypes_PRODUCT_TYPE_ID`) VALUES (2,50);
INSERT INTO `product_opt_set_prd_type` (`ProductOptionSet_PRODUCT_OPTION_SET_ID`, `productTypes_PRODUCT_TYPE_ID`) VALUES (1,51);
INSERT INTO `product_opt_set_prd_type` (`ProductOptionSet_PRODUCT_OPTION_SET_ID`, `productTypes_PRODUCT_TYPE_ID`) VALUES (2,51);
INSERT INTO `product_opt_set_prd_type` (`ProductOptionSet_PRODUCT_OPTION_SET_ID`, `productTypes_PRODUCT_TYPE_ID`) VALUES (1,52);
INSERT INTO `product_opt_set_prd_type` (`ProductOptionSet_PRODUCT_OPTION_SET_ID`, `productTypes_PRODUCT_TYPE_ID`) VALUES (2,52);
INSERT INTO `product_opt_set_prd_type` (`ProductOptionSet_PRODUCT_OPTION_SET_ID`, `productTypes_PRODUCT_TYPE_ID`) VALUES (1,53);
INSERT INTO `product_opt_set_prd_type` (`ProductOptionSet_PRODUCT_OPTION_SET_ID`, `productTypes_PRODUCT_TYPE_ID`) VALUES (2,53);
INSERT INTO `product_opt_set_prd_type` (`ProductOptionSet_PRODUCT_OPTION_SET_ID`, `productTypes_PRODUCT_TYPE_ID`) VALUES (1,54);
INSERT INTO `product_opt_set_prd_type` (`ProductOptionSet_PRODUCT_OPTION_SET_ID`, `productTypes_PRODUCT_TYPE_ID`) VALUES (2,54);
INSERT INTO `product_opt_set_prd_type` (`ProductOptionSet_PRODUCT_OPTION_SET_ID`, `productTypes_PRODUCT_TYPE_ID`) VALUES (1,55);
INSERT INTO `product_opt_set_prd_type` (`ProductOptionSet_PRODUCT_OPTION_SET_ID`, `productTypes_PRODUCT_TYPE_ID`) VALUES (2,55);
INSERT INTO `product_opt_set_prd_type` (`ProductOptionSet_PRODUCT_OPTION_SET_ID`, `productTypes_PRODUCT_TYPE_ID`) VALUES (1,56);
INSERT INTO `product_opt_set_prd_type` (`ProductOptionSet_PRODUCT_OPTION_SET_ID`, `productTypes_PRODUCT_TYPE_ID`) VALUES (2,56);
INSERT INTO `product_opt_set_prd_type` (`ProductOptionSet_PRODUCT_OPTION_SET_ID`, `productTypes_PRODUCT_TYPE_ID`) VALUES (1,57);
INSERT INTO `product_opt_set_prd_type` (`ProductOptionSet_PRODUCT_OPTION_SET_ID`, `productTypes_PRODUCT_TYPE_ID`) VALUES (2,57);
INSERT INTO `product_opt_set_prd_type` (`ProductOptionSet_PRODUCT_OPTION_SET_ID`, `productTypes_PRODUCT_TYPE_ID`) VALUES (1,58);
INSERT INTO `product_opt_set_prd_type` (`ProductOptionSet_PRODUCT_OPTION_SET_ID`, `productTypes_PRODUCT_TYPE_ID`) VALUES (2,58);
INSERT INTO `product_opt_set_prd_type` (`ProductOptionSet_PRODUCT_OPTION_SET_ID`, `productTypes_PRODUCT_TYPE_ID`) VALUES (1,59);
INSERT INTO `product_opt_set_prd_type` (`ProductOptionSet_PRODUCT_OPTION_SET_ID`, `productTypes_PRODUCT_TYPE_ID`) VALUES (2,59);

--
-- Table structure for table `product_option`
--

DROP TABLE IF EXISTS `product_option`;
/*!40101 SET @saved_cs_client     = @@character_set_client */;
 SET character_set_client = utf8mb4 ;
CREATE TABLE `product_option` (
  `PRODUCT_OPTION_ID` bigint(20) NOT NULL,
  `PRODUCT_OPTION_CODE` varchar(255) DEFAULT NULL,
  `PRODUCT_OPTION_SORT_ORD` int(11) DEFAULT NULL,
  `PRODUCT_OPTION_TYPE` varchar(10) DEFAULT NULL,
  `PRODUCT_OPTION_READ` bit(1) DEFAULT NULL,
  `MERCHANT_ID` int(11) NOT NULL,
  PRIMARY KEY (`PRODUCT_OPTION_ID`),
  UNIQUE KEY `UKhfcw5oi9ulljlog1b7ns1r9tu` (`MERCHANT_ID`,`PRODUCT_OPTION_CODE`),
  KEY `PRD_OPTION_CODE_IDX` (`PRODUCT_OPTION_CODE`),
  CONSTRAINT `FKp8cski5t5f5m4et4fw0uilcgu` FOREIGN KEY (`MERCHANT_ID`) REFERENCES `merchant_store` (`MERCHANT_ID`)
) ENGINE=InnoDB DEFAULT CHARSET=utf8;
/*!40101 SET character_set_client = @saved_cs_client */;

--
-- Dumping data for table `product_option`
--

INSERT INTO `product_option` (`PRODUCT_OPTION_ID`, `PRODUCT_OPTION_CODE`, `PRODUCT_OPTION_SORT_ORD`, `PRODUCT_OPTION_TYPE`, `PRODUCT_OPTION_READ`, `MERCHANT_ID`) VALUES (1,'SIZE',0,'select',_binary '\0',1);
INSERT INTO `product_option` (`PRODUCT_OPTION_ID`, `PRODUCT_OPTION_CODE`, `PRODUCT_OPTION_SORT_ORD`, `PRODUCT_OPTION_TYPE`, `PRODUCT_OPTION_READ`, `MERCHANT_ID`) VALUES (2,'Colour',0,'select',_binary '\0',1);

--
-- Table structure for table `product_option_desc`
--

DROP TABLE IF EXISTS `product_option_desc`;
/*!40101 SET @saved_cs_client     = @@character_set_client */;
 SET character_set_client = utf8mb4 ;
CREATE TABLE `product_option_desc` (
  `DESCRIPTION_ID` bigint(20) NOT NULL,
  `DATE_CREATED` datetime DEFAULT NULL,
  `DATE_MODIFIED` datetime DEFAULT NULL,
  `UPDT_ID` varchar(60) DEFAULT NULL,
  `DESCRIPTION` longtext,
  `NAME` varchar(120) NOT NULL,
  `TITLE` varchar(100) DEFAULT NULL,
  `PRODUCT_OPTION_COMMENT` varchar(4000) DEFAULT NULL,
  `LANGUAGE_ID` int(11) NOT NULL,
  `PRODUCT_OPTION_ID` bigint(20) NOT NULL,
  PRIMARY KEY (`DESCRIPTION_ID`),
  UNIQUE KEY `UKmkcm8isyyyqbjd1yyb8mrpkuw` (`PRODUCT_OPTION_ID`,`LANGUAGE_ID`),
  KEY `FK8fiwk5o1gbn2r2u8529yaf9xt` (`LANGUAGE_ID`),
  CONSTRAINT `FK8fiwk5o1gbn2r2u8529yaf9xt` FOREIGN KEY (`LANGUAGE_ID`) REFERENCES `language` (`LANGUAGE_ID`),
  CONSTRAINT `FKgjqmfofile4hwv867irsnvuc0` FOREIGN KEY (`PRODUCT_OPTION_ID`) REFERENCES `product_option` (`PRODUCT_OPTION_ID`)
) ENGINE=InnoDB DEFAULT CHARSET=utf8;
/*!40101 SET character_set_client = @saved_cs_client */;

--
-- Dumping data for table `product_option_desc`
--

INSERT INTO `product_option_desc` (`DESCRIPTION_ID`, `DATE_CREATED`, `DATE_MODIFIED`, `UPDT_ID`, `DESCRIPTION`, `NAME`, `TITLE`, `PRODUCT_OPTION_COMMENT`, `LANGUAGE_ID`, `PRODUCT_OPTION_ID`) VALUES (1,'2022-05-17 12:36:07','2022-05-17 12:36:07',NULL,NULL,'Size',NULL,NULL,1,1);
INSERT INTO `product_option_desc` (`DESCRIPTION_ID`, `DATE_CREATED`, `DATE_MODIFIED`, `UPDT_ID`, `DESCRIPTION`, `NAME`, `TITLE`, `PRODUCT_OPTION_COMMENT`, `LANGUAGE_ID`, `PRODUCT_OPTION_ID`) VALUES (2,'2022-05-17 12:36:38','2022-05-17 12:36:38',NULL,NULL,'Colour',NULL,NULL,1,2);

--
-- Table structure for table `product_option_set`
--

DROP TABLE IF EXISTS `product_option_set`;
/*!40101 SET @saved_cs_client     = @@character_set_client */;
 SET character_set_client = utf8mb4 ;
CREATE TABLE `product_option_set` (
  `PRODUCT_OPTION_SET_ID` bigint(20) NOT NULL,
  `PRODUCT_OPTION_SET_CODE` varchar(255) DEFAULT NULL,
  `PRODUCT_OPTION_SET_DISP` bit(1) DEFAULT NULL,
  `PRODUCT_OPTION_ID` bigint(20) NOT NULL,
  `MERCHANT_ID` int(11) NOT NULL,
  PRIMARY KEY (`PRODUCT_OPTION_SET_ID`),
  UNIQUE KEY `UKk1qq8j685uj17bylgnkra1n5f` (`MERCHANT_ID`,`PRODUCT_OPTION_SET_CODE`),
  KEY `FK4njy17416fn86muojmtbav1d0` (`PRODUCT_OPTION_ID`),
  CONSTRAINT `FK4njy17416fn86muojmtbav1d0` FOREIGN KEY (`PRODUCT_OPTION_ID`) REFERENCES `product_option` (`PRODUCT_OPTION_ID`),
  CONSTRAINT `FK8d5vylmhvmckmframdehgwqau` FOREIGN KEY (`MERCHANT_ID`) REFERENCES `merchant_store` (`MERCHANT_ID`)
) ENGINE=InnoDB DEFAULT CHARSET=utf8;
/*!40101 SET character_set_client = @saved_cs_client */;

--
-- Dumping data for table `product_option_set`
--

INSERT INTO `product_option_set` (`PRODUCT_OPTION_SET_ID`, `PRODUCT_OPTION_SET_CODE`, `PRODUCT_OPTION_SET_DISP`, `PRODUCT_OPTION_ID`, `MERCHANT_ID`) VALUES (1,'X',_binary '\0',1,1);
INSERT INTO `product_option_set` (`PRODUCT_OPTION_SET_ID`, `PRODUCT_OPTION_SET_CODE`, `PRODUCT_OPTION_SET_DISP`, `PRODUCT_OPTION_ID`, `MERCHANT_ID`) VALUES (2,'XS',_binary '\0',1,1);

--
-- Table structure for table `product_option_value`
--

DROP TABLE IF EXISTS `product_option_value`;
/*!40101 SET @saved_cs_client     = @@character_set_client */;
 SET character_set_client = utf8mb4 ;
CREATE TABLE `product_option_value` (
  `PRODUCT_OPTION_VALUE_ID` bigint(20) NOT NULL,
  `PRODUCT_OPTION_VAL_CODE` varchar(255) DEFAULT NULL,
  `PRODUCT_OPT_FOR_DISP` bit(1) DEFAULT NULL,
  `PRODUCT_OPT_VAL_IMAGE` varchar(255) DEFAULT NULL,
  `PRODUCT_OPT_VAL_SORT_ORD` int(11) DEFAULT NULL,
  `MERCHANT_ID` int(11) NOT NULL,
  PRIMARY KEY (`PRODUCT_OPTION_VALUE_ID`),
  UNIQUE KEY `UKixbpi4hxrhljh935c3xfvnvsh` (`MERCHANT_ID`,`PRODUCT_OPTION_VAL_CODE`),
  KEY `PRD_OPTION_VAL_CODE_IDX` (`PRODUCT_OPTION_VAL_CODE`),
  CONSTRAINT `FKnd3nw0mamlk8bkxo8ad5m85pq` FOREIGN KEY (`MERCHANT_ID`) REFERENCES `merchant_store` (`MERCHANT_ID`)
) ENGINE=InnoDB DEFAULT CHARSET=utf8;
/*!40101 SET character_set_client = @saved_cs_client */;

--
-- Dumping data for table `product_option_value`
--

INSERT INTO `product_option_value` (`PRODUCT_OPTION_VALUE_ID`, `PRODUCT_OPTION_VAL_CODE`, `PRODUCT_OPT_FOR_DISP`, `PRODUCT_OPT_VAL_IMAGE`, `PRODUCT_OPT_VAL_SORT_ORD`, `MERCHANT_ID`) VALUES (11,'XS',_binary '\0',NULL,0,1);
INSERT INTO `product_option_value` (`PRODUCT_OPTION_VALUE_ID`, `PRODUCT_OPTION_VAL_CODE`, `PRODUCT_OPT_FOR_DISP`, `PRODUCT_OPT_VAL_IMAGE`, `PRODUCT_OPT_VAL_SORT_ORD`, `MERCHANT_ID`) VALUES (12,'XL',_binary '\0',NULL,0,1);
INSERT INTO `product_option_value` (`PRODUCT_OPTION_VALUE_ID`, `PRODUCT_OPTION_VAL_CODE`, `PRODUCT_OPT_FOR_DISP`, `PRODUCT_OPT_VAL_IMAGE`, `PRODUCT_OPT_VAL_SORT_ORD`, `MERCHANT_ID`) VALUES (13,'M',_binary '\0',NULL,0,1);
INSERT INTO `product_option_value` (`PRODUCT_OPTION_VALUE_ID`, `PRODUCT_OPTION_VAL_CODE`, `PRODUCT_OPT_FOR_DISP`, `PRODUCT_OPT_VAL_IMAGE`, `PRODUCT_OPT_VAL_SORT_ORD`, `MERCHANT_ID`) VALUES (14,'L',_binary '\0',NULL,0,1);

--
-- Table structure for table `product_option_value_description`
--

DROP TABLE IF EXISTS `product_option_value_description`;
/*!40101 SET @saved_cs_client     = @@character_set_client */;
 SET character_set_client = utf8mb4 ;
CREATE TABLE `product_option_value_description` (
  `DESCRIPTION_ID` bigint(20) NOT NULL,
  `DATE_CREATED` datetime DEFAULT NULL,
  `DATE_MODIFIED` datetime DEFAULT NULL,
  `UPDT_ID` varchar(60) DEFAULT NULL,
  `DESCRIPTION` longtext,
  `NAME` varchar(120) NOT NULL,
  `TITLE` varchar(100) DEFAULT NULL,
  `LANGUAGE_ID` int(11) NOT NULL,
  `PRODUCT_OPTION_VALUE_ID` bigint(20) DEFAULT NULL,
  PRIMARY KEY (`DESCRIPTION_ID`),
  UNIQUE KEY `UKasgc60ot1wy0uho96n0j8429p` (`PRODUCT_OPTION_VALUE_ID`,`LANGUAGE_ID`),
  KEY `FK19mnby7atlt85exlypxdxhacx` (`LANGUAGE_ID`),
  CONSTRAINT `FK19mnby7atlt85exlypxdxhacx` FOREIGN KEY (`LANGUAGE_ID`) REFERENCES `language` (`LANGUAGE_ID`),
  CONSTRAINT `FKqttc6b79yp2s1hyrhg4thag6s` FOREIGN KEY (`PRODUCT_OPTION_VALUE_ID`) REFERENCES `product_option_value` (`PRODUCT_OPTION_VALUE_ID`)
) ENGINE=InnoDB DEFAULT CHARSET=utf8;
/*!40101 SET character_set_client = @saved_cs_client */;

--
-- Dumping data for table `product_option_value_description`
--

INSERT INTO `product_option_value_description` (`DESCRIPTION_ID`, `DATE_CREATED`, `DATE_MODIFIED`, `UPDT_ID`, `DESCRIPTION`, `NAME`, `TITLE`, `LANGUAGE_ID`, `PRODUCT_OPTION_VALUE_ID`) VALUES (15,'2022-05-17 12:56:38','2022-05-17 12:56:38',NULL,NULL,'XS',NULL,3,11);
INSERT INTO `product_option_value_description` (`DESCRIPTION_ID`, `DATE_CREATED`, `DATE_MODIFIED`, `UPDT_ID`, `DESCRIPTION`, `NAME`, `TITLE`, `LANGUAGE_ID`, `PRODUCT_OPTION_VALUE_ID`) VALUES (16,'2022-05-17 12:56:38','2022-05-17 12:56:38',NULL,NULL,'XS',NULL,2,11);
INSERT INTO `product_option_value_description` (`DESCRIPTION_ID`, `DATE_CREATED`, `DATE_MODIFIED`, `UPDT_ID`, `DESCRIPTION`, `NAME`, `TITLE`, `LANGUAGE_ID`, `PRODUCT_OPTION_VALUE_ID`) VALUES (17,'2022-05-17 12:56:38','2022-05-17 12:56:38',NULL,NULL,'XS',NULL,1,11);
INSERT INTO `product_option_value_description` (`DESCRIPTION_ID`, `DATE_CREATED`, `DATE_MODIFIED`, `UPDT_ID`, `DESCRIPTION`, `NAME`, `TITLE`, `LANGUAGE_ID`, `PRODUCT_OPTION_VALUE_ID`) VALUES (18,'2022-05-17 13:14:43','2022-05-17 13:14:43',NULL,NULL,'XL',NULL,1,12);
INSERT INTO `product_option_value_description` (`DESCRIPTION_ID`, `DATE_CREATED`, `DATE_MODIFIED`, `UPDT_ID`, `DESCRIPTION`, `NAME`, `TITLE`, `LANGUAGE_ID`, `PRODUCT_OPTION_VALUE_ID`) VALUES (19,'2022-05-17 13:14:43','2022-05-17 13:14:43',NULL,NULL,'XL',NULL,2,12);
INSERT INTO `product_option_value_description` (`DESCRIPTION_ID`, `DATE_CREATED`, `DATE_MODIFIED`, `UPDT_ID`, `DESCRIPTION`, `NAME`, `TITLE`, `LANGUAGE_ID`, `PRODUCT_OPTION_VALUE_ID`) VALUES (20,'2022-05-17 13:14:43','2022-05-17 13:14:43',NULL,NULL,'XL',NULL,3,12);
INSERT INTO `product_option_value_description` (`DESCRIPTION_ID`, `DATE_CREATED`, `DATE_MODIFIED`, `UPDT_ID`, `DESCRIPTION`, `NAME`, `TITLE`, `LANGUAGE_ID`, `PRODUCT_OPTION_VALUE_ID`) VALUES (21,'2022-05-17 13:15:45','2022-05-17 13:15:45',NULL,NULL,'M',NULL,3,13);
INSERT INTO `product_option_value_description` (`DESCRIPTION_ID`, `DATE_CREATED`, `DATE_MODIFIED`, `UPDT_ID`, `DESCRIPTION`, `NAME`, `TITLE`, `LANGUAGE_ID`, `PRODUCT_OPTION_VALUE_ID`) VALUES (22,'2022-05-17 13:15:45','2022-05-17 13:15:45',NULL,NULL,'M',NULL,2,13);
INSERT INTO `product_option_value_description` (`DESCRIPTION_ID`, `DATE_CREATED`, `DATE_MODIFIED`, `UPDT_ID`, `DESCRIPTION`, `NAME`, `TITLE`, `LANGUAGE_ID`, `PRODUCT_OPTION_VALUE_ID`) VALUES (23,'2022-05-17 13:15:45','2022-05-17 13:15:45',NULL,NULL,'M',NULL,1,13);
INSERT INTO `product_option_value_description` (`DESCRIPTION_ID`, `DATE_CREATED`, `DATE_MODIFIED`, `UPDT_ID`, `DESCRIPTION`, `NAME`, `TITLE`, `LANGUAGE_ID`, `PRODUCT_OPTION_VALUE_ID`) VALUES (24,'2022-05-17 13:16:30','2022-05-17 13:16:30',NULL,NULL,'L',NULL,2,14);
INSERT INTO `product_option_value_description` (`DESCRIPTION_ID`, `DATE_CREATED`, `DATE_MODIFIED`, `UPDT_ID`, `DESCRIPTION`, `NAME`, `TITLE`, `LANGUAGE_ID`, `PRODUCT_OPTION_VALUE_ID`) VALUES (25,'2022-05-17 13:16:30','2022-05-17 13:16:30',NULL,NULL,'L',NULL,3,14);
INSERT INTO `product_option_value_description` (`DESCRIPTION_ID`, `DATE_CREATED`, `DATE_MODIFIED`, `UPDT_ID`, `DESCRIPTION`, `NAME`, `TITLE`, `LANGUAGE_ID`, `PRODUCT_OPTION_VALUE_ID`) VALUES (26,'2022-05-17 13:16:30','2022-05-17 13:16:30',NULL,NULL,'L',NULL,1,14);

--
-- Table structure for table `product_price`
--

DROP TABLE IF EXISTS `product_price`;
/*!40101 SET @saved_cs_client     = @@character_set_client */;
 SET character_set_client = utf8mb4 ;
CREATE TABLE `product_price` (
  `PRODUCT_PRICE_ID` bigint(20) NOT NULL,
  `PRODUCT_PRICE_CODE` varchar(255) NOT NULL,
  `DEFAULT_PRICE` bit(1) DEFAULT NULL,
  `PRODUCT_PRICE_AMOUNT` decimal(19,2) NOT NULL,
  `PRODUCT_PRICE_SPECIAL_AMOUNT` decimal(19,2) DEFAULT NULL,
  `PRODUCT_PRICE_SPECIAL_END_DATE` date DEFAULT NULL,
  `PRODUCT_PRICE_SPECIAL_ST_DATE` date DEFAULT NULL,
  `PRODUCT_PRICE_TYPE` varchar(20) DEFAULT NULL,
  `PRODUCT_AVAIL_ID` bigint(20) NOT NULL,
  PRIMARY KEY (`PRODUCT_PRICE_ID`),
  KEY `FK1dic7jnnk1qikgvwcrf4dw12r` (`PRODUCT_AVAIL_ID`),
  CONSTRAINT `FK1dic7jnnk1qikgvwcrf4dw12r` FOREIGN KEY (`PRODUCT_AVAIL_ID`) REFERENCES `product_availability` (`PRODUCT_AVAIL_ID`)
) ENGINE=InnoDB DEFAULT CHARSET=utf8;
/*!40101 SET character_set_client = @saved_cs_client */;

--
-- Dumping data for table `product_price`
--

INSERT INTO `product_price` (`PRODUCT_PRICE_ID`, `PRODUCT_PRICE_CODE`, `DEFAULT_PRICE`, `PRODUCT_PRICE_AMOUNT`, `PRODUCT_PRICE_SPECIAL_AMOUNT`, `PRODUCT_PRICE_SPECIAL_END_DATE`, `PRODUCT_PRICE_SPECIAL_ST_DATE`, `PRODUCT_PRICE_TYPE`, `PRODUCT_AVAIL_ID`) VALUES (1,'base',_binary '',39.99,NULL,NULL,NULL,'ONE_TIME',1);
INSERT INTO `product_price` (`PRODUCT_PRICE_ID`, `PRODUCT_PRICE_CODE`, `DEFAULT_PRICE`, `PRODUCT_PRICE_AMOUNT`, `PRODUCT_PRICE_SPECIAL_AMOUNT`, `PRODUCT_PRICE_SPECIAL_END_DATE`, `PRODUCT_PRICE_SPECIAL_ST_DATE`, `PRODUCT_PRICE_TYPE`, `PRODUCT_AVAIL_ID`) VALUES (2,'base',_binary '',29.99,NULL,NULL,NULL,'ONE_TIME',2);
INSERT INTO `product_price` (`PRODUCT_PRICE_ID`, `PRODUCT_PRICE_CODE`, `DEFAULT_PRICE`, `PRODUCT_PRICE_AMOUNT`, `PRODUCT_PRICE_SPECIAL_AMOUNT`, `PRODUCT_PRICE_SPECIAL_END_DATE`, `PRODUCT_PRICE_SPECIAL_ST_DATE`, `PRODUCT_PRICE_TYPE`, `PRODUCT_AVAIL_ID`) VALUES (3,'base',_binary '',19.99,NULL,NULL,NULL,'ONE_TIME',3);
INSERT INTO `product_price` (`PRODUCT_PRICE_ID`, `PRODUCT_PRICE_CODE`, `DEFAULT_PRICE`, `PRODUCT_PRICE_AMOUNT`, `PRODUCT_PRICE_SPECIAL_AMOUNT`, `PRODUCT_PRICE_SPECIAL_END_DATE`, `PRODUCT_PRICE_SPECIAL_ST_DATE`, `PRODUCT_PRICE_TYPE`, `PRODUCT_AVAIL_ID`) VALUES (4,'base',_binary '',18.99,NULL,NULL,NULL,'ONE_TIME',4);
INSERT INTO `product_price` (`PRODUCT_PRICE_ID`, `PRODUCT_PRICE_CODE`, `DEFAULT_PRICE`, `PRODUCT_PRICE_AMOUNT`, `PRODUCT_PRICE_SPECIAL_AMOUNT`, `PRODUCT_PRICE_SPECIAL_END_DATE`, `PRODUCT_PRICE_SPECIAL_ST_DATE`, `PRODUCT_PRICE_TYPE`, `PRODUCT_AVAIL_ID`) VALUES (5,'base',_binary '',18.99,NULL,NULL,NULL,'ONE_TIME',5);
INSERT INTO `product_price` (`PRODUCT_PRICE_ID`, `PRODUCT_PRICE_CODE`, `DEFAULT_PRICE`, `PRODUCT_PRICE_AMOUNT`, `PRODUCT_PRICE_SPECIAL_AMOUNT`, `PRODUCT_PRICE_SPECIAL_END_DATE`, `PRODUCT_PRICE_SPECIAL_ST_DATE`, `PRODUCT_PRICE_TYPE`, `PRODUCT_AVAIL_ID`) VALUES (6,'base',_binary '',18.99,NULL,NULL,NULL,'ONE_TIME',6);
INSERT INTO `product_price` (`PRODUCT_PRICE_ID`, `PRODUCT_PRICE_CODE`, `DEFAULT_PRICE`, `PRODUCT_PRICE_AMOUNT`, `PRODUCT_PRICE_SPECIAL_AMOUNT`, `PRODUCT_PRICE_SPECIAL_END_DATE`, `PRODUCT_PRICE_SPECIAL_ST_DATE`, `PRODUCT_PRICE_TYPE`, `PRODUCT_AVAIL_ID`) VALUES (50,'base',_binary '',12.00,10.00,NULL,NULL,'ONE_TIME',50);
INSERT INTO `product_price` (`PRODUCT_PRICE_ID`, `PRODUCT_PRICE_CODE`, `DEFAULT_PRICE`, `PRODUCT_PRICE_AMOUNT`, `PRODUCT_PRICE_SPECIAL_AMOUNT`, `PRODUCT_PRICE_SPECIAL_END_DATE`, `PRODUCT_PRICE_SPECIAL_ST_DATE`, `PRODUCT_PRICE_TYPE`, `PRODUCT_AVAIL_ID`) VALUES (51,'base',_binary '',12.00,10.00,NULL,NULL,'ONE_TIME',51);
INSERT INTO `product_price` (`PRODUCT_PRICE_ID`, `PRODUCT_PRICE_CODE`, `DEFAULT_PRICE`, `PRODUCT_PRICE_AMOUNT`, `PRODUCT_PRICE_SPECIAL_AMOUNT`, `PRODUCT_PRICE_SPECIAL_END_DATE`, `PRODUCT_PRICE_SPECIAL_ST_DATE`, `PRODUCT_PRICE_TYPE`, `PRODUCT_AVAIL_ID`) VALUES (52,'base',_binary '',12.00,10.00,NULL,NULL,'ONE_TIME',52);
INSERT INTO `product_price` (`PRODUCT_PRICE_ID`, `PRODUCT_PRICE_CODE`, `DEFAULT_PRICE`, `PRODUCT_PRICE_AMOUNT`, `PRODUCT_PRICE_SPECIAL_AMOUNT`, `PRODUCT_PRICE_SPECIAL_END_DATE`, `PRODUCT_PRICE_SPECIAL_ST_DATE`, `PRODUCT_PRICE_TYPE`, `PRODUCT_AVAIL_ID`) VALUES (54,'base',_binary '',12.00,10.00,NULL,NULL,'ONE_TIME',54);
INSERT INTO `product_price` (`PRODUCT_PRICE_ID`, `PRODUCT_PRICE_CODE`, `DEFAULT_PRICE`, `PRODUCT_PRICE_AMOUNT`, `PRODUCT_PRICE_SPECIAL_AMOUNT`, `PRODUCT_PRICE_SPECIAL_END_DATE`, `PRODUCT_PRICE_SPECIAL_ST_DATE`, `PRODUCT_PRICE_TYPE`, `PRODUCT_AVAIL_ID`) VALUES (100,'base',_binary '',12.00,10.00,NULL,NULL,'ONE_TIME',100);
INSERT INTO `product_price` (`PRODUCT_PRICE_ID`, `PRODUCT_PRICE_CODE`, `DEFAULT_PRICE`, `PRODUCT_PRICE_AMOUNT`, `PRODUCT_PRICE_SPECIAL_AMOUNT`, `PRODUCT_PRICE_SPECIAL_END_DATE`, `PRODUCT_PRICE_SPECIAL_ST_DATE`, `PRODUCT_PRICE_TYPE`, `PRODUCT_AVAIL_ID`) VALUES (200,'base',_binary '',12.00,10.00,NULL,NULL,'ONE_TIME',200);
INSERT INTO `product_price` (`PRODUCT_PRICE_ID`, `PRODUCT_PRICE_CODE`, `DEFAULT_PRICE`, `PRODUCT_PRICE_AMOUNT`, `PRODUCT_PRICE_SPECIAL_AMOUNT`, `PRODUCT_PRICE_SPECIAL_END_DATE`, `PRODUCT_PRICE_SPECIAL_ST_DATE`, `PRODUCT_PRICE_TYPE`, `PRODUCT_AVAIL_ID`) VALUES (300,'base',_binary '',12.00,10.00,NULL,NULL,'ONE_TIME',300);
INSERT INTO `product_price` (`PRODUCT_PRICE_ID`, `PRODUCT_PRICE_CODE`, `DEFAULT_PRICE`, `PRODUCT_PRICE_AMOUNT`, `PRODUCT_PRICE_SPECIAL_AMOUNT`, `PRODUCT_PRICE_SPECIAL_END_DATE`, `PRODUCT_PRICE_SPECIAL_ST_DATE`, `PRODUCT_PRICE_TYPE`, `PRODUCT_AVAIL_ID`) VALUES (301,'base',_binary '',12.00,10.00,NULL,NULL,'ONE_TIME',301);
INSERT INTO `product_price` (`PRODUCT_PRICE_ID`, `PRODUCT_PRICE_CODE`, `DEFAULT_PRICE`, `PRODUCT_PRICE_AMOUNT`, `PRODUCT_PRICE_SPECIAL_AMOUNT`, `PRODUCT_PRICE_SPECIAL_END_DATE`, `PRODUCT_PRICE_SPECIAL_ST_DATE`, `PRODUCT_PRICE_TYPE`, `PRODUCT_AVAIL_ID`) VALUES (351,'base',_binary '',12.00,10.00,NULL,NULL,'ONE_TIME',351);
INSERT INTO `product_price` (`PRODUCT_PRICE_ID`, `PRODUCT_PRICE_CODE`, `DEFAULT_PRICE`, `PRODUCT_PRICE_AMOUNT`, `PRODUCT_PRICE_SPECIAL_AMOUNT`, `PRODUCT_PRICE_SPECIAL_END_DATE`, `PRODUCT_PRICE_SPECIAL_ST_DATE`, `PRODUCT_PRICE_TYPE`, `PRODUCT_AVAIL_ID`) VALUES (400,'base',_binary '',12.00,10.00,NULL,NULL,'ONE_TIME',400);
INSERT INTO `product_price` (`PRODUCT_PRICE_ID`, `PRODUCT_PRICE_CODE`, `DEFAULT_PRICE`, `PRODUCT_PRICE_AMOUNT`, `PRODUCT_PRICE_SPECIAL_AMOUNT`, `PRODUCT_PRICE_SPECIAL_END_DATE`, `PRODUCT_PRICE_SPECIAL_ST_DATE`, `PRODUCT_PRICE_TYPE`, `PRODUCT_AVAIL_ID`) VALUES (550,'base',_binary '',12.00,10.00,NULL,NULL,'ONE_TIME',550);
INSERT INTO `product_price` (`PRODUCT_PRICE_ID`, `PRODUCT_PRICE_CODE`, `DEFAULT_PRICE`, `PRODUCT_PRICE_AMOUNT`, `PRODUCT_PRICE_SPECIAL_AMOUNT`, `PRODUCT_PRICE_SPECIAL_END_DATE`, `PRODUCT_PRICE_SPECIAL_ST_DATE`, `PRODUCT_PRICE_TYPE`, `PRODUCT_AVAIL_ID`) VALUES (600,'base',_binary '',12.00,10.00,NULL,NULL,'ONE_TIME',600);
INSERT INTO `product_price` (`PRODUCT_PRICE_ID`, `PRODUCT_PRICE_CODE`, `DEFAULT_PRICE`, `PRODUCT_PRICE_AMOUNT`, `PRODUCT_PRICE_SPECIAL_AMOUNT`, `PRODUCT_PRICE_SPECIAL_END_DATE`, `PRODUCT_PRICE_SPECIAL_ST_DATE`, `PRODUCT_PRICE_TYPE`, `PRODUCT_AVAIL_ID`) VALUES (650,'base',_binary '',12.00,10.00,NULL,NULL,'ONE_TIME',650);
INSERT INTO `product_price` (`PRODUCT_PRICE_ID`, `PRODUCT_PRICE_CODE`, `DEFAULT_PRICE`, `PRODUCT_PRICE_AMOUNT`, `PRODUCT_PRICE_SPECIAL_AMOUNT`, `PRODUCT_PRICE_SPECIAL_END_DATE`, `PRODUCT_PRICE_SPECIAL_ST_DATE`, `PRODUCT_PRICE_TYPE`, `PRODUCT_AVAIL_ID`) VALUES (700,'base',_binary '',12.00,10.00,NULL,NULL,'ONE_TIME',700);
INSERT INTO `product_price` (`PRODUCT_PRICE_ID`, `PRODUCT_PRICE_CODE`, `DEFAULT_PRICE`, `PRODUCT_PRICE_AMOUNT`, `PRODUCT_PRICE_SPECIAL_AMOUNT`, `PRODUCT_PRICE_SPECIAL_END_DATE`, `PRODUCT_PRICE_SPECIAL_ST_DATE`, `PRODUCT_PRICE_TYPE`, `PRODUCT_AVAIL_ID`) VALUES (750,'base',_binary '',12.00,10.00,NULL,NULL,'ONE_TIME',750);
INSERT INTO `product_price` (`PRODUCT_PRICE_ID`, `PRODUCT_PRICE_CODE`, `DEFAULT_PRICE`, `PRODUCT_PRICE_AMOUNT`, `PRODUCT_PRICE_SPECIAL_AMOUNT`, `PRODUCT_PRICE_SPECIAL_END_DATE`, `PRODUCT_PRICE_SPECIAL_ST_DATE`, `PRODUCT_PRICE_TYPE`, `PRODUCT_AVAIL_ID`) VALUES (800,'base',_binary '',12.00,10.00,NULL,NULL,'ONE_TIME',800);
INSERT INTO `product_price` (`PRODUCT_PRICE_ID`, `PRODUCT_PRICE_CODE`, `DEFAULT_PRICE`, `PRODUCT_PRICE_AMOUNT`, `PRODUCT_PRICE_SPECIAL_AMOUNT`, `PRODUCT_PRICE_SPECIAL_END_DATE`, `PRODUCT_PRICE_SPECIAL_ST_DATE`, `PRODUCT_PRICE_TYPE`, `PRODUCT_AVAIL_ID`) VALUES (801,'base',_binary '',12.00,10.00,NULL,NULL,'ONE_TIME',801);
INSERT INTO `product_price` (`PRODUCT_PRICE_ID`, `PRODUCT_PRICE_CODE`, `DEFAULT_PRICE`, `PRODUCT_PRICE_AMOUNT`, `PRODUCT_PRICE_SPECIAL_AMOUNT`, `PRODUCT_PRICE_SPECIAL_END_DATE`, `PRODUCT_PRICE_SPECIAL_ST_DATE`, `PRODUCT_PRICE_TYPE`, `PRODUCT_AVAIL_ID`) VALUES (802,'base',_binary '',12.00,10.00,NULL,NULL,'ONE_TIME',802);
INSERT INTO `product_price` (`PRODUCT_PRICE_ID`, `PRODUCT_PRICE_CODE`, `DEFAULT_PRICE`, `PRODUCT_PRICE_AMOUNT`, `PRODUCT_PRICE_SPECIAL_AMOUNT`, `PRODUCT_PRICE_SPECIAL_END_DATE`, `PRODUCT_PRICE_SPECIAL_ST_DATE`, `PRODUCT_PRICE_TYPE`, `PRODUCT_AVAIL_ID`) VALUES (804,'base',_binary '',12.00,10.00,NULL,NULL,'ONE_TIME',804);
INSERT INTO `product_price` (`PRODUCT_PRICE_ID`, `PRODUCT_PRICE_CODE`, `DEFAULT_PRICE`, `PRODUCT_PRICE_AMOUNT`, `PRODUCT_PRICE_SPECIAL_AMOUNT`, `PRODUCT_PRICE_SPECIAL_END_DATE`, `PRODUCT_PRICE_SPECIAL_ST_DATE`, `PRODUCT_PRICE_TYPE`, `PRODUCT_AVAIL_ID`) VALUES (1050,'base',_binary '',12.00,10.00,NULL,NULL,'ONE_TIME',1050);
INSERT INTO `product_price` (`PRODUCT_PRICE_ID`, `PRODUCT_PRICE_CODE`, `DEFAULT_PRICE`, `PRODUCT_PRICE_AMOUNT`, `PRODUCT_PRICE_SPECIAL_AMOUNT`, `PRODUCT_PRICE_SPECIAL_END_DATE`, `PRODUCT_PRICE_SPECIAL_ST_DATE`, `PRODUCT_PRICE_TYPE`, `PRODUCT_AVAIL_ID`) VALUES (1100,'base',_binary '',12.00,10.00,NULL,NULL,'ONE_TIME',1100);
INSERT INTO `product_price` (`PRODUCT_PRICE_ID`, `PRODUCT_PRICE_CODE`, `DEFAULT_PRICE`, `PRODUCT_PRICE_AMOUNT`, `PRODUCT_PRICE_SPECIAL_AMOUNT`, `PRODUCT_PRICE_SPECIAL_END_DATE`, `PRODUCT_PRICE_SPECIAL_ST_DATE`, `PRODUCT_PRICE_TYPE`, `PRODUCT_AVAIL_ID`) VALUES (1150,'base',_binary '',12.00,10.00,NULL,NULL,'ONE_TIME',1150);
INSERT INTO `product_price` (`PRODUCT_PRICE_ID`, `PRODUCT_PRICE_CODE`, `DEFAULT_PRICE`, `PRODUCT_PRICE_AMOUNT`, `PRODUCT_PRICE_SPECIAL_AMOUNT`, `PRODUCT_PRICE_SPECIAL_END_DATE`, `PRODUCT_PRICE_SPECIAL_ST_DATE`, `PRODUCT_PRICE_TYPE`, `PRODUCT_AVAIL_ID`) VALUES (1200,'base',_binary '',12.00,10.00,NULL,NULL,'ONE_TIME',1200);
INSERT INTO `product_price` (`PRODUCT_PRICE_ID`, `PRODUCT_PRICE_CODE`, `DEFAULT_PRICE`, `PRODUCT_PRICE_AMOUNT`, `PRODUCT_PRICE_SPECIAL_AMOUNT`, `PRODUCT_PRICE_SPECIAL_END_DATE`, `PRODUCT_PRICE_SPECIAL_ST_DATE`, `PRODUCT_PRICE_TYPE`, `PRODUCT_AVAIL_ID`) VALUES (1201,'base',_binary '',12.00,10.00,NULL,NULL,'ONE_TIME',1201);
INSERT INTO `product_price` (`PRODUCT_PRICE_ID`, `PRODUCT_PRICE_CODE`, `DEFAULT_PRICE`, `PRODUCT_PRICE_AMOUNT`, `PRODUCT_PRICE_SPECIAL_AMOUNT`, `PRODUCT_PRICE_SPECIAL_END_DATE`, `PRODUCT_PRICE_SPECIAL_ST_DATE`, `PRODUCT_PRICE_TYPE`, `PRODUCT_AVAIL_ID`) VALUES (1250,'base',_binary '',12.00,10.00,NULL,NULL,'ONE_TIME',1250);
INSERT INTO `product_price` (`PRODUCT_PRICE_ID`, `PRODUCT_PRICE_CODE`, `DEFAULT_PRICE`, `PRODUCT_PRICE_AMOUNT`, `PRODUCT_PRICE_SPECIAL_AMOUNT`, `PRODUCT_PRICE_SPECIAL_END_DATE`, `PRODUCT_PRICE_SPECIAL_ST_DATE`, `PRODUCT_PRICE_TYPE`, `PRODUCT_AVAIL_ID`) VALUES (1300,'base',_binary '',12.00,10.00,NULL,NULL,'ONE_TIME',1300);
INSERT INTO `product_price` (`PRODUCT_PRICE_ID`, `PRODUCT_PRICE_CODE`, `DEFAULT_PRICE`, `PRODUCT_PRICE_AMOUNT`, `PRODUCT_PRICE_SPECIAL_AMOUNT`, `PRODUCT_PRICE_SPECIAL_END_DATE`, `PRODUCT_PRICE_SPECIAL_ST_DATE`, `PRODUCT_PRICE_TYPE`, `PRODUCT_AVAIL_ID`) VALUES (1301,'base',_binary '',12.00,10.00,NULL,NULL,'ONE_TIME',1301);
INSERT INTO `product_price` (`PRODUCT_PRICE_ID`, `PRODUCT_PRICE_CODE`, `DEFAULT_PRICE`, `PRODUCT_PRICE_AMOUNT`, `PRODUCT_PRICE_SPECIAL_AMOUNT`, `PRODUCT_PRICE_SPECIAL_END_DATE`, `PRODUCT_PRICE_SPECIAL_ST_DATE`, `PRODUCT_PRICE_TYPE`, `PRODUCT_AVAIL_ID`) VALUES (1350,'base',_binary '',12.00,10.00,NULL,NULL,'ONE_TIME',1350);
INSERT INTO `product_price` (`PRODUCT_PRICE_ID`, `PRODUCT_PRICE_CODE`, `DEFAULT_PRICE`, `PRODUCT_PRICE_AMOUNT`, `PRODUCT_PRICE_SPECIAL_AMOUNT`, `PRODUCT_PRICE_SPECIAL_END_DATE`, `PRODUCT_PRICE_SPECIAL_ST_DATE`, `PRODUCT_PRICE_TYPE`, `PRODUCT_AVAIL_ID`) VALUES (1550,'base',_binary '',12.00,10.00,NULL,NULL,'ONE_TIME',1550);
INSERT INTO `product_price` (`PRODUCT_PRICE_ID`, `PRODUCT_PRICE_CODE`, `DEFAULT_PRICE`, `PRODUCT_PRICE_AMOUNT`, `PRODUCT_PRICE_SPECIAL_AMOUNT`, `PRODUCT_PRICE_SPECIAL_END_DATE`, `PRODUCT_PRICE_SPECIAL_ST_DATE`, `PRODUCT_PRICE_TYPE`, `PRODUCT_AVAIL_ID`) VALUES (1800,'base',_binary '',12.00,10.00,NULL,NULL,'ONE_TIME',1800);
INSERT INTO `product_price` (`PRODUCT_PRICE_ID`, `PRODUCT_PRICE_CODE`, `DEFAULT_PRICE`, `PRODUCT_PRICE_AMOUNT`, `PRODUCT_PRICE_SPECIAL_AMOUNT`, `PRODUCT_PRICE_SPECIAL_END_DATE`, `PRODUCT_PRICE_SPECIAL_ST_DATE`, `PRODUCT_PRICE_TYPE`, `PRODUCT_AVAIL_ID`) VALUES (1802,'base',_binary '',12.00,10.00,NULL,NULL,'ONE_TIME',1802);
INSERT INTO `product_price` (`PRODUCT_PRICE_ID`, `PRODUCT_PRICE_CODE`, `DEFAULT_PRICE`, `PRODUCT_PRICE_AMOUNT`, `PRODUCT_PRICE_SPECIAL_AMOUNT`, `PRODUCT_PRICE_SPECIAL_END_DATE`, `PRODUCT_PRICE_SPECIAL_ST_DATE`, `PRODUCT_PRICE_TYPE`, `PRODUCT_AVAIL_ID`) VALUES (1850,'base',_binary '',10.00,10.00,NULL,NULL,'ONE_TIME',1850);
INSERT INTO `product_price` (`PRODUCT_PRICE_ID`, `PRODUCT_PRICE_CODE`, `DEFAULT_PRICE`, `PRODUCT_PRICE_AMOUNT`, `PRODUCT_PRICE_SPECIAL_AMOUNT`, `PRODUCT_PRICE_SPECIAL_END_DATE`, `PRODUCT_PRICE_SPECIAL_ST_DATE`, `PRODUCT_PRICE_TYPE`, `PRODUCT_AVAIL_ID`) VALUES (1851,'base',_binary '',12.00,10.00,NULL,NULL,'ONE_TIME',1851);
INSERT INTO `product_price` (`PRODUCT_PRICE_ID`, `PRODUCT_PRICE_CODE`, `DEFAULT_PRICE`, `PRODUCT_PRICE_AMOUNT`, `PRODUCT_PRICE_SPECIAL_AMOUNT`, `PRODUCT_PRICE_SPECIAL_END_DATE`, `PRODUCT_PRICE_SPECIAL_ST_DATE`, `PRODUCT_PRICE_TYPE`, `PRODUCT_AVAIL_ID`) VALUES (1904,'base',_binary '',12.00,10.00,NULL,NULL,'ONE_TIME',1904);
INSERT INTO `product_price` (`PRODUCT_PRICE_ID`, `PRODUCT_PRICE_CODE`, `DEFAULT_PRICE`, `PRODUCT_PRICE_AMOUNT`, `PRODUCT_PRICE_SPECIAL_AMOUNT`, `PRODUCT_PRICE_SPECIAL_END_DATE`, `PRODUCT_PRICE_SPECIAL_ST_DATE`, `PRODUCT_PRICE_TYPE`, `PRODUCT_AVAIL_ID`) VALUES (1905,'base',_binary '',12.00,10.00,NULL,NULL,'ONE_TIME',1905);
INSERT INTO `product_price` (`PRODUCT_PRICE_ID`, `PRODUCT_PRICE_CODE`, `DEFAULT_PRICE`, `PRODUCT_PRICE_AMOUNT`, `PRODUCT_PRICE_SPECIAL_AMOUNT`, `PRODUCT_PRICE_SPECIAL_END_DATE`, `PRODUCT_PRICE_SPECIAL_ST_DATE`, `PRODUCT_PRICE_TYPE`, `PRODUCT_AVAIL_ID`) VALUES (1953,'base',_binary '',221.00,219.00,NULL,NULL,'ONE_TIME',1953);
INSERT INTO `product_price` (`PRODUCT_PRICE_ID`, `PRODUCT_PRICE_CODE`, `DEFAULT_PRICE`, `PRODUCT_PRICE_AMOUNT`, `PRODUCT_PRICE_SPECIAL_AMOUNT`, `PRODUCT_PRICE_SPECIAL_END_DATE`, `PRODUCT_PRICE_SPECIAL_ST_DATE`, `PRODUCT_PRICE_TYPE`, `PRODUCT_AVAIL_ID`) VALUES (1954,'base',_binary '',221.00,219.00,NULL,NULL,'ONE_TIME',1954);
INSERT INTO `product_price` (`PRODUCT_PRICE_ID`, `PRODUCT_PRICE_CODE`, `DEFAULT_PRICE`, `PRODUCT_PRICE_AMOUNT`, `PRODUCT_PRICE_SPECIAL_AMOUNT`, `PRODUCT_PRICE_SPECIAL_END_DATE`, `PRODUCT_PRICE_SPECIAL_ST_DATE`, `PRODUCT_PRICE_TYPE`, `PRODUCT_AVAIL_ID`) VALUES (1955,'base',_binary '',221.00,219.00,NULL,NULL,'ONE_TIME',1955);
INSERT INTO `product_price` (`PRODUCT_PRICE_ID`, `PRODUCT_PRICE_CODE`, `DEFAULT_PRICE`, `PRODUCT_PRICE_AMOUNT`, `PRODUCT_PRICE_SPECIAL_AMOUNT`, `PRODUCT_PRICE_SPECIAL_END_DATE`, `PRODUCT_PRICE_SPECIAL_ST_DATE`, `PRODUCT_PRICE_TYPE`, `PRODUCT_AVAIL_ID`) VALUES (2000,'base',_binary '',221.00,219.00,NULL,NULL,'ONE_TIME',2000);
INSERT INTO `product_price` (`PRODUCT_PRICE_ID`, `PRODUCT_PRICE_CODE`, `DEFAULT_PRICE`, `PRODUCT_PRICE_AMOUNT`, `PRODUCT_PRICE_SPECIAL_AMOUNT`, `PRODUCT_PRICE_SPECIAL_END_DATE`, `PRODUCT_PRICE_SPECIAL_ST_DATE`, `PRODUCT_PRICE_TYPE`, `PRODUCT_AVAIL_ID`) VALUES (2001,'base',_binary '',221.00,219.00,NULL,NULL,'ONE_TIME',2001);
INSERT INTO `product_price` (`PRODUCT_PRICE_ID`, `PRODUCT_PRICE_CODE`, `DEFAULT_PRICE`, `PRODUCT_PRICE_AMOUNT`, `PRODUCT_PRICE_SPECIAL_AMOUNT`, `PRODUCT_PRICE_SPECIAL_END_DATE`, `PRODUCT_PRICE_SPECIAL_ST_DATE`, `PRODUCT_PRICE_TYPE`, `PRODUCT_AVAIL_ID`) VALUES (2002,'base',_binary '',221.00,219.00,NULL,NULL,'ONE_TIME',2002);
INSERT INTO `product_price` (`PRODUCT_PRICE_ID`, `PRODUCT_PRICE_CODE`, `DEFAULT_PRICE`, `PRODUCT_PRICE_AMOUNT`, `PRODUCT_PRICE_SPECIAL_AMOUNT`, `PRODUCT_PRICE_SPECIAL_END_DATE`, `PRODUCT_PRICE_SPECIAL_ST_DATE`, `PRODUCT_PRICE_TYPE`, `PRODUCT_AVAIL_ID`) VALUES (2004,'base',_binary '',221.00,219.00,NULL,NULL,'ONE_TIME',2004);
INSERT INTO `product_price` (`PRODUCT_PRICE_ID`, `PRODUCT_PRICE_CODE`, `DEFAULT_PRICE`, `PRODUCT_PRICE_AMOUNT`, `PRODUCT_PRICE_SPECIAL_AMOUNT`, `PRODUCT_PRICE_SPECIAL_END_DATE`, `PRODUCT_PRICE_SPECIAL_ST_DATE`, `PRODUCT_PRICE_TYPE`, `PRODUCT_AVAIL_ID`) VALUES (2005,'base',_binary '',221.00,219.00,NULL,NULL,'ONE_TIME',2005);

--
-- Table structure for table `product_price_description`
--

DROP TABLE IF EXISTS `product_price_description`;
/*!40101 SET @saved_cs_client     = @@character_set_client */;
 SET character_set_client = utf8mb4 ;
CREATE TABLE `product_price_description` (
  `DESCRIPTION_ID` bigint(20) NOT NULL,
  `DATE_CREATED` datetime DEFAULT NULL,
  `DATE_MODIFIED` datetime DEFAULT NULL,
  `UPDT_ID` varchar(60) DEFAULT NULL,
  `DESCRIPTION` longtext,
  `NAME` varchar(120) NOT NULL,
  `TITLE` varchar(100) DEFAULT NULL,
  `PRICE_APPENDER` varchar(255) DEFAULT NULL,
  `LANGUAGE_ID` int(11) NOT NULL,
  `PRODUCT_PRICE_ID` bigint(20) NOT NULL,
  PRIMARY KEY (`DESCRIPTION_ID`),
  UNIQUE KEY `UKfrsw8d41sxxogvxxoyd8nwaxu` (`PRODUCT_PRICE_ID`,`LANGUAGE_ID`),
  KEY `FK7bmbrjr8ar5icwdpt8myj6gei` (`LANGUAGE_ID`),
  CONSTRAINT `FK7bmbrjr8ar5icwdpt8myj6gei` FOREIGN KEY (`LANGUAGE_ID`) REFERENCES `language` (`LANGUAGE_ID`),
  CONSTRAINT `FKbwxw861ipjsct606j3dagdjsf` FOREIGN KEY (`PRODUCT_PRICE_ID`) REFERENCES `product_price` (`PRODUCT_PRICE_ID`)
) ENGINE=InnoDB DEFAULT CHARSET=utf8;
/*!40101 SET character_set_client = @saved_cs_client */;

--
-- Dumping data for table `product_price_description`
--

INSERT INTO `product_price_description` (`DESCRIPTION_ID`, `DATE_CREATED`, `DATE_MODIFIED`, `UPDT_ID`, `DESCRIPTION`, `NAME`, `TITLE`, `PRICE_APPENDER`, `LANGUAGE_ID`, `PRODUCT_PRICE_ID`) VALUES (1,'2022-05-10 15:30:18','2022-05-10 15:30:18',NULL,NULL,'Base price',NULL,NULL,1,1);
INSERT INTO `product_price_description` (`DESCRIPTION_ID`, `DATE_CREATED`, `DATE_MODIFIED`, `UPDT_ID`, `DESCRIPTION`, `NAME`, `TITLE`, `PRICE_APPENDER`, `LANGUAGE_ID`, `PRODUCT_PRICE_ID`) VALUES (2,'2022-05-10 15:30:19','2022-05-10 15:30:19',NULL,NULL,'Base price',NULL,NULL,1,2);
INSERT INTO `product_price_description` (`DESCRIPTION_ID`, `DATE_CREATED`, `DATE_MODIFIED`, `UPDT_ID`, `DESCRIPTION`, `NAME`, `TITLE`, `PRICE_APPENDER`, `LANGUAGE_ID`, `PRODUCT_PRICE_ID`) VALUES (3,'2022-05-10 15:30:19','2022-05-10 15:30:19',NULL,NULL,'Base price',NULL,NULL,1,3);
INSERT INTO `product_price_description` (`DESCRIPTION_ID`, `DATE_CREATED`, `DATE_MODIFIED`, `UPDT_ID`, `DESCRIPTION`, `NAME`, `TITLE`, `PRICE_APPENDER`, `LANGUAGE_ID`, `PRODUCT_PRICE_ID`) VALUES (4,'2022-05-10 15:30:19','2022-05-10 15:30:19',NULL,NULL,'Base price',NULL,NULL,1,4);
INSERT INTO `product_price_description` (`DESCRIPTION_ID`, `DATE_CREATED`, `DATE_MODIFIED`, `UPDT_ID`, `DESCRIPTION`, `NAME`, `TITLE`, `PRICE_APPENDER`, `LANGUAGE_ID`, `PRODUCT_PRICE_ID`) VALUES (5,'2022-05-10 15:30:19','2022-05-10 15:30:19',NULL,NULL,'Base price',NULL,NULL,1,5);
INSERT INTO `product_price_description` (`DESCRIPTION_ID`, `DATE_CREATED`, `DATE_MODIFIED`, `UPDT_ID`, `DESCRIPTION`, `NAME`, `TITLE`, `PRICE_APPENDER`, `LANGUAGE_ID`, `PRODUCT_PRICE_ID`) VALUES (6,'2022-05-10 15:30:19','2022-05-10 15:30:19',NULL,NULL,'Base price',NULL,NULL,1,6);
INSERT INTO `product_price_description` (`DESCRIPTION_ID`, `DATE_CREATED`, `DATE_MODIFIED`, `UPDT_ID`, `DESCRIPTION`, `NAME`, `TITLE`, `PRICE_APPENDER`, `LANGUAGE_ID`, `PRODUCT_PRICE_ID`) VALUES (7,'2022-05-11 13:30:55','2022-05-11 13:30:55',NULL,NULL,'DEFAULT',NULL,NULL,1,50);
INSERT INTO `product_price_description` (`DESCRIPTION_ID`, `DATE_CREATED`, `DATE_MODIFIED`, `UPDT_ID`, `DESCRIPTION`, `NAME`, `TITLE`, `PRICE_APPENDER`, `LANGUAGE_ID`, `PRODUCT_PRICE_ID`) VALUES (8,'2022-05-11 13:44:33','2022-05-11 13:44:33',NULL,NULL,'DEFAULT',NULL,NULL,1,51);
INSERT INTO `product_price_description` (`DESCRIPTION_ID`, `DATE_CREATED`, `DATE_MODIFIED`, `UPDT_ID`, `DESCRIPTION`, `NAME`, `TITLE`, `PRICE_APPENDER`, `LANGUAGE_ID`, `PRODUCT_PRICE_ID`) VALUES (9,'2022-05-11 13:45:41','2022-05-11 13:45:41',NULL,NULL,'DEFAULT',NULL,NULL,1,52);
INSERT INTO `product_price_description` (`DESCRIPTION_ID`, `DATE_CREATED`, `DATE_MODIFIED`, `UPDT_ID`, `DESCRIPTION`, `NAME`, `TITLE`, `PRICE_APPENDER`, `LANGUAGE_ID`, `PRODUCT_PRICE_ID`) VALUES (11,'2022-05-11 13:51:49','2022-05-11 13:51:49',NULL,NULL,'DEFAULT',NULL,NULL,1,54);
INSERT INTO `product_price_description` (`DESCRIPTION_ID`, `DATE_CREATED`, `DATE_MODIFIED`, `UPDT_ID`, `DESCRIPTION`, `NAME`, `TITLE`, `PRICE_APPENDER`, `LANGUAGE_ID`, `PRODUCT_PRICE_ID`) VALUES (12,'2022-05-12 08:28:54','2022-05-12 08:28:54',NULL,NULL,'DEFAULT',NULL,NULL,1,100);
INSERT INTO `product_price_description` (`DESCRIPTION_ID`, `DATE_CREATED`, `DATE_MODIFIED`, `UPDT_ID`, `DESCRIPTION`, `NAME`, `TITLE`, `PRICE_APPENDER`, `LANGUAGE_ID`, `PRODUCT_PRICE_ID`) VALUES (14,'2022-05-12 10:06:36','2022-05-12 10:06:36',NULL,NULL,'DEFAULT',NULL,NULL,1,200);
INSERT INTO `product_price_description` (`DESCRIPTION_ID`, `DATE_CREATED`, `DATE_MODIFIED`, `UPDT_ID`, `DESCRIPTION`, `NAME`, `TITLE`, `PRICE_APPENDER`, `LANGUAGE_ID`, `PRODUCT_PRICE_ID`) VALUES (16,'2022-05-12 10:30:27','2022-05-12 10:30:27',NULL,NULL,'DEFAULT',NULL,NULL,1,300);
INSERT INTO `product_price_description` (`DESCRIPTION_ID`, `DATE_CREATED`, `DATE_MODIFIED`, `UPDT_ID`, `DESCRIPTION`, `NAME`, `TITLE`, `PRICE_APPENDER`, `LANGUAGE_ID`, `PRODUCT_PRICE_ID`) VALUES (17,'2022-05-12 10:31:46','2022-05-12 10:31:46',NULL,NULL,'DEFAULT',NULL,NULL,1,301);
INSERT INTO `product_price_description` (`DESCRIPTION_ID`, `DATE_CREATED`, `DATE_MODIFIED`, `UPDT_ID`, `DESCRIPTION`, `NAME`, `TITLE`, `PRICE_APPENDER`, `LANGUAGE_ID`, `PRODUCT_PRICE_ID`) VALUES (19,'2022-05-12 10:35:38','2022-05-12 10:35:38',NULL,NULL,'DEFAULT',NULL,NULL,1,351);
INSERT INTO `product_price_description` (`DESCRIPTION_ID`, `DATE_CREATED`, `DATE_MODIFIED`, `UPDT_ID`, `DESCRIPTION`, `NAME`, `TITLE`, `PRICE_APPENDER`, `LANGUAGE_ID`, `PRODUCT_PRICE_ID`) VALUES (20,'2022-05-12 10:43:48','2022-05-12 10:43:48',NULL,NULL,'DEFAULT',NULL,NULL,1,400);
INSERT INTO `product_price_description` (`DESCRIPTION_ID`, `DATE_CREATED`, `DATE_MODIFIED`, `UPDT_ID`, `DESCRIPTION`, `NAME`, `TITLE`, `PRICE_APPENDER`, `LANGUAGE_ID`, `PRODUCT_PRICE_ID`) VALUES (24,'2022-05-12 11:41:54','2022-05-12 11:41:54',NULL,NULL,'DEFAULT',NULL,NULL,1,550);
INSERT INTO `product_price_description` (`DESCRIPTION_ID`, `DATE_CREATED`, `DATE_MODIFIED`, `UPDT_ID`, `DESCRIPTION`, `NAME`, `TITLE`, `PRICE_APPENDER`, `LANGUAGE_ID`, `PRODUCT_PRICE_ID`) VALUES (25,'2022-05-12 11:52:58','2022-05-12 11:52:58',NULL,NULL,'DEFAULT',NULL,NULL,1,600);
INSERT INTO `product_price_description` (`DESCRIPTION_ID`, `DATE_CREATED`, `DATE_MODIFIED`, `UPDT_ID`, `DESCRIPTION`, `NAME`, `TITLE`, `PRICE_APPENDER`, `LANGUAGE_ID`, `PRODUCT_PRICE_ID`) VALUES (26,'2022-05-12 12:03:45','2022-05-12 12:03:45',NULL,NULL,'DEFAULT',NULL,NULL,1,650);
INSERT INTO `product_price_description` (`DESCRIPTION_ID`, `DATE_CREATED`, `DATE_MODIFIED`, `UPDT_ID`, `DESCRIPTION`, `NAME`, `TITLE`, `PRICE_APPENDER`, `LANGUAGE_ID`, `PRODUCT_PRICE_ID`) VALUES (27,'2022-05-12 13:23:50','2022-05-12 13:23:50',NULL,NULL,'DEFAULT',NULL,NULL,1,700);
INSERT INTO `product_price_description` (`DESCRIPTION_ID`, `DATE_CREATED`, `DATE_MODIFIED`, `UPDT_ID`, `DESCRIPTION`, `NAME`, `TITLE`, `PRICE_APPENDER`, `LANGUAGE_ID`, `PRODUCT_PRICE_ID`) VALUES (28,'2022-05-12 13:32:58','2022-05-12 13:32:58',NULL,NULL,'DEFAULT',NULL,NULL,1,750);
INSERT INTO `product_price_description` (`DESCRIPTION_ID`, `DATE_CREATED`, `DATE_MODIFIED`, `UPDT_ID`, `DESCRIPTION`, `NAME`, `TITLE`, `PRICE_APPENDER`, `LANGUAGE_ID`, `PRODUCT_PRICE_ID`) VALUES (29,'2022-05-12 17:20:27','2022-05-12 17:20:27',NULL,NULL,'DEFAULT',NULL,NULL,1,800);
INSERT INTO `product_price_description` (`DESCRIPTION_ID`, `DATE_CREATED`, `DATE_MODIFIED`, `UPDT_ID`, `DESCRIPTION`, `NAME`, `TITLE`, `PRICE_APPENDER`, `LANGUAGE_ID`, `PRODUCT_PRICE_ID`) VALUES (30,'2022-05-12 17:21:41','2022-05-12 17:21:41',NULL,NULL,'DEFAULT',NULL,NULL,1,801);
INSERT INTO `product_price_description` (`DESCRIPTION_ID`, `DATE_CREATED`, `DATE_MODIFIED`, `UPDT_ID`, `DESCRIPTION`, `NAME`, `TITLE`, `PRICE_APPENDER`, `LANGUAGE_ID`, `PRODUCT_PRICE_ID`) VALUES (31,'2022-05-12 17:25:56','2022-05-12 17:25:56',NULL,NULL,'DEFAULT',NULL,NULL,1,802);
INSERT INTO `product_price_description` (`DESCRIPTION_ID`, `DATE_CREATED`, `DATE_MODIFIED`, `UPDT_ID`, `DESCRIPTION`, `NAME`, `TITLE`, `PRICE_APPENDER`, `LANGUAGE_ID`, `PRODUCT_PRICE_ID`) VALUES (33,'2022-05-12 17:31:22','2022-05-12 17:31:22',NULL,NULL,'DEFAULT',NULL,NULL,1,804);
INSERT INTO `product_price_description` (`DESCRIPTION_ID`, `DATE_CREATED`, `DATE_MODIFIED`, `UPDT_ID`, `DESCRIPTION`, `NAME`, `TITLE`, `PRICE_APPENDER`, `LANGUAGE_ID`, `PRODUCT_PRICE_ID`) VALUES (40,'2022-05-14 14:16:00','2022-05-14 14:16:00',NULL,NULL,'DEFAULT',NULL,NULL,1,1050);
INSERT INTO `product_price_description` (`DESCRIPTION_ID`, `DATE_CREATED`, `DATE_MODIFIED`, `UPDT_ID`, `DESCRIPTION`, `NAME`, `TITLE`, `PRICE_APPENDER`, `LANGUAGE_ID`, `PRODUCT_PRICE_ID`) VALUES (42,'2022-05-14 16:26:36','2022-05-14 16:26:36',NULL,NULL,'DEFAULT',NULL,NULL,1,1100);
INSERT INTO `product_price_description` (`DESCRIPTION_ID`, `DATE_CREATED`, `DATE_MODIFIED`, `UPDT_ID`, `DESCRIPTION`, `NAME`, `TITLE`, `PRICE_APPENDER`, `LANGUAGE_ID`, `PRODUCT_PRICE_ID`) VALUES (44,'2022-05-14 16:52:56','2022-05-14 16:52:56',NULL,NULL,'DEFAULT',NULL,NULL,1,1150);
INSERT INTO `product_price_description` (`DESCRIPTION_ID`, `DATE_CREATED`, `DATE_MODIFIED`, `UPDT_ID`, `DESCRIPTION`, `NAME`, `TITLE`, `PRICE_APPENDER`, `LANGUAGE_ID`, `PRODUCT_PRICE_ID`) VALUES (45,'2022-05-14 17:03:30','2022-05-14 17:03:30',NULL,NULL,'DEFAULT',NULL,NULL,1,1200);
INSERT INTO `product_price_description` (`DESCRIPTION_ID`, `DATE_CREATED`, `DATE_MODIFIED`, `UPDT_ID`, `DESCRIPTION`, `NAME`, `TITLE`, `PRICE_APPENDER`, `LANGUAGE_ID`, `PRODUCT_PRICE_ID`) VALUES (46,'2022-05-14 17:03:35','2022-05-14 17:03:35',NULL,NULL,'DEFAULT',NULL,NULL,1,1201);
INSERT INTO `product_price_description` (`DESCRIPTION_ID`, `DATE_CREATED`, `DATE_MODIFIED`, `UPDT_ID`, `DESCRIPTION`, `NAME`, `TITLE`, `PRICE_APPENDER`, `LANGUAGE_ID`, `PRODUCT_PRICE_ID`) VALUES (47,'2022-05-14 19:13:01','2022-05-14 19:13:01',NULL,NULL,'DEFAULT',NULL,NULL,1,1250);
INSERT INTO `product_price_description` (`DESCRIPTION_ID`, `DATE_CREATED`, `DATE_MODIFIED`, `UPDT_ID`, `DESCRIPTION`, `NAME`, `TITLE`, `PRICE_APPENDER`, `LANGUAGE_ID`, `PRODUCT_PRICE_ID`) VALUES (48,'2022-05-14 21:23:48','2022-05-14 21:23:48',NULL,NULL,'DEFAULT',NULL,NULL,1,1300);
INSERT INTO `product_price_description` (`DESCRIPTION_ID`, `DATE_CREATED`, `DATE_MODIFIED`, `UPDT_ID`, `DESCRIPTION`, `NAME`, `TITLE`, `PRICE_APPENDER`, `LANGUAGE_ID`, `PRODUCT_PRICE_ID`) VALUES (49,'2022-05-14 21:29:30','2022-05-14 21:29:30',NULL,NULL,'DEFAULT',NULL,NULL,1,1301);
INSERT INTO `product_price_description` (`DESCRIPTION_ID`, `DATE_CREATED`, `DATE_MODIFIED`, `UPDT_ID`, `DESCRIPTION`, `NAME`, `TITLE`, `PRICE_APPENDER`, `LANGUAGE_ID`, `PRODUCT_PRICE_ID`) VALUES (50,'2022-05-14 21:34:01','2022-05-14 21:34:01',NULL,NULL,'DEFAULT',NULL,NULL,1,1350);
INSERT INTO `product_price_description` (`DESCRIPTION_ID`, `DATE_CREATED`, `DATE_MODIFIED`, `UPDT_ID`, `DESCRIPTION`, `NAME`, `TITLE`, `PRICE_APPENDER`, `LANGUAGE_ID`, `PRODUCT_PRICE_ID`) VALUES (54,'2022-05-14 22:06:44','2022-05-14 22:06:44',NULL,NULL,'DEFAULT',NULL,NULL,1,1550);
INSERT INTO `product_price_description` (`DESCRIPTION_ID`, `DATE_CREATED`, `DATE_MODIFIED`, `UPDT_ID`, `DESCRIPTION`, `NAME`, `TITLE`, `PRICE_APPENDER`, `LANGUAGE_ID`, `PRODUCT_PRICE_ID`) VALUES (59,'2022-05-14 23:29:46','2022-05-14 23:29:46',NULL,NULL,'DEFAULT',NULL,NULL,1,1800);
INSERT INTO `product_price_description` (`DESCRIPTION_ID`, `DATE_CREATED`, `DATE_MODIFIED`, `UPDT_ID`, `DESCRIPTION`, `NAME`, `TITLE`, `PRICE_APPENDER`, `LANGUAGE_ID`, `PRODUCT_PRICE_ID`) VALUES (61,'2022-05-15 12:34:01','2022-05-15 12:34:01',NULL,NULL,'DEFAULT',NULL,NULL,1,1802);
INSERT INTO `product_price_description` (`DESCRIPTION_ID`, `DATE_CREATED`, `DATE_MODIFIED`, `UPDT_ID`, `DESCRIPTION`, `NAME`, `TITLE`, `PRICE_APPENDER`, `LANGUAGE_ID`, `PRODUCT_PRICE_ID`) VALUES (62,'2022-05-15 14:56:55','2022-05-15 14:56:55',NULL,NULL,'DEFAULT',NULL,NULL,1,1850);
INSERT INTO `product_price_description` (`DESCRIPTION_ID`, `DATE_CREATED`, `DATE_MODIFIED`, `UPDT_ID`, `DESCRIPTION`, `NAME`, `TITLE`, `PRICE_APPENDER`, `LANGUAGE_ID`, `PRODUCT_PRICE_ID`) VALUES (63,'2022-05-15 14:57:32','2022-05-15 14:57:32',NULL,NULL,'DEFAULT',NULL,NULL,1,1851);
INSERT INTO `product_price_description` (`DESCRIPTION_ID`, `DATE_CREATED`, `DATE_MODIFIED`, `UPDT_ID`, `DESCRIPTION`, `NAME`, `TITLE`, `PRICE_APPENDER`, `LANGUAGE_ID`, `PRODUCT_PRICE_ID`) VALUES (68,'2022-05-15 15:06:46','2022-05-15 15:06:46',NULL,NULL,'DEFAULT',NULL,NULL,1,1904);
INSERT INTO `product_price_description` (`DESCRIPTION_ID`, `DATE_CREATED`, `DATE_MODIFIED`, `UPDT_ID`, `DESCRIPTION`, `NAME`, `TITLE`, `PRICE_APPENDER`, `LANGUAGE_ID`, `PRODUCT_PRICE_ID`) VALUES (69,'2022-05-15 15:06:50','2022-05-15 15:06:50',NULL,NULL,'DEFAULT',NULL,NULL,1,1905);
INSERT INTO `product_price_description` (`DESCRIPTION_ID`, `DATE_CREATED`, `DATE_MODIFIED`, `UPDT_ID`, `DESCRIPTION`, `NAME`, `TITLE`, `PRICE_APPENDER`, `LANGUAGE_ID`, `PRODUCT_PRICE_ID`) VALUES (75,'2022-05-18 22:59:40','2022-05-18 22:59:40',NULL,NULL,'DEFAULT',NULL,NULL,1,2004);
INSERT INTO `product_price_description` (`DESCRIPTION_ID`, `DATE_CREATED`, `DATE_MODIFIED`, `UPDT_ID`, `DESCRIPTION`, `NAME`, `TITLE`, `PRICE_APPENDER`, `LANGUAGE_ID`, `PRODUCT_PRICE_ID`) VALUES (76,'2022-05-18 22:59:40','2022-05-18 22:59:40',NULL,NULL,'DEFAULT',NULL,NULL,2,2004);
INSERT INTO `product_price_description` (`DESCRIPTION_ID`, `DATE_CREATED`, `DATE_MODIFIED`, `UPDT_ID`, `DESCRIPTION`, `NAME`, `TITLE`, `PRICE_APPENDER`, `LANGUAGE_ID`, `PRODUCT_PRICE_ID`) VALUES (77,'2022-05-18 22:59:40','2022-05-18 22:59:40',NULL,NULL,'DEFAULT',NULL,NULL,4,2004);
INSERT INTO `product_price_description` (`DESCRIPTION_ID`, `DATE_CREATED`, `DATE_MODIFIED`, `UPDT_ID`, `DESCRIPTION`, `NAME`, `TITLE`, `PRICE_APPENDER`, `LANGUAGE_ID`, `PRODUCT_PRICE_ID`) VALUES (78,'2022-05-19 08:34:09','2022-05-19 08:34:09',NULL,NULL,'DEFAULT',NULL,NULL,4,2005);
INSERT INTO `product_price_description` (`DESCRIPTION_ID`, `DATE_CREATED`, `DATE_MODIFIED`, `UPDT_ID`, `DESCRIPTION`, `NAME`, `TITLE`, `PRICE_APPENDER`, `LANGUAGE_ID`, `PRODUCT_PRICE_ID`) VALUES (79,'2022-05-19 08:34:09','2022-05-19 08:34:09',NULL,NULL,'DEFAULT',NULL,NULL,1,2005);
INSERT INTO `product_price_description` (`DESCRIPTION_ID`, `DATE_CREATED`, `DATE_MODIFIED`, `UPDT_ID`, `DESCRIPTION`, `NAME`, `TITLE`, `PRICE_APPENDER`, `LANGUAGE_ID`, `PRODUCT_PRICE_ID`) VALUES (80,'2022-05-19 08:34:09','2022-05-19 08:34:09',NULL,NULL,'DEFAULT',NULL,NULL,2,2005);

--
-- Table structure for table `product_relationship`
--

DROP TABLE IF EXISTS `product_relationship`;
/*!40101 SET @saved_cs_client     = @@character_set_client */;
 SET character_set_client = utf8mb4 ;
CREATE TABLE `product_relationship` (
  `PRODUCT_RELATIONSHIP_ID` bigint(20) NOT NULL,
  `ACTIVE` bit(1) DEFAULT NULL,
  `CODE` varchar(255) DEFAULT NULL,
  `PRODUCT_ID` bigint(20) DEFAULT NULL,
  `RELATED_PRODUCT_ID` bigint(20) DEFAULT NULL,
  `MERCHANT_ID` int(11) NOT NULL,
  PRIMARY KEY (`PRODUCT_RELATIONSHIP_ID`),
  KEY `FKso3cvinykac5wdwu1tjgfotor` (`PRODUCT_ID`),
  KEY `FKfskwtawyt85g9h6761fa69ya5` (`RELATED_PRODUCT_ID`),
  KEY `FKnprvswtbgrm6bjfq3cbdl3qsm` (`MERCHANT_ID`),
  CONSTRAINT `FKfskwtawyt85g9h6761fa69ya5` FOREIGN KEY (`RELATED_PRODUCT_ID`) REFERENCES `product` (`PRODUCT_ID`),
  CONSTRAINT `FKnprvswtbgrm6bjfq3cbdl3qsm` FOREIGN KEY (`MERCHANT_ID`) REFERENCES `merchant_store` (`MERCHANT_ID`),
  CONSTRAINT `FKso3cvinykac5wdwu1tjgfotor` FOREIGN KEY (`PRODUCT_ID`) REFERENCES `product` (`PRODUCT_ID`)
) ENGINE=InnoDB DEFAULT CHARSET=utf8;
/*!40101 SET character_set_client = @saved_cs_client */;

--
-- Dumping data for table `product_relationship`
--

INSERT INTO `product_relationship` (`PRODUCT_RELATIONSHIP_ID`, `ACTIVE`, `CODE`, `PRODUCT_ID`, `RELATED_PRODUCT_ID`, `MERCHANT_ID`) VALUES (1,_binary '','FEATURED_ITEM',NULL,1,1);
INSERT INTO `product_relationship` (`PRODUCT_RELATIONSHIP_ID`, `ACTIVE`, `CODE`, `PRODUCT_ID`, `RELATED_PRODUCT_ID`, `MERCHANT_ID`) VALUES (2,_binary '','FEATURED_ITEM',NULL,6,1);
INSERT INTO `product_relationship` (`PRODUCT_RELATIONSHIP_ID`, `ACTIVE`, `CODE`, `PRODUCT_ID`, `RELATED_PRODUCT_ID`, `MERCHANT_ID`) VALUES (3,_binary '','FEATURED_ITEM',NULL,5,1);
INSERT INTO `product_relationship` (`PRODUCT_RELATIONSHIP_ID`, `ACTIVE`, `CODE`, `PRODUCT_ID`, `RELATED_PRODUCT_ID`, `MERCHANT_ID`) VALUES (4,_binary '','FEATURED_ITEM',NULL,2,1);

--
-- Table structure for table `product_review`
--

DROP TABLE IF EXISTS `product_review`;
/*!40101 SET @saved_cs_client     = @@character_set_client */;
 SET character_set_client = utf8mb4 ;
CREATE TABLE `product_review` (
  `PRODUCT_REVIEW_ID` bigint(20) NOT NULL,
  `DATE_CREATED` datetime DEFAULT NULL,
  `DATE_MODIFIED` datetime DEFAULT NULL,
  `UPDT_ID` varchar(60) DEFAULT NULL,
  `REVIEW_DATE` datetime DEFAULT NULL,
  `REVIEWS_RATING` double DEFAULT NULL,
  `REVIEWS_READ` bigint(20) DEFAULT NULL,
  `STATUS` int(11) DEFAULT NULL,
  `CUSTOMERS_ID` bigint(20) DEFAULT NULL,
  `PRODUCT_ID` bigint(20) DEFAULT NULL,
  PRIMARY KEY (`PRODUCT_REVIEW_ID`),
  UNIQUE KEY `UK9ew5idgdbk8a77534hbnhd4yb` (`CUSTOMERS_ID`,`PRODUCT_ID`),
  KEY `FKbfi8de7kxultg1vevq6jc1hn7` (`PRODUCT_ID`),
  CONSTRAINT `FK7tm0jrt0hiugo3ep49t3subou` FOREIGN KEY (`CUSTOMERS_ID`) REFERENCES `customer` (`CUSTOMER_ID`),
  CONSTRAINT `FKbfi8de7kxultg1vevq6jc1hn7` FOREIGN KEY (`PRODUCT_ID`) REFERENCES `product` (`PRODUCT_ID`)
) ENGINE=InnoDB DEFAULT CHARSET=utf8;
/*!40101 SET character_set_client = @saved_cs_client */;

--
-- Dumping data for table `product_review`
--


--
-- Table structure for table `product_review_description`
--

DROP TABLE IF EXISTS `product_review_description`;
/*!40101 SET @saved_cs_client     = @@character_set_client */;
 SET character_set_client = utf8mb4 ;
CREATE TABLE `product_review_description` (
  `DESCRIPTION_ID` bigint(20) NOT NULL,
  `DATE_CREATED` datetime DEFAULT NULL,
  `DATE_MODIFIED` datetime DEFAULT NULL,
  `UPDT_ID` varchar(60) DEFAULT NULL,
  `DESCRIPTION` longtext,
  `NAME` varchar(120) NOT NULL,
  `TITLE` varchar(100) DEFAULT NULL,
  `LANGUAGE_ID` int(11) NOT NULL,
  `PRODUCT_REVIEW_ID` bigint(20) DEFAULT NULL,
  PRIMARY KEY (`DESCRIPTION_ID`),
  UNIQUE KEY `UKqno5wjdtcj8pm3ykkkh7t4rxj` (`PRODUCT_REVIEW_ID`,`LANGUAGE_ID`),
  KEY `FK7byc5jsf5bm4lk674ac44e50m` (`LANGUAGE_ID`),
  CONSTRAINT `FK7byc5jsf5bm4lk674ac44e50m` FOREIGN KEY (`LANGUAGE_ID`) REFERENCES `language` (`LANGUAGE_ID`),
  CONSTRAINT `FKmjivhigdcxmytndlpjuhf4o25` FOREIGN KEY (`PRODUCT_REVIEW_ID`) REFERENCES `product_review` (`PRODUCT_REVIEW_ID`)
) ENGINE=InnoDB DEFAULT CHARSET=utf8;
/*!40101 SET character_set_client = @saved_cs_client */;

--
-- Dumping data for table `product_review_description`
--


--
-- Table structure for table `product_type`
--

DROP TABLE IF EXISTS `product_type`;
/*!40101 SET @saved_cs_client     = @@character_set_client */;
 SET character_set_client = utf8mb4 ;
CREATE TABLE `product_type` (
  `PRODUCT_TYPE_ID` bigint(20) NOT NULL,
  `PRD_TYPE_ADD_TO_CART` bit(1) DEFAULT NULL,
  `DATE_CREATED` datetime DEFAULT NULL,
  `DATE_MODIFIED` datetime DEFAULT NULL,
  `UPDT_ID` varchar(60) DEFAULT NULL,
  `PRD_TYPE_CODE` varchar(255) DEFAULT NULL,
  `PRD_TYPE_VISIBLE` bit(1) DEFAULT NULL,
  `MERCHANT_ID` int(11) DEFAULT NULL,
  PRIMARY KEY (`PRODUCT_TYPE_ID`),
  KEY `FKswkvtaq4om2di6x8cd4m22ofn` (`MERCHANT_ID`),
  CONSTRAINT `FKswkvtaq4om2di6x8cd4m22ofn` FOREIGN KEY (`MERCHANT_ID`) REFERENCES `merchant_store` (`MERCHANT_ID`)
) ENGINE=InnoDB DEFAULT CHARSET=utf8;
/*!40101 SET character_set_client = @saved_cs_client */;

--
-- Dumping data for table `product_type`
--

INSERT INTO `product_type` (`PRODUCT_TYPE_ID`, `PRD_TYPE_ADD_TO_CART`, `DATE_CREATED`, `DATE_MODIFIED`, `UPDT_ID`, `PRD_TYPE_CODE`, `PRD_TYPE_VISIBLE`, `MERCHANT_ID`) VALUES (1,NULL,'2022-05-02 12:48:17','2022-05-02 12:48:17',NULL,'GENERAL',NULL,NULL);
INSERT INTO `product_type` (`PRODUCT_TYPE_ID`, `PRD_TYPE_ADD_TO_CART`, `DATE_CREATED`, `DATE_MODIFIED`, `UPDT_ID`, `PRD_TYPE_CODE`, `PRD_TYPE_VISIBLE`, `MERCHANT_ID`) VALUES (50,_binary '','2022-05-10 11:10:24','2022-05-10 11:10:24',NULL,'micro-fiber-with-flower-print',_binary '',1);
INSERT INTO `product_type` (`PRODUCT_TYPE_ID`, `PRD_TYPE_ADD_TO_CART`, `DATE_CREATED`, `DATE_MODIFIED`, `UPDT_ID`, `PRD_TYPE_CODE`, `PRD_TYPE_VISIBLE`, `MERCHANT_ID`) VALUES (51,_binary '','2022-05-10 11:10:25','2022-05-10 11:10:25',NULL,'micro-stapa-with-lace',_binary '',1);
INSERT INTO `product_type` (`PRODUCT_TYPE_ID`, `PRD_TYPE_ADD_TO_CART`, `DATE_CREATED`, `DATE_MODIFIED`, `UPDT_ID`, `PRD_TYPE_CODE`, `PRD_TYPE_VISIBLE`, `MERCHANT_ID`) VALUES (52,_binary '','2022-05-10 11:10:25','2022-05-10 11:10:25',NULL,'cotton-spandex-with-lace-trim',_binary '',1);
INSERT INTO `product_type` (`PRODUCT_TYPE_ID`, `PRD_TYPE_ADD_TO_CART`, `DATE_CREATED`, `DATE_MODIFIED`, `UPDT_ID`, `PRD_TYPE_CODE`, `PRD_TYPE_VISIBLE`, `MERCHANT_ID`) VALUES (53,_binary '','2022-05-10 11:10:25','2022-05-10 11:10:25',NULL,'90-polyester-10-spandex',_binary '',1);
INSERT INTO `product_type` (`PRODUCT_TYPE_ID`, `PRD_TYPE_ADD_TO_CART`, `DATE_CREATED`, `DATE_MODIFIED`, `UPDT_ID`, `PRD_TYPE_CODE`, `PRD_TYPE_VISIBLE`, `MERCHANT_ID`) VALUES (54,_binary '','2022-05-10 11:10:26','2022-05-10 11:10:26',NULL,'micro-stapa',_binary '',1);
INSERT INTO `product_type` (`PRODUCT_TYPE_ID`, `PRD_TYPE_ADD_TO_CART`, `DATE_CREATED`, `DATE_MODIFIED`, `UPDT_ID`, `PRD_TYPE_CODE`, `PRD_TYPE_VISIBLE`, `MERCHANT_ID`) VALUES (55,_binary '','2022-05-10 11:10:26','2022-05-10 11:10:26',NULL,'micro-with-lace',_binary '',1);
INSERT INTO `product_type` (`PRODUCT_TYPE_ID`, `PRD_TYPE_ADD_TO_CART`, `DATE_CREATED`, `DATE_MODIFIED`, `UPDT_ID`, `PRD_TYPE_CODE`, `PRD_TYPE_VISIBLE`, `MERCHANT_ID`) VALUES (56,_binary '','2022-05-10 11:10:26','2022-05-10 11:10:26',NULL,'cotton-spandex',_binary '',1);
INSERT INTO `product_type` (`PRODUCT_TYPE_ID`, `PRD_TYPE_ADD_TO_CART`, `DATE_CREATED`, `DATE_MODIFIED`, `UPDT_ID`, `PRD_TYPE_CODE`, `PRD_TYPE_VISIBLE`, `MERCHANT_ID`) VALUES (57,_binary '','2022-05-10 11:10:26','2022-05-10 11:10:26',NULL,'cotton-with-elastic-band',_binary '',1);
INSERT INTO `product_type` (`PRODUCT_TYPE_ID`, `PRD_TYPE_ADD_TO_CART`, `DATE_CREATED`, `DATE_MODIFIED`, `UPDT_ID`, `PRD_TYPE_CODE`, `PRD_TYPE_VISIBLE`, `MERCHANT_ID`) VALUES (58,_binary '','2022-05-10 11:10:27','2022-05-10 11:10:27',NULL,'micro-fiber',_binary '',1);
INSERT INTO `product_type` (`PRODUCT_TYPE_ID`, `PRD_TYPE_ADD_TO_CART`, `DATE_CREATED`, `DATE_MODIFIED`, `UPDT_ID`, `PRD_TYPE_CODE`, `PRD_TYPE_VISIBLE`, `MERCHANT_ID`) VALUES (59,_binary '','2022-05-10 11:10:27','2022-05-10 11:10:27',NULL,'panties-soft',_binary '',1);
INSERT INTO `product_type` (`PRODUCT_TYPE_ID`, `PRD_TYPE_ADD_TO_CART`, `DATE_CREATED`, `DATE_MODIFIED`, `UPDT_ID`, `PRD_TYPE_CODE`, `PRD_TYPE_VISIBLE`, `MERCHANT_ID`) VALUES (60,_binary '','2022-05-10 11:10:27','2022-05-10 11:10:27',NULL,'panties-silky',_binary '',1);
INSERT INTO `product_type` (`PRODUCT_TYPE_ID`, `PRD_TYPE_ADD_TO_CART`, `DATE_CREATED`, `DATE_MODIFIED`, `UPDT_ID`, `PRD_TYPE_CODE`, `PRD_TYPE_VISIBLE`, `MERCHANT_ID`) VALUES (61,_binary '','2022-05-10 11:10:27','2022-05-10 11:10:27',NULL,'high-cut',_binary '',1);
INSERT INTO `product_type` (`PRODUCT_TYPE_ID`, `PRD_TYPE_ADD_TO_CART`, `DATE_CREATED`, `DATE_MODIFIED`, `UPDT_ID`, `PRD_TYPE_CODE`, `PRD_TYPE_VISIBLE`, `MERCHANT_ID`) VALUES (62,_binary '','2022-05-10 11:10:27','2022-05-10 11:10:27',NULL,'over-size-with-broderie',_binary '',1);
INSERT INTO `product_type` (`PRODUCT_TYPE_ID`, `PRD_TYPE_ADD_TO_CART`, `DATE_CREATED`, `DATE_MODIFIED`, `UPDT_ID`, `PRD_TYPE_CODE`, `PRD_TYPE_VISIBLE`, `MERCHANT_ID`) VALUES (63,_binary '','2022-05-10 11:10:28','2022-05-10 11:10:28',NULL,'95-cotton-5-spandex',_binary '',1);
INSERT INTO `product_type` (`PRODUCT_TYPE_ID`, `PRD_TYPE_ADD_TO_CART`, `DATE_CREATED`, `DATE_MODIFIED`, `UPDT_ID`, `PRD_TYPE_CODE`, `PRD_TYPE_VISIBLE`, `MERCHANT_ID`) VALUES (64,_binary '','2022-05-10 11:10:28','2022-05-10 11:10:28',NULL,'poly-spandex',_binary '',1);
INSERT INTO `product_type` (`PRODUCT_TYPE_ID`, `PRD_TYPE_ADD_TO_CART`, `DATE_CREATED`, `DATE_MODIFIED`, `UPDT_ID`, `PRD_TYPE_CODE`, `PRD_TYPE_VISIBLE`, `MERCHANT_ID`) VALUES (65,_binary '','2022-05-10 11:10:28','2022-05-10 11:10:28',NULL,'90-nylon-10-spandex',_binary '',1);
INSERT INTO `product_type` (`PRODUCT_TYPE_ID`, `PRD_TYPE_ADD_TO_CART`, `DATE_CREATED`, `DATE_MODIFIED`, `UPDT_ID`, `PRD_TYPE_CODE`, `PRD_TYPE_VISIBLE`, `MERCHANT_ID`) VALUES (66,_binary '','2022-05-10 11:10:28','2022-05-10 11:10:28',NULL,'micro-fiber-with-lace-trim',_binary '',1);
INSERT INTO `product_type` (`PRODUCT_TYPE_ID`, `PRD_TYPE_ADD_TO_CART`, `DATE_CREATED`, `DATE_MODIFIED`, `UPDT_ID`, `PRD_TYPE_CODE`, `PRD_TYPE_VISIBLE`, `MERCHANT_ID`) VALUES (67,_binary '','2022-05-10 11:10:29','2022-05-10 11:10:29',NULL,'microfibera -silky',_binary '',1);
INSERT INTO `product_type` (`PRODUCT_TYPE_ID`, `PRD_TYPE_ADD_TO_CART`, `DATE_CREATED`, `DATE_MODIFIED`, `UPDT_ID`, `PRD_TYPE_CODE`, `PRD_TYPE_VISIBLE`, `MERCHANT_ID`) VALUES (68,_binary '','2022-05-10 11:10:29','2022-05-10 11:10:29',NULL,'all-lace',_binary '',1);
INSERT INTO `product_type` (`PRODUCT_TYPE_ID`, `PRD_TYPE_ADD_TO_CART`, `DATE_CREATED`, `DATE_MODIFIED`, `UPDT_ID`, `PRD_TYPE_CODE`, `PRD_TYPE_VISIBLE`, `MERCHANT_ID`) VALUES (69,_binary '','2022-05-10 11:10:29','2022-05-10 11:10:29',NULL,'extra-comfort-with-broderie',_binary '',1);
INSERT INTO `product_type` (`PRODUCT_TYPE_ID`, `PRD_TYPE_ADD_TO_CART`, `DATE_CREATED`, `DATE_MODIFIED`, `UPDT_ID`, `PRD_TYPE_CODE`, `PRD_TYPE_VISIBLE`, `MERCHANT_ID`) VALUES (70,_binary '','2022-05-10 11:10:29','2022-05-10 11:10:29',NULL,'pontelle',_binary '',1);
INSERT INTO `product_type` (`PRODUCT_TYPE_ID`, `PRD_TYPE_ADD_TO_CART`, `DATE_CREATED`, `DATE_MODIFIED`, `UPDT_ID`, `PRD_TYPE_CODE`, `PRD_TYPE_VISIBLE`, `MERCHANT_ID`) VALUES (71,_binary '','2022-05-10 11:10:29','2022-05-10 11:10:29',NULL,'extra-comfort',_binary '',1);
INSERT INTO `product_type` (`PRODUCT_TYPE_ID`, `PRD_TYPE_ADD_TO_CART`, `DATE_CREATED`, `DATE_MODIFIED`, `UPDT_ID`, `PRD_TYPE_CODE`, `PRD_TYPE_VISIBLE`, `MERCHANT_ID`) VALUES (72,_binary '','2022-05-10 11:10:30','2022-05-10 11:10:30',NULL,'broderie-design',_binary '',1);

--
-- Table structure for table `product_type_description`
--

DROP TABLE IF EXISTS `product_type_description`;
/*!40101 SET @saved_cs_client     = @@character_set_client */;
 SET character_set_client = utf8mb4 ;
CREATE TABLE `product_type_description` (
  `DESCRIPTION_ID` bigint(20) NOT NULL,
  `DATE_CREATED` datetime DEFAULT NULL,
  `DATE_MODIFIED` datetime DEFAULT NULL,
  `UPDT_ID` varchar(60) DEFAULT NULL,
  `DESCRIPTION` longtext,
  `NAME` varchar(120) NOT NULL,
  `TITLE` varchar(100) DEFAULT NULL,
  `LANGUAGE_ID` int(11) NOT NULL,
  `PRODUCT_TYPE_ID` bigint(20) NOT NULL,
  PRIMARY KEY (`DESCRIPTION_ID`),
  UNIQUE KEY `UKbnra4lwqjkju4yh04824sw6be` (`PRODUCT_TYPE_ID`,`LANGUAGE_ID`),
  KEY `FK81q74whco5y9fd51aa330hlc0` (`LANGUAGE_ID`),
  CONSTRAINT `FK81q74whco5y9fd51aa330hlc0` FOREIGN KEY (`LANGUAGE_ID`) REFERENCES `language` (`LANGUAGE_ID`),
  CONSTRAINT `FKpwc89ulk7c9asbp2nfy2t4x2j` FOREIGN KEY (`PRODUCT_TYPE_ID`) REFERENCES `product_type` (`PRODUCT_TYPE_ID`)
) ENGINE=InnoDB DEFAULT CHARSET=utf8;
/*!40101 SET character_set_client = @saved_cs_client */;

--
-- Dumping data for table `product_type_description`
--

INSERT INTO `product_type_description` (`DESCRIPTION_ID`, `DATE_CREATED`, `DATE_MODIFIED`, `UPDT_ID`, `DESCRIPTION`, `NAME`, `TITLE`, `LANGUAGE_ID`, `PRODUCT_TYPE_ID`) VALUES (1,'2022-05-10 11:10:24','2022-05-10 11:10:24',NULL,'Micro Fiber with Flower print','Micro Fiber with Flower print',NULL,1,50);
INSERT INTO `product_type_description` (`DESCRIPTION_ID`, `DATE_CREATED`, `DATE_MODIFIED`, `UPDT_ID`, `DESCRIPTION`, `NAME`, `TITLE`, `LANGUAGE_ID`, `PRODUCT_TYPE_ID`) VALUES (2,'2022-05-10 11:10:24','2022-05-10 11:10:24',NULL,'Micro Fiber with Flower print','Micro Fiber with Flower print',NULL,2,50);
INSERT INTO `product_type_description` (`DESCRIPTION_ID`, `DATE_CREATED`, `DATE_MODIFIED`, `UPDT_ID`, `DESCRIPTION`, `NAME`, `TITLE`, `LANGUAGE_ID`, `PRODUCT_TYPE_ID`) VALUES (3,'2022-05-10 11:10:25','2022-05-10 11:10:25',NULL,'Micro stapa with lace','Micro stapa with lace',NULL,2,51);
INSERT INTO `product_type_description` (`DESCRIPTION_ID`, `DATE_CREATED`, `DATE_MODIFIED`, `UPDT_ID`, `DESCRIPTION`, `NAME`, `TITLE`, `LANGUAGE_ID`, `PRODUCT_TYPE_ID`) VALUES (4,'2022-05-10 11:10:25','2022-05-10 11:10:25',NULL,'Micro stapa with lace','Micro stapa with lace',NULL,1,51);
INSERT INTO `product_type_description` (`DESCRIPTION_ID`, `DATE_CREATED`, `DATE_MODIFIED`, `UPDT_ID`, `DESCRIPTION`, `NAME`, `TITLE`, `LANGUAGE_ID`, `PRODUCT_TYPE_ID`) VALUES (5,'2022-05-10 11:10:25','2022-05-10 11:10:25',NULL,'Cotton Spandex with lace trim','Cotton Spandex with lace trim',NULL,1,52);
INSERT INTO `product_type_description` (`DESCRIPTION_ID`, `DATE_CREATED`, `DATE_MODIFIED`, `UPDT_ID`, `DESCRIPTION`, `NAME`, `TITLE`, `LANGUAGE_ID`, `PRODUCT_TYPE_ID`) VALUES (6,'2022-05-10 11:10:25','2022-05-10 11:10:25',NULL,'Cotton Spandex with lace trim','Cotton Spandex with lace trim',NULL,2,52);
INSERT INTO `product_type_description` (`DESCRIPTION_ID`, `DATE_CREATED`, `DATE_MODIFIED`, `UPDT_ID`, `DESCRIPTION`, `NAME`, `TITLE`, `LANGUAGE_ID`, `PRODUCT_TYPE_ID`) VALUES (7,'2022-05-10 11:10:25','2022-05-10 11:10:25',NULL,'90% Polyester â 10% Spandex','90% Polyester â 10% Spandex',NULL,2,53);
INSERT INTO `product_type_description` (`DESCRIPTION_ID`, `DATE_CREATED`, `DATE_MODIFIED`, `UPDT_ID`, `DESCRIPTION`, `NAME`, `TITLE`, `LANGUAGE_ID`, `PRODUCT_TYPE_ID`) VALUES (8,'2022-05-10 11:10:25','2022-05-10 11:10:25',NULL,'90% Polyester â 10% Spandex','90% Polyester â 10% Spandex',NULL,1,53);
INSERT INTO `product_type_description` (`DESCRIPTION_ID`, `DATE_CREATED`, `DATE_MODIFIED`, `UPDT_ID`, `DESCRIPTION`, `NAME`, `TITLE`, `LANGUAGE_ID`, `PRODUCT_TYPE_ID`) VALUES (9,'2022-05-10 11:10:26','2022-05-10 11:10:26',NULL,'Micro stapa','Micro stapa',NULL,1,54);
INSERT INTO `product_type_description` (`DESCRIPTION_ID`, `DATE_CREATED`, `DATE_MODIFIED`, `UPDT_ID`, `DESCRIPTION`, `NAME`, `TITLE`, `LANGUAGE_ID`, `PRODUCT_TYPE_ID`) VALUES (10,'2022-05-10 11:10:26','2022-05-10 11:10:26',NULL,'Micro stapa','Micro stapa',NULL,2,54);
INSERT INTO `product_type_description` (`DESCRIPTION_ID`, `DATE_CREATED`, `DATE_MODIFIED`, `UPDT_ID`, `DESCRIPTION`, `NAME`, `TITLE`, `LANGUAGE_ID`, `PRODUCT_TYPE_ID`) VALUES (11,'2022-05-10 11:10:26','2022-05-10 11:10:26',NULL,'Micro with lace','Micro with lace',NULL,1,55);
INSERT INTO `product_type_description` (`DESCRIPTION_ID`, `DATE_CREATED`, `DATE_MODIFIED`, `UPDT_ID`, `DESCRIPTION`, `NAME`, `TITLE`, `LANGUAGE_ID`, `PRODUCT_TYPE_ID`) VALUES (12,'2022-05-10 11:10:26','2022-05-10 11:10:26',NULL,'Micro with lace','Micro with lace',NULL,2,55);
INSERT INTO `product_type_description` (`DESCRIPTION_ID`, `DATE_CREATED`, `DATE_MODIFIED`, `UPDT_ID`, `DESCRIPTION`, `NAME`, `TITLE`, `LANGUAGE_ID`, `PRODUCT_TYPE_ID`) VALUES (13,'2022-05-10 11:10:26','2022-05-10 11:10:26',NULL,'Cotton Spandex','Cotton Spandex',NULL,2,56);
INSERT INTO `product_type_description` (`DESCRIPTION_ID`, `DATE_CREATED`, `DATE_MODIFIED`, `UPDT_ID`, `DESCRIPTION`, `NAME`, `TITLE`, `LANGUAGE_ID`, `PRODUCT_TYPE_ID`) VALUES (14,'2022-05-10 11:10:26','2022-05-10 11:10:26',NULL,'Cotton Spandex','Cotton Spandex',NULL,1,56);
INSERT INTO `product_type_description` (`DESCRIPTION_ID`, `DATE_CREATED`, `DATE_MODIFIED`, `UPDT_ID`, `DESCRIPTION`, `NAME`, `TITLE`, `LANGUAGE_ID`, `PRODUCT_TYPE_ID`) VALUES (15,'2022-05-10 11:10:26','2022-05-10 11:10:26',NULL,'Cotton with elastic band','Cotton with elastic band',NULL,2,57);
INSERT INTO `product_type_description` (`DESCRIPTION_ID`, `DATE_CREATED`, `DATE_MODIFIED`, `UPDT_ID`, `DESCRIPTION`, `NAME`, `TITLE`, `LANGUAGE_ID`, `PRODUCT_TYPE_ID`) VALUES (16,'2022-05-10 11:10:26','2022-05-10 11:10:26',NULL,'Cotton with elastic band','Cotton with elastic band',NULL,1,57);
INSERT INTO `product_type_description` (`DESCRIPTION_ID`, `DATE_CREATED`, `DATE_MODIFIED`, `UPDT_ID`, `DESCRIPTION`, `NAME`, `TITLE`, `LANGUAGE_ID`, `PRODUCT_TYPE_ID`) VALUES (17,'2022-05-10 11:10:27','2022-05-10 11:10:27',NULL,'Micro Fiber','Micro Fiber',NULL,1,58);
INSERT INTO `product_type_description` (`DESCRIPTION_ID`, `DATE_CREATED`, `DATE_MODIFIED`, `UPDT_ID`, `DESCRIPTION`, `NAME`, `TITLE`, `LANGUAGE_ID`, `PRODUCT_TYPE_ID`) VALUES (18,'2022-05-10 11:10:27','2022-05-10 11:10:27',NULL,'Micro Fiber','Micro Fiber',NULL,2,58);
INSERT INTO `product_type_description` (`DESCRIPTION_ID`, `DATE_CREATED`, `DATE_MODIFIED`, `UPDT_ID`, `DESCRIPTION`, `NAME`, `TITLE`, `LANGUAGE_ID`, `PRODUCT_TYPE_ID`) VALUES (19,'2022-05-10 11:10:27','2022-05-10 11:10:27',NULL,'Panties Soft','Panties Soft',NULL,1,59);
INSERT INTO `product_type_description` (`DESCRIPTION_ID`, `DATE_CREATED`, `DATE_MODIFIED`, `UPDT_ID`, `DESCRIPTION`, `NAME`, `TITLE`, `LANGUAGE_ID`, `PRODUCT_TYPE_ID`) VALUES (20,'2022-05-10 11:10:27','2022-05-10 11:10:27',NULL,'Panties Soft','Panties Soft',NULL,2,59);
INSERT INTO `product_type_description` (`DESCRIPTION_ID`, `DATE_CREATED`, `DATE_MODIFIED`, `UPDT_ID`, `DESCRIPTION`, `NAME`, `TITLE`, `LANGUAGE_ID`, `PRODUCT_TYPE_ID`) VALUES (21,'2022-05-10 11:10:27','2022-05-10 11:10:27',NULL,'Panties Silky','Panties Silky',NULL,1,60);
INSERT INTO `product_type_description` (`DESCRIPTION_ID`, `DATE_CREATED`, `DATE_MODIFIED`, `UPDT_ID`, `DESCRIPTION`, `NAME`, `TITLE`, `LANGUAGE_ID`, `PRODUCT_TYPE_ID`) VALUES (22,'2022-05-10 11:10:27','2022-05-10 11:10:27',NULL,'Panties Silky','Panties Silky',NULL,2,60);
INSERT INTO `product_type_description` (`DESCRIPTION_ID`, `DATE_CREATED`, `DATE_MODIFIED`, `UPDT_ID`, `DESCRIPTION`, `NAME`, `TITLE`, `LANGUAGE_ID`, `PRODUCT_TYPE_ID`) VALUES (23,'2022-05-10 11:10:27','2022-05-10 11:10:27',NULL,'High Cut','High Cut',NULL,1,61);
INSERT INTO `product_type_description` (`DESCRIPTION_ID`, `DATE_CREATED`, `DATE_MODIFIED`, `UPDT_ID`, `DESCRIPTION`, `NAME`, `TITLE`, `LANGUAGE_ID`, `PRODUCT_TYPE_ID`) VALUES (24,'2022-05-10 11:10:27','2022-05-10 11:10:27',NULL,'High Cut','High Cut',NULL,2,61);
INSERT INTO `product_type_description` (`DESCRIPTION_ID`, `DATE_CREATED`, `DATE_MODIFIED`, `UPDT_ID`, `DESCRIPTION`, `NAME`, `TITLE`, `LANGUAGE_ID`, `PRODUCT_TYPE_ID`) VALUES (25,'2022-05-10 11:10:27','2022-05-10 11:10:27',NULL,'Over Size with broderie','Over Size with broderie',NULL,1,62);
INSERT INTO `product_type_description` (`DESCRIPTION_ID`, `DATE_CREATED`, `DATE_MODIFIED`, `UPDT_ID`, `DESCRIPTION`, `NAME`, `TITLE`, `LANGUAGE_ID`, `PRODUCT_TYPE_ID`) VALUES (26,'2022-05-10 11:10:27','2022-05-10 11:10:27',NULL,'Over Size with broderie','Over Size with broderie',NULL,2,62);
INSERT INTO `product_type_description` (`DESCRIPTION_ID`, `DATE_CREATED`, `DATE_MODIFIED`, `UPDT_ID`, `DESCRIPTION`, `NAME`, `TITLE`, `LANGUAGE_ID`, `PRODUCT_TYPE_ID`) VALUES (27,'2022-05-10 11:10:28','2022-05-10 11:10:28',NULL,'95% Cotton 5% Spandex','95% Cotton 5% Spandex',NULL,2,63);
INSERT INTO `product_type_description` (`DESCRIPTION_ID`, `DATE_CREATED`, `DATE_MODIFIED`, `UPDT_ID`, `DESCRIPTION`, `NAME`, `TITLE`, `LANGUAGE_ID`, `PRODUCT_TYPE_ID`) VALUES (28,'2022-05-10 11:10:28','2022-05-10 11:10:28',NULL,'95% Cotton 5% Spandex','95% Cotton 5% Spandex',NULL,1,63);
INSERT INTO `product_type_description` (`DESCRIPTION_ID`, `DATE_CREATED`, `DATE_MODIFIED`, `UPDT_ID`, `DESCRIPTION`, `NAME`, `TITLE`, `LANGUAGE_ID`, `PRODUCT_TYPE_ID`) VALUES (29,'2022-05-10 11:10:28','2022-05-10 11:10:28',NULL,'Poly Spandex','Poly Spandex',NULL,2,64);
INSERT INTO `product_type_description` (`DESCRIPTION_ID`, `DATE_CREATED`, `DATE_MODIFIED`, `UPDT_ID`, `DESCRIPTION`, `NAME`, `TITLE`, `LANGUAGE_ID`, `PRODUCT_TYPE_ID`) VALUES (30,'2022-05-10 11:10:28','2022-05-10 11:10:28',NULL,'Poly Spandex','Poly Spandex',NULL,1,64);
INSERT INTO `product_type_description` (`DESCRIPTION_ID`, `DATE_CREATED`, `DATE_MODIFIED`, `UPDT_ID`, `DESCRIPTION`, `NAME`, `TITLE`, `LANGUAGE_ID`, `PRODUCT_TYPE_ID`) VALUES (31,'2022-05-10 11:10:28','2022-05-10 11:10:28',NULL,'90% Nylon â 10% Spandex','90% Nylon â 10% Spandex',NULL,1,65);
INSERT INTO `product_type_description` (`DESCRIPTION_ID`, `DATE_CREATED`, `DATE_MODIFIED`, `UPDT_ID`, `DESCRIPTION`, `NAME`, `TITLE`, `LANGUAGE_ID`, `PRODUCT_TYPE_ID`) VALUES (32,'2022-05-10 11:10:28','2022-05-10 11:10:28',NULL,'90% Nylon â 10% Spandex','90% Nylon â 10% Spandex',NULL,2,65);
INSERT INTO `product_type_description` (`DESCRIPTION_ID`, `DATE_CREATED`, `DATE_MODIFIED`, `UPDT_ID`, `DESCRIPTION`, `NAME`, `TITLE`, `LANGUAGE_ID`, `PRODUCT_TYPE_ID`) VALUES (33,'2022-05-10 11:10:28','2022-05-10 11:10:28',NULL,'Micro fiber with lace trim','Micro fiber with lace trim',NULL,1,66);
INSERT INTO `product_type_description` (`DESCRIPTION_ID`, `DATE_CREATED`, `DATE_MODIFIED`, `UPDT_ID`, `DESCRIPTION`, `NAME`, `TITLE`, `LANGUAGE_ID`, `PRODUCT_TYPE_ID`) VALUES (34,'2022-05-10 11:10:28','2022-05-10 11:10:28',NULL,'Micro fiber with lace trim','Micro fiber with lace trim',NULL,2,66);
INSERT INTO `product_type_description` (`DESCRIPTION_ID`, `DATE_CREATED`, `DATE_MODIFIED`, `UPDT_ID`, `DESCRIPTION`, `NAME`, `TITLE`, `LANGUAGE_ID`, `PRODUCT_TYPE_ID`) VALUES (35,'2022-05-10 11:10:29','2022-05-10 11:10:29',NULL,'MicrofiberÂ  Silky','MicrofiberÂ  Silky',NULL,2,67);
INSERT INTO `product_type_description` (`DESCRIPTION_ID`, `DATE_CREATED`, `DATE_MODIFIED`, `UPDT_ID`, `DESCRIPTION`, `NAME`, `TITLE`, `LANGUAGE_ID`, `PRODUCT_TYPE_ID`) VALUES (36,'2022-05-10 11:10:29','2022-05-10 11:10:29',NULL,'MicrofiberÂ  Silky','MicrofiberÂ  Silky',NULL,1,67);
INSERT INTO `product_type_description` (`DESCRIPTION_ID`, `DATE_CREATED`, `DATE_MODIFIED`, `UPDT_ID`, `DESCRIPTION`, `NAME`, `TITLE`, `LANGUAGE_ID`, `PRODUCT_TYPE_ID`) VALUES (37,'2022-05-10 11:10:29','2022-05-10 11:10:29',NULL,'All Lace','All Lace',NULL,2,68);
INSERT INTO `product_type_description` (`DESCRIPTION_ID`, `DATE_CREATED`, `DATE_MODIFIED`, `UPDT_ID`, `DESCRIPTION`, `NAME`, `TITLE`, `LANGUAGE_ID`, `PRODUCT_TYPE_ID`) VALUES (38,'2022-05-10 11:10:29','2022-05-10 11:10:29',NULL,'All Lace','All Lace',NULL,1,68);
INSERT INTO `product_type_description` (`DESCRIPTION_ID`, `DATE_CREATED`, `DATE_MODIFIED`, `UPDT_ID`, `DESCRIPTION`, `NAME`, `TITLE`, `LANGUAGE_ID`, `PRODUCT_TYPE_ID`) VALUES (39,'2022-05-10 11:10:29','2022-05-10 11:10:29',NULL,'Extra Comfort with broderie','Extra Comfort with broderie',NULL,1,69);
INSERT INTO `product_type_description` (`DESCRIPTION_ID`, `DATE_CREATED`, `DATE_MODIFIED`, `UPDT_ID`, `DESCRIPTION`, `NAME`, `TITLE`, `LANGUAGE_ID`, `PRODUCT_TYPE_ID`) VALUES (40,'2022-05-10 11:10:29','2022-05-10 11:10:29',NULL,'Extra Comfort with broderie','Extra Comfort with broderie',NULL,2,69);
INSERT INTO `product_type_description` (`DESCRIPTION_ID`, `DATE_CREATED`, `DATE_MODIFIED`, `UPDT_ID`, `DESCRIPTION`, `NAME`, `TITLE`, `LANGUAGE_ID`, `PRODUCT_TYPE_ID`) VALUES (41,'2022-05-10 11:10:29','2022-05-10 11:10:29',NULL,'Pontelle','Pontelle',NULL,2,70);
INSERT INTO `product_type_description` (`DESCRIPTION_ID`, `DATE_CREATED`, `DATE_MODIFIED`, `UPDT_ID`, `DESCRIPTION`, `NAME`, `TITLE`, `LANGUAGE_ID`, `PRODUCT_TYPE_ID`) VALUES (42,'2022-05-10 11:10:29','2022-05-10 11:10:29',NULL,'Pontelle','Pontelle',NULL,1,70);
INSERT INTO `product_type_description` (`DESCRIPTION_ID`, `DATE_CREATED`, `DATE_MODIFIED`, `UPDT_ID`, `DESCRIPTION`, `NAME`, `TITLE`, `LANGUAGE_ID`, `PRODUCT_TYPE_ID`) VALUES (43,'2022-05-10 11:10:29','2022-05-10 11:10:29',NULL,'Extra comfort','Extra comfort',NULL,2,71);
INSERT INTO `product_type_description` (`DESCRIPTION_ID`, `DATE_CREATED`, `DATE_MODIFIED`, `UPDT_ID`, `DESCRIPTION`, `NAME`, `TITLE`, `LANGUAGE_ID`, `PRODUCT_TYPE_ID`) VALUES (44,'2022-05-10 11:10:29','2022-05-10 11:10:29',NULL,'Extra comfort','Extra comfort',NULL,1,71);
INSERT INTO `product_type_description` (`DESCRIPTION_ID`, `DATE_CREATED`, `DATE_MODIFIED`, `UPDT_ID`, `DESCRIPTION`, `NAME`, `TITLE`, `LANGUAGE_ID`, `PRODUCT_TYPE_ID`) VALUES (45,'2022-05-10 11:10:30','2022-05-10 11:10:30',NULL,'Broderie design','Broderie design',NULL,1,72);
INSERT INTO `product_type_description` (`DESCRIPTION_ID`, `DATE_CREATED`, `DATE_MODIFIED`, `UPDT_ID`, `DESCRIPTION`, `NAME`, `TITLE`, `LANGUAGE_ID`, `PRODUCT_TYPE_ID`) VALUES (46,'2022-05-10 11:10:30','2022-05-10 11:10:30',NULL,'Broderie design','Broderie design',NULL,2,72);

--
-- Table structure for table `product_var_image`
--

DROP TABLE IF EXISTS `product_var_image`;
/*!40101 SET @saved_cs_client     = @@character_set_client */;
 SET character_set_client = utf8mb4 ;
CREATE TABLE `product_var_image` (
  `PRODUCT_VAR_IMAGE_ID` bigint(20) NOT NULL,
  `DEFAULT_IMAGE` bit(1) DEFAULT NULL,
  `PRODUCT_IMAGE` varchar(255) DEFAULT NULL,
  `PRODUCT_AVAIL_ID` bigint(20) NOT NULL,
  PRIMARY KEY (`PRODUCT_VAR_IMAGE_ID`),
  KEY `FKggbbys5mewflr88rsos56yc2k` (`PRODUCT_AVAIL_ID`),
  CONSTRAINT `FKggbbys5mewflr88rsos56yc2k` FOREIGN KEY (`PRODUCT_AVAIL_ID`) REFERENCES `product_availability` (`PRODUCT_AVAIL_ID`)
) ENGINE=InnoDB DEFAULT CHARSET=utf8;
/*!40101 SET character_set_client = @saved_cs_client */;

--
-- Dumping data for table `product_var_image`
--


--
-- Table structure for table `product_variant`
--

DROP TABLE IF EXISTS `product_variant`;
/*!40101 SET @saved_cs_client     = @@character_set_client */;
 SET character_set_client = utf8mb4 ;
CREATE TABLE `product_variant` (
  `PRODUCT_VARIANT_ID` bigint(20) NOT NULL,
  `DATE_CREATED` datetime DEFAULT NULL,
  `DATE_MODIFIED` datetime DEFAULT NULL,
  `UPDT_ID` varchar(60) DEFAULT NULL,
  `PRODUCT_AQUANTITY` int(11) DEFAULT NULL,
  `PRODUCT_ATTRIBUTE_ID` bigint(20) NOT NULL,
  PRIMARY KEY (`PRODUCT_VARIANT_ID`),
  KEY `FKb1p1mgaa76xdqmx029cabgc1s` (`PRODUCT_ATTRIBUTE_ID`),
  CONSTRAINT `FKb1p1mgaa76xdqmx029cabgc1s` FOREIGN KEY (`PRODUCT_ATTRIBUTE_ID`) REFERENCES `product_attribute` (`PRODUCT_ATTRIBUTE_ID`)
) ENGINE=InnoDB DEFAULT CHARSET=utf8;
/*!40101 SET character_set_client = @saved_cs_client */;

--
-- Dumping data for table `product_variant`
--


--
-- Table structure for table `product_variation`
--

DROP TABLE IF EXISTS `product_variation`;
/*!40101 SET @saved_cs_client     = @@character_set_client */;
 SET character_set_client = utf8mb4 ;
CREATE TABLE `product_variation` (
  `PRODUCT_VARIANTION_ID` bigint(20) NOT NULL,
  `DATE_CREATED` datetime DEFAULT NULL,
  `DATE_MODIFIED` datetime DEFAULT NULL,
  `UPDT_ID` varchar(60) DEFAULT NULL,
  `CODE` varchar(100) NOT NULL,
  `MERCHANT_ID` int(11) NOT NULL,
  `PRODUCT_OPTION_ID` bigint(20) NOT NULL,
  `OPTION_VALUE_ID` bigint(20) NOT NULL,
  PRIMARY KEY (`PRODUCT_VARIANTION_ID`),
  UNIQUE KEY `UKi8sa74fv4io0sigmgvqxypp0d` (`MERCHANT_ID`,`PRODUCT_OPTION_ID`,`OPTION_VALUE_ID`),
  KEY `FK5jr2rc6t2p27nwdo5eqwa7658` (`PRODUCT_OPTION_ID`),
  KEY `FKy6gamyvrpds502pdcqq4voyg` (`OPTION_VALUE_ID`),
  CONSTRAINT `FK5jr2rc6t2p27nwdo5eqwa7658` FOREIGN KEY (`PRODUCT_OPTION_ID`) REFERENCES `product_option` (`PRODUCT_OPTION_ID`),
  CONSTRAINT `FKqlm3c2178neue84l5kx51ovoq` FOREIGN KEY (`MERCHANT_ID`) REFERENCES `merchant_store` (`MERCHANT_ID`),
  CONSTRAINT `FKy6gamyvrpds502pdcqq4voyg` FOREIGN KEY (`OPTION_VALUE_ID`) REFERENCES `product_option_value` (`PRODUCT_OPTION_VALUE_ID`)
) ENGINE=InnoDB DEFAULT CHARSET=utf8;
/*!40101 SET character_set_client = @saved_cs_client */;

--
-- Dumping data for table `product_variation`
--


--
-- Table structure for table `shiping_origin`
--

DROP TABLE IF EXISTS `shiping_origin`;
/*!40101 SET @saved_cs_client     = @@character_set_client */;
 SET character_set_client = utf8mb4 ;
CREATE TABLE `shiping_origin` (
  `SHIP_ORIGIN_ID` bigint(20) NOT NULL,
  `ACTIVE` bit(1) DEFAULT NULL,
  `STREET_ADDRESS` varchar(256) DEFAULT NULL,
  `CITY` varchar(100) DEFAULT NULL,
  `POSTCODE` varchar(20) DEFAULT NULL,
  `STATE` varchar(100) DEFAULT NULL,
  `COUNTRY_ID` int(11) DEFAULT NULL,
  `MERCHANT_ID` int(11) NOT NULL,
  `ZONE_ID` bigint(20) DEFAULT NULL,
  PRIMARY KEY (`SHIP_ORIGIN_ID`),
  KEY `FKpqig59usqvs9h0dw4lm8rv7yy` (`COUNTRY_ID`),
  KEY `FKp0dbwsv3sdsp57ex7j5k9b0oq` (`MERCHANT_ID`),
  KEY `FK6k73f1n18kr7mqp708aiwq047` (`ZONE_ID`),
  CONSTRAINT `FK6k73f1n18kr7mqp708aiwq047` FOREIGN KEY (`ZONE_ID`) REFERENCES `zone` (`ZONE_ID`),
  CONSTRAINT `FKp0dbwsv3sdsp57ex7j5k9b0oq` FOREIGN KEY (`MERCHANT_ID`) REFERENCES `merchant_store` (`MERCHANT_ID`),
  CONSTRAINT `FKpqig59usqvs9h0dw4lm8rv7yy` FOREIGN KEY (`COUNTRY_ID`) REFERENCES `country` (`COUNTRY_ID`)
) ENGINE=InnoDB DEFAULT CHARSET=utf8;
/*!40101 SET character_set_client = @saved_cs_client */;

--
-- Dumping data for table `shiping_origin`
--


--
-- Table structure for table `shipping_quote`
--

DROP TABLE IF EXISTS `shipping_quote`;
/*!40101 SET @saved_cs_client     = @@character_set_client */;
 SET character_set_client = utf8mb4 ;
CREATE TABLE `shipping_quote` (
  `SHIPPING_QUOTE_ID` bigint(20) NOT NULL,
  `CART_ID` bigint(20) DEFAULT NULL,
  `CUSTOMER_ID` bigint(20) DEFAULT NULL,
  `DELIVERY_STREET_ADDRESS` varchar(256) DEFAULT NULL,
  `DELIVERY_CITY` varchar(100) DEFAULT NULL,
  `DELIVERY_COMPANY` varchar(100) DEFAULT NULL,
  `DELIVERY_FIRST_NAME` varchar(64) DEFAULT NULL,
  `DELIVERY_LAST_NAME` varchar(64) DEFAULT NULL,
  `DELIVERY_POSTCODE` varchar(20) DEFAULT NULL,
  `DELIVERY_STATE` varchar(100) DEFAULT NULL,
  `DELIVERY_TELEPHONE` varchar(32) DEFAULT NULL,
  `SHIPPING_NUMBER_DAYS` int(11) DEFAULT NULL,
  `FREE_SHIPPING` bit(1) DEFAULT NULL,
  `QUOTE_HANDLING` decimal(19,2) DEFAULT NULL,
  `IP_ADDRESS` varchar(255) DEFAULT NULL,
  `MODULE` varchar(255) NOT NULL,
  `OPTION_CODE` varchar(255) DEFAULT NULL,
  `OPTION_DELIVERY_DATE` datetime DEFAULT NULL,
  `OPTION_NAME` varchar(255) DEFAULT NULL,
  `OPTION_SHIPPING_DATE` datetime DEFAULT NULL,
  `ORDER_ID` bigint(20) DEFAULT NULL,
  `QUOTE_PRICE` decimal(19,2) DEFAULT NULL,
  `QUOTE_DATE` datetime DEFAULT NULL,
  `DELIVERY_COUNTRY_ID` int(11) DEFAULT NULL,
  `DELIVERY_ZONE_ID` bigint(20) DEFAULT NULL,
  PRIMARY KEY (`SHIPPING_QUOTE_ID`),
  KEY `FK9vb7tbjl8ivygdiqw883fewx7` (`DELIVERY_COUNTRY_ID`),
  KEY `FKiioesp0vl6x4om1jeajj4uy1t` (`DELIVERY_ZONE_ID`),
  CONSTRAINT `FK9vb7tbjl8ivygdiqw883fewx7` FOREIGN KEY (`DELIVERY_COUNTRY_ID`) REFERENCES `country` (`COUNTRY_ID`),
  CONSTRAINT `FKiioesp0vl6x4om1jeajj4uy1t` FOREIGN KEY (`DELIVERY_ZONE_ID`) REFERENCES `zone` (`ZONE_ID`)
) ENGINE=InnoDB DEFAULT CHARSET=utf8;
/*!40101 SET character_set_client = @saved_cs_client */;

--
-- Dumping data for table `shipping_quote`
--


--
-- Table structure for table `shopping_cart`
--

DROP TABLE IF EXISTS `shopping_cart`;
/*!40101 SET @saved_cs_client     = @@character_set_client */;
 SET character_set_client = utf8mb4 ;
CREATE TABLE `shopping_cart` (
  `SHP_CART_ID` bigint(20) NOT NULL,
  `DATE_CREATED` datetime DEFAULT NULL,
  `DATE_MODIFIED` datetime DEFAULT NULL,
  `UPDT_ID` varchar(60) DEFAULT NULL,
  `CUSTOMER_ID` bigint(20) DEFAULT NULL,
  `IP_ADDRESS` varchar(255) DEFAULT NULL,
  `ORDER_ID` bigint(20) DEFAULT NULL,
  `PROMO_ADDED` datetime DEFAULT NULL,
  `PROMO_CODE` varchar(255) DEFAULT NULL,
  `SHP_CART_CODE` varchar(255) NOT NULL,
  `MERCHANT_ID` int(11) NOT NULL,
  PRIMARY KEY (`SHP_CART_ID`),
  UNIQUE KEY `UK_8ld8p40fwrjobi7t3n95pna35` (`SHP_CART_CODE`),
  KEY `SHP_CART_CODE_IDX` (`SHP_CART_CODE`),
  KEY `SHP_CART_CUSTOMER_IDX` (`CUSTOMER_ID`),
  KEY `FKqvghr5rmjefe3lw9mcolk30a0` (`MERCHANT_ID`),
  CONSTRAINT `FKqvghr5rmjefe3lw9mcolk30a0` FOREIGN KEY (`MERCHANT_ID`) REFERENCES `merchant_store` (`MERCHANT_ID`)
) ENGINE=InnoDB DEFAULT CHARSET=utf8;
/*!40101 SET character_set_client = @saved_cs_client */;

--
-- Dumping data for table `shopping_cart`
--

INSERT INTO `shopping_cart` (`SHP_CART_ID`, `DATE_CREATED`, `DATE_MODIFIED`, `UPDT_ID`, `CUSTOMER_ID`, `IP_ADDRESS`, `ORDER_ID`, `PROMO_ADDED`, `PROMO_CODE`, `SHP_CART_CODE`, `MERCHANT_ID`) VALUES (1,'2022-05-10 16:03:32','2022-05-10 16:03:32',NULL,NULL,'0:0:0:0:0:0:0:1',NULL,NULL,NULL,'ec202634a3d3425caa7b9ac4d7931b7d',1);
INSERT INTO `shopping_cart` (`SHP_CART_ID`, `DATE_CREATED`, `DATE_MODIFIED`, `UPDT_ID`, `CUSTOMER_ID`, `IP_ADDRESS`, `ORDER_ID`, `PROMO_ADDED`, `PROMO_CODE`, `SHP_CART_CODE`, `MERCHANT_ID`) VALUES (50,'2022-05-14 20:07:06','2022-05-14 20:07:07',NULL,NULL,'0:0:0:0:0:0:0:1',NULL,NULL,NULL,'f33319f6ea4c456f96ede8eb41364104',1);

--
-- Table structure for table `shopping_cart_attr_item`
--

DROP TABLE IF EXISTS `shopping_cart_attr_item`;
/*!40101 SET @saved_cs_client     = @@character_set_client */;
 SET character_set_client = utf8mb4 ;
CREATE TABLE `shopping_cart_attr_item` (
  `SHP_CART_ATTR_ITEM_ID` bigint(20) NOT NULL,
  `DATE_CREATED` datetime DEFAULT NULL,
  `DATE_MODIFIED` datetime DEFAULT NULL,
  `UPDT_ID` varchar(60) DEFAULT NULL,
  `PRODUCT_ATTR_ID` bigint(20) NOT NULL,
  `SHP_CART_ITEM_ID` bigint(20) NOT NULL,
  PRIMARY KEY (`SHP_CART_ATTR_ITEM_ID`),
  KEY `FKp42tpa623hyo9ww69v0ohb3er` (`SHP_CART_ITEM_ID`),
  CONSTRAINT `FKp42tpa623hyo9ww69v0ohb3er` FOREIGN KEY (`SHP_CART_ITEM_ID`) REFERENCES `shopping_cart_item` (`SHP_CART_ITEM_ID`)
) ENGINE=InnoDB DEFAULT CHARSET=utf8;
/*!40101 SET character_set_client = @saved_cs_client */;

--
-- Dumping data for table `shopping_cart_attr_item`
--


--
-- Table structure for table `shopping_cart_item`
--

DROP TABLE IF EXISTS `shopping_cart_item`;
/*!40101 SET @saved_cs_client     = @@character_set_client */;
 SET character_set_client = utf8mb4 ;
CREATE TABLE `shopping_cart_item` (
  `SHP_CART_ITEM_ID` bigint(20) NOT NULL,
  `DATE_CREATED` datetime DEFAULT NULL,
  `DATE_MODIFIED` datetime DEFAULT NULL,
  `UPDT_ID` varchar(60) DEFAULT NULL,
  `PRODUCT_ID` bigint(20) NOT NULL,
  `QUANTITY` int(11) DEFAULT NULL,
  `SHP_CART_ID` bigint(20) NOT NULL,
  PRIMARY KEY (`SHP_CART_ITEM_ID`),
  KEY `FK2gbimdwe9uysd5xadnfl0xq83` (`SHP_CART_ID`),
  CONSTRAINT `FK2gbimdwe9uysd5xadnfl0xq83` FOREIGN KEY (`SHP_CART_ID`) REFERENCES `shopping_cart` (`SHP_CART_ID`)
) ENGINE=InnoDB DEFAULT CHARSET=utf8;
/*!40101 SET character_set_client = @saved_cs_client */;

--
-- Dumping data for table `shopping_cart_item`
--

INSERT INTO `shopping_cart_item` (`SHP_CART_ITEM_ID`, `DATE_CREATED`, `DATE_MODIFIED`, `UPDT_ID`, `PRODUCT_ID`, `QUANTITY`, `SHP_CART_ID`) VALUES (1,'2022-05-10 16:03:32','2022-05-10 17:36:42',NULL,1,3,1);
INSERT INTO `shopping_cart_item` (`SHP_CART_ITEM_ID`, `DATE_CREATED`, `DATE_MODIFIED`, `UPDT_ID`, `PRODUCT_ID`, `QUANTITY`, `SHP_CART_ID`) VALUES (50,'2022-05-14 20:07:06','2022-05-14 20:07:06',NULL,1250,1,50);
INSERT INTO `shopping_cart_item` (`SHP_CART_ITEM_ID`, `DATE_CREATED`, `DATE_MODIFIED`, `UPDT_ID`, `PRODUCT_ID`, `QUANTITY`, `SHP_CART_ID`) VALUES (100,'2022-05-17 13:00:03','2022-05-17 13:00:03',NULL,1850,1,50);

--
-- Table structure for table `sm_group`
--

DROP TABLE IF EXISTS `sm_group`;
/*!40101 SET @saved_cs_client     = @@character_set_client */;
 SET character_set_client = utf8mb4 ;
CREATE TABLE `sm_group` (
  `GROUP_ID` int(11) NOT NULL,
  `DATE_CREATED` datetime DEFAULT NULL,
  `DATE_MODIFIED` datetime DEFAULT NULL,
  `UPDT_ID` varchar(60) DEFAULT NULL,
  `GROUP_NAME` varchar(255) DEFAULT NULL,
  `GROUP_TYPE` varchar(255) DEFAULT NULL,
  PRIMARY KEY (`GROUP_ID`),
  UNIQUE KEY `UK_t83rjsoml3o785oj37lpqpyko` (`GROUP_NAME`),
  KEY `SM_GROUP_GROUP_TYPE` (`GROUP_TYPE`)
) ENGINE=InnoDB DEFAULT CHARSET=utf8;
/*!40101 SET character_set_client = @saved_cs_client */;

--
-- Dumping data for table `sm_group`
--

INSERT INTO `sm_group` (`GROUP_ID`, `DATE_CREATED`, `DATE_MODIFIED`, `UPDT_ID`, `GROUP_NAME`, `GROUP_TYPE`) VALUES (1,'2022-05-02 12:47:37','2022-05-02 12:47:37',NULL,'SUPERADMIN','ADMIN');
INSERT INTO `sm_group` (`GROUP_ID`, `DATE_CREATED`, `DATE_MODIFIED`, `UPDT_ID`, `GROUP_NAME`, `GROUP_TYPE`) VALUES (2,'2022-05-02 12:47:37','2022-05-02 12:47:37',NULL,'ADMIN','ADMIN');
INSERT INTO `sm_group` (`GROUP_ID`, `DATE_CREATED`, `DATE_MODIFIED`, `UPDT_ID`, `GROUP_NAME`, `GROUP_TYPE`) VALUES (3,'2022-05-02 12:47:37','2022-05-02 12:47:37',NULL,'ADMIN_RETAILER','ADMIN');
INSERT INTO `sm_group` (`GROUP_ID`, `DATE_CREATED`, `DATE_MODIFIED`, `UPDT_ID`, `GROUP_NAME`, `GROUP_TYPE`) VALUES (4,'2022-05-02 12:47:37','2022-05-02 12:47:37',NULL,'ADMIN_STORE','ADMIN');
INSERT INTO `sm_group` (`GROUP_ID`, `DATE_CREATED`, `DATE_MODIFIED`, `UPDT_ID`, `GROUP_NAME`, `GROUP_TYPE`) VALUES (5,'2022-05-02 12:47:37','2022-05-02 12:47:37',NULL,'ADMIN_CATALOGUE','ADMIN');
INSERT INTO `sm_group` (`GROUP_ID`, `DATE_CREATED`, `DATE_MODIFIED`, `UPDT_ID`, `GROUP_NAME`, `GROUP_TYPE`) VALUES (6,'2022-05-02 12:47:37','2022-05-02 12:47:37',NULL,'ADMIN_ORDER','ADMIN');
INSERT INTO `sm_group` (`GROUP_ID`, `DATE_CREATED`, `DATE_MODIFIED`, `UPDT_ID`, `GROUP_NAME`, `GROUP_TYPE`) VALUES (7,'2022-05-02 12:47:37','2022-05-02 12:47:37',NULL,'ADMIN_CONTENT','ADMIN');
INSERT INTO `sm_group` (`GROUP_ID`, `DATE_CREATED`, `DATE_MODIFIED`, `UPDT_ID`, `GROUP_NAME`, `GROUP_TYPE`) VALUES (8,'2022-05-02 12:47:37','2022-05-02 12:47:37',NULL,'CUSTOMER','CUSTOMER');

--
-- Table structure for table `sm_sequencer`
--

DROP TABLE IF EXISTS `sm_sequencer`;
/*!40101 SET @saved_cs_client     = @@character_set_client */;
 SET character_set_client = utf8mb4 ;
CREATE TABLE `sm_sequencer` (
  `SEQ_NAME` varchar(255) NOT NULL,
  `SEQ_COUNT` bigint(20) DEFAULT NULL,
  PRIMARY KEY (`SEQ_NAME`)
) ENGINE=InnoDB DEFAULT CHARSET=utf8;
/*!40101 SET character_set_client = @saved_cs_client */;

--
-- Dumping data for table `sm_sequencer`
--

INSERT INTO `sm_sequencer` (`SEQ_NAME`, `SEQ_COUNT`) VALUES ('category_description_seq',112);
INSERT INTO `sm_sequencer` (`SEQ_NAME`, `SEQ_COUNT`) VALUES ('CATEGORY_SEQ_NEXT_VAL',3);
INSERT INTO `sm_sequencer` (`SEQ_NAME`, `SEQ_COUNT`) VALUES ('country_description_seq',712);
INSERT INTO `sm_sequencer` (`SEQ_NAME`, `SEQ_COUNT`) VALUES ('COUNTRY_SEQ_NEXT_VAL',5);
INSERT INTO `sm_sequencer` (`SEQ_NAME`, `SEQ_COUNT`) VALUES ('CURRENCY_SEQ_NEXT_VAL',4);
INSERT INTO `sm_sequencer` (`SEQ_NAME`, `SEQ_COUNT`) VALUES ('CUSTOMER_SEQ_NEXT_VAL',1);
INSERT INTO `sm_sequencer` (`SEQ_NAME`, `SEQ_COUNT`) VALUES ('GROUP_SEQ_NEXT_VAL',1);
INSERT INTO `sm_sequencer` (`SEQ_NAME`, `SEQ_COUNT`) VALUES ('LANG_SEQ_NEXT_VAL',1);
INSERT INTO `sm_sequencer` (`SEQ_NAME`, `SEQ_COUNT`) VALUES ('manufacturer_description_seq',73);
INSERT INTO `sm_sequencer` (`SEQ_NAME`, `SEQ_COUNT`) VALUES ('MANUFACT_SEQ_NEXT_VAL',3);
INSERT INTO `sm_sequencer` (`SEQ_NAME`, `SEQ_COUNT`) VALUES ('MERCH_CONF_SEQ_NEXT_VAL',1);
INSERT INTO `sm_sequencer` (`SEQ_NAME`, `SEQ_COUNT`) VALUES ('MOD_CONF_SEQ_NEXT_VAL',1);
INSERT INTO `sm_sequencer` (`SEQ_NAME`, `SEQ_COUNT`) VALUES ('OPTIN_SEQ_NEXT_VAL',1);
INSERT INTO `sm_sequencer` (`SEQ_NAME`, `SEQ_COUNT`) VALUES ('ORDER_ID_SEQ_NEXT_VAL',1);
INSERT INTO `sm_sequencer` (`SEQ_NAME`, `SEQ_COUNT`) VALUES ('ORDER_PRD_PRICE_ID_NEXT_VAL',1);
INSERT INTO `sm_sequencer` (`SEQ_NAME`, `SEQ_COUNT`) VALUES ('ORDER_PRODUCT_DL_ID_NEXT_VALUE',1);
INSERT INTO `sm_sequencer` (`SEQ_NAME`, `SEQ_COUNT`) VALUES ('ORDER_PRODUCT_ID_NEXT_VALUE',1);
INSERT INTO `sm_sequencer` (`SEQ_NAME`, `SEQ_COUNT`) VALUES ('ORDER_TOTAL_ID_NEXT_VALUE',1);
INSERT INTO `sm_sequencer` (`SEQ_NAME`, `SEQ_COUNT`) VALUES ('PERMISSION_SEQ_NEXT_VAL',1);
INSERT INTO `sm_sequencer` (`SEQ_NAME`, `SEQ_COUNT`) VALUES ('PRD_TYPE_SEQ_NEXT_VAL',2);
INSERT INTO `sm_sequencer` (`SEQ_NAME`, `SEQ_COUNT`) VALUES ('PRODUCT_ATTR_SEQ_NEXT_VAL',2);
INSERT INTO `sm_sequencer` (`SEQ_NAME`, `SEQ_COUNT`) VALUES ('PRODUCT_AVAIL_SEQ_NEXT_VAL',41);
INSERT INTO `sm_sequencer` (`SEQ_NAME`, `SEQ_COUNT`) VALUES ('product_description_seq',81);
INSERT INTO `sm_sequencer` (`SEQ_NAME`, `SEQ_COUNT`) VALUES ('PRODUCT_IMG_SEQ_NEXT_VAL',28);
INSERT INTO `sm_sequencer` (`SEQ_NAME`, `SEQ_COUNT`) VALUES ('product_option_description_seq',3);
INSERT INTO `sm_sequencer` (`SEQ_NAME`, `SEQ_COUNT`) VALUES ('PRODUCT_OPTION_SEQ_NEXT_VAL',1);
INSERT INTO `sm_sequencer` (`SEQ_NAME`, `SEQ_COUNT`) VALUES ('product_option_value_description_seq',27);
INSERT INTO `sm_sequencer` (`SEQ_NAME`, `SEQ_COUNT`) VALUES ('PRODUCT_OPT_SET_SEQ_NEXT_VAL',1);
INSERT INTO `sm_sequencer` (`SEQ_NAME`, `SEQ_COUNT`) VALUES ('PRODUCT_OPT_VAL_SEQ_NEXT_VAL',1);
INSERT INTO `sm_sequencer` (`SEQ_NAME`, `SEQ_COUNT`) VALUES ('product_price_description_seq',81);
INSERT INTO `sm_sequencer` (`SEQ_NAME`, `SEQ_COUNT`) VALUES ('PRODUCT_PRICE_SEQ_NEXT_VAL',41);
INSERT INTO `sm_sequencer` (`SEQ_NAME`, `SEQ_COUNT`) VALUES ('PRODUCT_RELATION_SEQ_NEXT_VAL',1);
INSERT INTO `sm_sequencer` (`SEQ_NAME`, `SEQ_COUNT`) VALUES ('PRODUCT_SEQ_NEXT_VAL',41);
INSERT INTO `sm_sequencer` (`SEQ_NAME`, `SEQ_COUNT`) VALUES ('product_type_description_seq',47);
INSERT INTO `sm_sequencer` (`SEQ_NAME`, `SEQ_COUNT`) VALUES ('SHP_CRT_ITM_SEQ_NEXT_VAL',3);
INSERT INTO `sm_sequencer` (`SEQ_NAME`, `SEQ_COUNT`) VALUES ('SHP_CRT_SEQ_NEXT_VAL',2);
INSERT INTO `sm_sequencer` (`SEQ_NAME`, `SEQ_COUNT`) VALUES ('STATUS_HIST_ID_NEXT_VALUE',1);
INSERT INTO `sm_sequencer` (`SEQ_NAME`, `SEQ_COUNT`) VALUES ('STORE_SEQ_NEXT_VAL',3);
INSERT INTO `sm_sequencer` (`SEQ_NAME`, `SEQ_COUNT`) VALUES ('TX_CLASS_SEQ_NEXT_VAL',1);
INSERT INTO `sm_sequencer` (`SEQ_NAME`, `SEQ_COUNT`) VALUES ('USER_SEQ_NEXT_VAL',2);
INSERT INTO `sm_sequencer` (`SEQ_NAME`, `SEQ_COUNT`) VALUES ('zone_description_seq',652);
INSERT INTO `sm_sequencer` (`SEQ_NAME`, `SEQ_COUNT`) VALUES ('ZONE_SEQ_NEXT_VAL',5);

--
-- Table structure for table `sm_transaction`
--

DROP TABLE IF EXISTS `sm_transaction`;
/*!40101 SET @saved_cs_client     = @@character_set_client */;
 SET character_set_client = utf8mb4 ;
CREATE TABLE `sm_transaction` (
  `TRANSACTION_ID` bigint(20) NOT NULL,
  `AMOUNT` decimal(19,2) DEFAULT NULL,
  `DATE_CREATED` datetime DEFAULT NULL,
  `DATE_MODIFIED` datetime DEFAULT NULL,
  `UPDT_ID` varchar(60) DEFAULT NULL,
  `DETAILS` longtext,
  `PAYMENT_TYPE` varchar(255) DEFAULT NULL,
  `TRANSACTION_DATE` datetime DEFAULT NULL,
  `TRANSACTION_TYPE` varchar(255) DEFAULT NULL,
  `ORDER_ID` bigint(20) DEFAULT NULL,
  PRIMARY KEY (`TRANSACTION_ID`),
  KEY `FK7j0s1gqh2tue1fyh5nyj5kwkp` (`ORDER_ID`),
  CONSTRAINT `FK7j0s1gqh2tue1fyh5nyj5kwkp` FOREIGN KEY (`ORDER_ID`) REFERENCES `orders` (`ORDER_ID`)
) ENGINE=InnoDB DEFAULT CHARSET=utf8;
/*!40101 SET character_set_client = @saved_cs_client */;

--
-- Dumping data for table `sm_transaction`
--


--
-- Table structure for table `system_configuration`
--

DROP TABLE IF EXISTS `system_configuration`;
/*!40101 SET @saved_cs_client     = @@character_set_client */;
 SET character_set_client = utf8mb4 ;
CREATE TABLE `system_configuration` (
  `SYSTEM_CONFIG_ID` bigint(20) NOT NULL,
  `DATE_CREATED` datetime DEFAULT NULL,
  `DATE_MODIFIED` datetime DEFAULT NULL,
  `UPDT_ID` varchar(60) DEFAULT NULL,
  `CONFIG_KEY` varchar(255) DEFAULT NULL,
  `VALUE` varchar(255) DEFAULT NULL,
  PRIMARY KEY (`SYSTEM_CONFIG_ID`)
) ENGINE=InnoDB DEFAULT CHARSET=utf8;
/*!40101 SET character_set_client = @saved_cs_client */;

--
-- Dumping data for table `system_configuration`
--


--
-- Table structure for table `system_notification`
--

DROP TABLE IF EXISTS `system_notification`;
/*!40101 SET @saved_cs_client     = @@character_set_client */;
 SET character_set_client = utf8mb4 ;
CREATE TABLE `system_notification` (
  `SYSTEM_NOTIF_ID` bigint(20) NOT NULL,
  `DATE_CREATED` datetime DEFAULT NULL,
  `DATE_MODIFIED` datetime DEFAULT NULL,
  `UPDT_ID` varchar(60) DEFAULT NULL,
  `END_DATE` date DEFAULT NULL,
  `CONFIG_KEY` varchar(255) DEFAULT NULL,
  `START_DATE` date DEFAULT NULL,
  `VALUE` varchar(255) DEFAULT NULL,
  `MERCHANT_ID` int(11) DEFAULT NULL,
  `USER_ID` bigint(20) DEFAULT NULL,
  PRIMARY KEY (`SYSTEM_NOTIF_ID`),
  UNIQUE KEY `UKnpdnlc390vgr2mhepib1mtrmr` (`MERCHANT_ID`,`CONFIG_KEY`),
  KEY `FK3dykr9pm9ln1uektuw18blb6m` (`USER_ID`),
  CONSTRAINT `FK3dykr9pm9ln1uektuw18blb6m` FOREIGN KEY (`USER_ID`) REFERENCES `users` (`USER_ID`),
  CONSTRAINT `FKs6qk7l06e0s6m9n04momedgt7` FOREIGN KEY (`MERCHANT_ID`) REFERENCES `merchant_store` (`MERCHANT_ID`)
) ENGINE=InnoDB DEFAULT CHARSET=utf8;
/*!40101 SET character_set_client = @saved_cs_client */;

--
-- Dumping data for table `system_notification`
--


--
-- Table structure for table `tax_class`
--

DROP TABLE IF EXISTS `tax_class`;
/*!40101 SET @saved_cs_client     = @@character_set_client */;
 SET character_set_client = utf8mb4 ;
CREATE TABLE `tax_class` (
  `TAX_CLASS_ID` bigint(20) NOT NULL,
  `TAX_CLASS_CODE` varchar(10) NOT NULL,
  `TAX_CLASS_TITLE` varchar(32) NOT NULL,
  `MERCHANT_ID` int(11) DEFAULT NULL,
  PRIMARY KEY (`TAX_CLASS_ID`),
  UNIQUE KEY `UKa4q5q57a8oeh2ojeo8dhr935k` (`MERCHANT_ID`,`TAX_CLASS_CODE`),
  KEY `TAX_CLASS_CODE_IDX` (`TAX_CLASS_CODE`),
  CONSTRAINT `FK82i8puujghcv7fc82qwsgjg8w` FOREIGN KEY (`MERCHANT_ID`) REFERENCES `merchant_store` (`MERCHANT_ID`)
) ENGINE=InnoDB DEFAULT CHARSET=utf8;
/*!40101 SET character_set_client = @saved_cs_client */;

--
-- Dumping data for table `tax_class`
--

INSERT INTO `tax_class` (`TAX_CLASS_ID`, `TAX_CLASS_CODE`, `TAX_CLASS_TITLE`, `MERCHANT_ID`) VALUES (1,'DEFAULT','DEFAULT',1);

--
-- Table structure for table `tax_rate`
--

DROP TABLE IF EXISTS `tax_rate`;
/*!40101 SET @saved_cs_client     = @@character_set_client */;
 SET character_set_client = utf8mb4 ;
CREATE TABLE `tax_rate` (
  `TAX_RATE_ID` bigint(20) NOT NULL,
  `DATE_CREATED` datetime DEFAULT NULL,
  `DATE_MODIFIED` datetime DEFAULT NULL,
  `UPDT_ID` varchar(60) DEFAULT NULL,
  `TAX_CODE` varchar(255) DEFAULT NULL,
  `PIGGYBACK` bit(1) DEFAULT NULL,
  `STORE_STATE_PROV` varchar(100) DEFAULT NULL,
  `TAX_PRIORITY` int(11) DEFAULT NULL,
  `TAX_RATE` decimal(7,4) NOT NULL,
  `COUNTRY_ID` int(11) NOT NULL,
  `MERCHANT_ID` int(11) NOT NULL,
  `PARENT_ID` bigint(20) DEFAULT NULL,
  `TAX_CLASS_ID` bigint(20) NOT NULL,
  `ZONE_ID` bigint(20) DEFAULT NULL,
  PRIMARY KEY (`TAX_RATE_ID`),
  UNIQUE KEY `UK8gh6l9n0xq03b91sglp62oelu` (`TAX_CODE`,`MERCHANT_ID`),
  KEY `FK6wm34jcwoembe1qsmle2wtwnv` (`COUNTRY_ID`),
  KEY `FKfwp6yka2qps9jna473e6c6yc1` (`MERCHANT_ID`),
  KEY `FKt8isen27i3ioa0tw3bl8qlvdh` (`PARENT_ID`),
  KEY `FK7bpa9pbl1gnj5y3xbgs3wc0eg` (`TAX_CLASS_ID`),
  KEY `FKm9snpf6o1nb4j1t80nas8d1ix` (`ZONE_ID`),
  CONSTRAINT `FK6wm34jcwoembe1qsmle2wtwnv` FOREIGN KEY (`COUNTRY_ID`) REFERENCES `country` (`COUNTRY_ID`),
  CONSTRAINT `FK7bpa9pbl1gnj5y3xbgs3wc0eg` FOREIGN KEY (`TAX_CLASS_ID`) REFERENCES `tax_class` (`TAX_CLASS_ID`),
  CONSTRAINT `FKfwp6yka2qps9jna473e6c6yc1` FOREIGN KEY (`MERCHANT_ID`) REFERENCES `merchant_store` (`MERCHANT_ID`),
  CONSTRAINT `FKm9snpf6o1nb4j1t80nas8d1ix` FOREIGN KEY (`ZONE_ID`) REFERENCES `zone` (`ZONE_ID`),
  CONSTRAINT `FKt8isen27i3ioa0tw3bl8qlvdh` FOREIGN KEY (`PARENT_ID`) REFERENCES `tax_rate` (`TAX_RATE_ID`)
) ENGINE=InnoDB DEFAULT CHARSET=utf8;
/*!40101 SET character_set_client = @saved_cs_client */;

--
-- Dumping data for table `tax_rate`
--


--
-- Table structure for table `tax_rate_description`
--

DROP TABLE IF EXISTS `tax_rate_description`;
/*!40101 SET @saved_cs_client     = @@character_set_client */;
 SET character_set_client = utf8mb4 ;
CREATE TABLE `tax_rate_description` (
  `DESCRIPTION_ID` bigint(20) NOT NULL,
  `DATE_CREATED` datetime DEFAULT NULL,
  `DATE_MODIFIED` datetime DEFAULT NULL,
  `UPDT_ID` varchar(60) DEFAULT NULL,
  `DESCRIPTION` longtext,
  `NAME` varchar(120) NOT NULL,
  `TITLE` varchar(100) DEFAULT NULL,
  `LANGUAGE_ID` int(11) NOT NULL,
  `TAX_RATE_ID` bigint(20) DEFAULT NULL,
  PRIMARY KEY (`DESCRIPTION_ID`),
  UNIQUE KEY `UKt3xg8pl88yacdxg49nb46effg` (`TAX_RATE_ID`,`LANGUAGE_ID`),
  KEY `FKsicb2ydx42o04pvlnxw2mlx0w` (`LANGUAGE_ID`),
  CONSTRAINT `FK65c2lqslk5kx25dpkem2r0vxq` FOREIGN KEY (`TAX_RATE_ID`) REFERENCES `tax_rate` (`TAX_RATE_ID`),
  CONSTRAINT `FKsicb2ydx42o04pvlnxw2mlx0w` FOREIGN KEY (`LANGUAGE_ID`) REFERENCES `language` (`LANGUAGE_ID`)
) ENGINE=InnoDB DEFAULT CHARSET=utf8;
/*!40101 SET character_set_client = @saved_cs_client */;

--
-- Dumping data for table `tax_rate_description`
--


--
-- Table structure for table `user_group`
--

DROP TABLE IF EXISTS `user_group`;
/*!40101 SET @saved_cs_client     = @@character_set_client */;
 SET character_set_client = utf8mb4 ;
CREATE TABLE `user_group` (
  `USER_ID` bigint(20) NOT NULL,
  `GROUP_ID` int(11) NOT NULL,
  KEY `FK75kainrhn4kh8j3sw2xbe7v61` (`GROUP_ID`),
  KEY `FK9op4wv63nonsby8y9myjhtho` (`USER_ID`),
  CONSTRAINT `FK75kainrhn4kh8j3sw2xbe7v61` FOREIGN KEY (`GROUP_ID`) REFERENCES `sm_group` (`GROUP_ID`),
  CONSTRAINT `FK9op4wv63nonsby8y9myjhtho` FOREIGN KEY (`USER_ID`) REFERENCES `users` (`USER_ID`)
) ENGINE=InnoDB DEFAULT CHARSET=utf8;
/*!40101 SET character_set_client = @saved_cs_client */;

--
-- Dumping data for table `user_group`
--

INSERT INTO `user_group` (`USER_ID`, `GROUP_ID`) VALUES (1,1);
INSERT INTO `user_group` (`USER_ID`, `GROUP_ID`) VALUES (1,2);
INSERT INTO `user_group` (`USER_ID`, `GROUP_ID`) VALUES (50,2);
INSERT INTO `user_group` (`USER_ID`, `GROUP_ID`) VALUES (50,3);
INSERT INTO `user_group` (`USER_ID`, `GROUP_ID`) VALUES (50,4);
INSERT INTO `user_group` (`USER_ID`, `GROUP_ID`) VALUES (50,5);
INSERT INTO `user_group` (`USER_ID`, `GROUP_ID`) VALUES (50,6);
INSERT INTO `user_group` (`USER_ID`, `GROUP_ID`) VALUES (50,7);
INSERT INTO `user_group` (`USER_ID`, `GROUP_ID`) VALUES (51,2);
INSERT INTO `user_group` (`USER_ID`, `GROUP_ID`) VALUES (51,3);
INSERT INTO `user_group` (`USER_ID`, `GROUP_ID`) VALUES (51,4);
INSERT INTO `user_group` (`USER_ID`, `GROUP_ID`) VALUES (51,5);
INSERT INTO `user_group` (`USER_ID`, `GROUP_ID`) VALUES (51,6);
INSERT INTO `user_group` (`USER_ID`, `GROUP_ID`) VALUES (51,7);
INSERT INTO `user_group` (`USER_ID`, `GROUP_ID`) VALUES (52,2);
INSERT INTO `user_group` (`USER_ID`, `GROUP_ID`) VALUES (53,2);
INSERT INTO `user_group` (`USER_ID`, `GROUP_ID`) VALUES (53,3);
INSERT INTO `user_group` (`USER_ID`, `GROUP_ID`) VALUES (53,4);
INSERT INTO `user_group` (`USER_ID`, `GROUP_ID`) VALUES (53,5);
INSERT INTO `user_group` (`USER_ID`, `GROUP_ID`) VALUES (53,6);
INSERT INTO `user_group` (`USER_ID`, `GROUP_ID`) VALUES (53,7);

--
-- Table structure for table `userconnection`
--

DROP TABLE IF EXISTS `userconnection`;
/*!40101 SET @saved_cs_client     = @@character_set_client */;
 SET character_set_client = utf8mb4 ;
CREATE TABLE `userconnection` (
  `providerId` varchar(255) NOT NULL,
  `providerUserId` varchar(255) NOT NULL,
  `userId` varchar(255) NOT NULL,
  `accessToken` varchar(255) DEFAULT NULL,
  `displayName` varchar(255) DEFAULT NULL,
  `expireTime` bigint(20) DEFAULT NULL,
  `imageUrl` varchar(255) DEFAULT NULL,
  `profileUrl` varchar(255) DEFAULT NULL,
  `refreshToken` varchar(255) DEFAULT NULL,
  `secret` varchar(255) DEFAULT NULL,
  `userRank` int(11) NOT NULL,
  PRIMARY KEY (`providerId`,`providerUserId`,`userId`)
) ENGINE=InnoDB DEFAULT CHARSET=utf8;
/*!40101 SET character_set_client = @saved_cs_client */;

--
-- Dumping data for table `userconnection`
--


--
-- Table structure for table `users`
--

DROP TABLE IF EXISTS `users`;
/*!40101 SET @saved_cs_client     = @@character_set_client */;
 SET character_set_client = utf8mb4 ;
CREATE TABLE `users` (
  `USER_ID` bigint(20) NOT NULL,
  `ACTIVE` bit(1) DEFAULT NULL,
  `ADMIN_EMAIL` varchar(255) DEFAULT NULL,
  `ADMIN_NAME` varchar(100) DEFAULT NULL,
  `ADMIN_PASSWORD` varchar(60) DEFAULT NULL,
  `ADMIN_A1` varchar(255) DEFAULT NULL,
  `ADMIN_A2` varchar(255) DEFAULT NULL,
  `ADMIN_A3` varchar(255) DEFAULT NULL,
  `DATE_CREATED` datetime DEFAULT NULL,
  `DATE_MODIFIED` datetime DEFAULT NULL,
  `UPDT_ID` varchar(60) DEFAULT NULL,
  `RESET_CREDENTIALS_REQ` varchar(256) DEFAULT NULL,
  `RESET_CREDENTIALS_EXP` date DEFAULT NULL,
  `ADMIN_FIRST_NAME` varchar(255) DEFAULT NULL,
  `LAST_ACCESS` datetime DEFAULT NULL,
  `ADMIN_LAST_NAME` varchar(255) DEFAULT NULL,
  `LOGIN_ACCESS` datetime DEFAULT NULL,
  `ADMIN_Q1` varchar(255) DEFAULT NULL,
  `ADMIN_Q2` varchar(255) DEFAULT NULL,
  `ADMIN_Q3` varchar(255) DEFAULT NULL,
  `LANGUAGE_ID` int(11) DEFAULT NULL,
  `MERCHANT_ID` int(11) NOT NULL,
  PRIMARY KEY (`USER_ID`),
  UNIQUE KEY `UK7cwrowcnjlfxpxpdd1op9ymab` (`MERCHANT_ID`,`ADMIN_NAME`),
  KEY `USR_NAME_IDX` (`ADMIN_NAME`),
  KEY `FK4yb3ho4yxvcjniqg09opbm7ja` (`LANGUAGE_ID`),
  CONSTRAINT `FK4yb3ho4yxvcjniqg09opbm7ja` FOREIGN KEY (`LANGUAGE_ID`) REFERENCES `language` (`LANGUAGE_ID`),
  CONSTRAINT `FKtpio656e5t0cja7kx7p79rkh6` FOREIGN KEY (`MERCHANT_ID`) REFERENCES `merchant_store` (`MERCHANT_ID`)
) ENGINE=InnoDB DEFAULT CHARSET=utf8;
/*!40101 SET character_set_client = @saved_cs_client */;

--
-- Dumping data for table `users`
--

INSERT INTO `users` (`USER_ID`, `ACTIVE`, `ADMIN_EMAIL`, `ADMIN_NAME`, `ADMIN_PASSWORD`, `ADMIN_A1`, `ADMIN_A2`, `ADMIN_A3`, `DATE_CREATED`, `DATE_MODIFIED`, `UPDT_ID`, `RESET_CREDENTIALS_REQ`, `RESET_CREDENTIALS_EXP`, `ADMIN_FIRST_NAME`, `LAST_ACCESS`, `ADMIN_LAST_NAME`, `LOGIN_ACCESS`, `ADMIN_Q1`, `ADMIN_Q2`, `ADMIN_Q3`, `LANGUAGE_ID`, `MERCHANT_ID`) VALUES (1,_binary '','admin@shopizer.com','admin@shopizer.com','$2a$10$CSxRaqgC7Yk3aFYwx5JZXOaVGmGWt/TpytOJpIiiLOhke06jRot8.',NULL,NULL,NULL,'2022-05-02 12:48:18','2022-05-17 16:04:55','admin@shopizer.com',NULL,NULL,'Administrator',NULL,'User',NULL,NULL,NULL,NULL,1,1);
INSERT INTO `users` (`USER_ID`, `ACTIVE`, `ADMIN_EMAIL`, `ADMIN_NAME`, `ADMIN_PASSWORD`, `ADMIN_A1`, `ADMIN_A2`, `ADMIN_A3`, `DATE_CREATED`, `DATE_MODIFIED`, `UPDT_ID`, `RESET_CREDENTIALS_REQ`, `RESET_CREDENTIALS_EXP`, `ADMIN_FIRST_NAME`, `LAST_ACCESS`, `ADMIN_LAST_NAME`, `LOGIN_ACCESS`, `ADMIN_Q1`, `ADMIN_Q2`, `ADMIN_Q3`, `LANGUAGE_ID`, `MERCHANT_ID`) VALUES (50,_binary '','kamateon@gmail.com','kamateon@gmail.com','$2a$10$3KgMQPfyZgDAskFtbwpUC.rcNjQUSvZrVAxttwFfRfcFAIwpD2MTC',NULL,NULL,NULL,'2022-05-17 16:59:19','2022-05-17 16:59:19','admin@shopizer.com',NULL,NULL,'Arek',NULL,'Arek',NULL,NULL,NULL,NULL,4,50);
INSERT INTO `users` (`USER_ID`, `ACTIVE`, `ADMIN_EMAIL`, `ADMIN_NAME`, `ADMIN_PASSWORD`, `ADMIN_A1`, `ADMIN_A2`, `ADMIN_A3`, `DATE_CREATED`, `DATE_MODIFIED`, `UPDT_ID`, `RESET_CREDENTIALS_REQ`, `RESET_CREDENTIALS_EXP`, `ADMIN_FIRST_NAME`, `LAST_ACCESS`, `ADMIN_LAST_NAME`, `LOGIN_ACCESS`, `ADMIN_Q1`, `ADMIN_Q2`, `ADMIN_Q3`, `LANGUAGE_ID`, `MERCHANT_ID`) VALUES (51,_binary '','kamateon2@gmail.com','kamateon2@gmail.com','$2a$10$o2EKpOhnAFCzlQ.mXssS.ey2lJVEKrYXCqzNPmCKvYRgReytGkq1u',NULL,NULL,NULL,'2022-05-17 17:05:34','2022-05-17 17:05:34','admin@shopizer.com',NULL,NULL,'Jacek',NULL,'TT2',NULL,NULL,NULL,NULL,1,1);
INSERT INTO `users` (`USER_ID`, `ACTIVE`, `ADMIN_EMAIL`, `ADMIN_NAME`, `ADMIN_PASSWORD`, `ADMIN_A1`, `ADMIN_A2`, `ADMIN_A3`, `DATE_CREATED`, `DATE_MODIFIED`, `UPDT_ID`, `RESET_CREDENTIALS_REQ`, `RESET_CREDENTIALS_EXP`, `ADMIN_FIRST_NAME`, `LAST_ACCESS`, `ADMIN_LAST_NAME`, `LOGIN_ACCESS`, `ADMIN_Q1`, `ADMIN_Q2`, `ADMIN_Q3`, `LANGUAGE_ID`, `MERCHANT_ID`) VALUES (52,_binary '\0','ubc1pln@gmail.com','ubc1pln@gmail.com','$2a$10$dVyiFHxp2CLQkNghtZiafOX9Bn1OTOk2XmOfGsRHNxSZfTbR3PPvu',NULL,NULL,NULL,'2022-05-17 17:14:21','2022-05-17 17:14:21','admin@shopizer.com',NULL,NULL,'bc1pln',NULL,'bc1pln',NULL,NULL,NULL,NULL,4,100);
INSERT INTO `users` (`USER_ID`, `ACTIVE`, `ADMIN_EMAIL`, `ADMIN_NAME`, `ADMIN_PASSWORD`, `ADMIN_A1`, `ADMIN_A2`, `ADMIN_A3`, `DATE_CREATED`, `DATE_MODIFIED`, `UPDT_ID`, `RESET_CREDENTIALS_REQ`, `RESET_CREDENTIALS_EXP`, `ADMIN_FIRST_NAME`, `LAST_ACCESS`, `ADMIN_LAST_NAME`, `LOGIN_ACCESS`, `ADMIN_Q1`, `ADMIN_Q2`, `ADMIN_Q3`, `LANGUAGE_ID`, `MERCHANT_ID`) VALUES (53,_binary '\0','ubc2eng@gmail.com','ubc2eng@gmail.com','$2a$10$bwgu1HGrxmcU0JiWw3A9xOYvypBqiU0gg3iaXXx/MRFFl2WjvAj4S',NULL,NULL,NULL,'2022-05-17 17:26:50','2022-05-17 17:26:50','admin@shopizer.com',NULL,NULL,'bc2eng',NULL,'bc2eng',NULL,NULL,NULL,NULL,1,101);

--
-- Table structure for table `zin_cart`
--

DROP TABLE IF EXISTS `zin_cart`;
/*!40101 SET @saved_cs_client     = @@character_set_client */;
 SET character_set_client = utf8mb4 ;
CREATE TABLE `zin_cart` (
  `user_id` bigint(20) NOT NULL,
  PRIMARY KEY (`user_id`),
  CONSTRAINT `FKk4b3mg6f25eeviqaj1ljnetub` FOREIGN KEY (`user_id`) REFERENCES `zin_user` (`id`)
) ENGINE=InnoDB DEFAULT CHARSET=utf8;
/*!40101 SET character_set_client = @saved_cs_client */;

--
-- Dumping data for table `zin_cart`
--

INSERT INTO `zin_cart` (`user_id`) VALUES (1);
INSERT INTO `zin_cart` (`user_id`) VALUES (2);
INSERT INTO `zin_cart` (`user_id`) VALUES (3);
INSERT INTO `zin_cart` (`user_id`) VALUES (4);
INSERT INTO `zin_cart` (`user_id`) VALUES (9);
INSERT INTO `zin_cart` (`user_id`) VALUES (12);
INSERT INTO `zin_cart` (`user_id`) VALUES (14);
INSERT INTO `zin_cart` (`user_id`) VALUES (15);
INSERT INTO `zin_cart` (`user_id`) VALUES (16);
INSERT INTO `zin_cart` (`user_id`) VALUES (17);
INSERT INTO `zin_cart` (`user_id`) VALUES (61);
INSERT INTO `zin_cart` (`user_id`) VALUES (2147483641);
INSERT INTO `zin_cart` (`user_id`) VALUES (2147483642);
INSERT INTO `zin_cart` (`user_id`) VALUES (2147483643);
INSERT INTO `zin_cart` (`user_id`) VALUES (2147483645);

--
-- Table structure for table `zin_order`
--

DROP TABLE IF EXISTS `zin_order`;
/*!40101 SET @saved_cs_client     = @@character_set_client */;
 SET character_set_client = utf8mb4 ;
CREATE TABLE `zin_order` (
  `order_id` bigint(20) NOT NULL,
  `buyer_address` varchar(255) DEFAULT NULL,
  `buyer_email` varchar(255) DEFAULT NULL,
  `buyer_name` varchar(255) DEFAULT NULL,
  `buyer_phone` varchar(255) DEFAULT NULL,
  `create_time` datetime DEFAULT NULL,
  `order_amount` decimal(19,2) NOT NULL,
  `order_status` int(11) NOT NULL DEFAULT '0',
  `update_time` datetime DEFAULT NULL,
  PRIMARY KEY (`order_id`)
) ENGINE=InnoDB DEFAULT CHARSET=utf8;
/*!40101 SET character_set_client = @saved_cs_client */;

--
-- Dumping data for table `zin_order`
--

INSERT INTO `zin_order` (`order_id`, `buyer_address`, `buyer_email`, `buyer_name`, `buyer_phone`, `create_time`, `order_amount`, `order_status`, `update_time`) VALUES (2147483640,'3200 West Road','customer1@email.com','customer1','123456789','2018-03-15 13:01:16',20.00,2,'2018-03-15 13:02:52');
INSERT INTO `zin_order` (`order_id`, `buyer_address`, `buyer_email`, `buyer_name`, `buyer_phone`, `create_time`, `order_amount`, `order_status`, `update_time`) VALUES (2147483641,'3100 Western Road A','customer2@email.com','customer2','2343456','2018-03-15 12:52:07',180.00,2,'2018-03-15 12:52:54');
INSERT INTO `zin_order` (`order_id`, `buyer_address`, `buyer_email`, `buyer_name`, `buyer_phone`, `create_time`, `order_amount`, `order_status`, `update_time`) VALUES (2147483642,'3200 West Road','customer1@email.com','customer1','123456789','2018-03-15 13:01:21',4.00,2,'2018-03-15 13:02:09');
INSERT INTO `zin_order` (`order_id`, `buyer_address`, `buyer_email`, `buyer_name`, `buyer_phone`, `create_time`, `order_amount`, `order_status`, `update_time`) VALUES (2147483643,'3100 Western Road A','customer2@email.com','customer2','2343456','2018-03-15 12:52:20',100.00,0,'2018-03-15 12:52:20');
INSERT INTO `zin_order` (`order_id`, `buyer_address`, `buyer_email`, `buyer_name`, `buyer_phone`, `create_time`, `order_amount`, `order_status`, `update_time`) VALUES (2147483645,'3100 Western Road A','customer2@email.com','customer2','2343456','2018-03-15 12:52:29',4.00,0,'2018-03-15 12:52:29');
INSERT INTO `zin_order` (`order_id`, `buyer_address`, `buyer_email`, `buyer_name`, `buyer_phone`, `create_time`, `order_amount`, `order_status`, `update_time`) VALUES (2147483647,'3100 Western Road A','customer2@email.com','customer2','2343456','2018-03-15 12:52:35',2.00,2,'2018-03-15 12:52:56');
INSERT INTO `zin_order` (`order_id`, `buyer_address`, `buyer_email`, `buyer_name`, `buyer_phone`, `create_time`, `order_amount`, `order_status`, `update_time`) VALUES (2147483648,'3200 West Road','customer1@email.com','customer1','123456789','2018-03-15 13:01:07',134.00,1,'2018-03-15 13:02:56');
INSERT INTO `zin_order` (`order_id`, `buyer_address`, `buyer_email`, `buyer_name`, `buyer_phone`, `create_time`, `order_amount`, `order_status`, `update_time`) VALUES (2147483649,'3100 Western Road A','customer2@email.com','customer2','2343456','2018-03-15 12:58:24',150.00,0,'2018-03-15 12:58:24');

--
-- Table structure for table `zin_product_cat`
--

DROP TABLE IF EXISTS `zin_product_cat`;
/*!40101 SET @saved_cs_client     = @@character_set_client */;
 SET character_set_client = utf8mb4 ;
CREATE TABLE `zin_product_cat` (
  `category_id` int(11) NOT NULL,
  `category_name` varchar(255) DEFAULT NULL,
  `category_type` int(11) DEFAULT NULL,
  `create_time` datetime DEFAULT NULL,
  `update_time` datetime DEFAULT NULL,
  PRIMARY KEY (`category_id`),
  UNIQUE KEY `UK_gi8q8dn4m09dy5ovrxe2abqs5` (`category_type`)
) ENGINE=InnoDB DEFAULT CHARSET=utf8;
/*!40101 SET character_set_client = @saved_cs_client */;

--
-- Dumping data for table `zin_product_cat`
--

INSERT INTO `zin_product_cat` (`category_id`, `category_name`, `category_type`, `create_time`, `update_time`) VALUES (2147483641,'Books',0,'2018-03-09 23:03:26','2018-03-10 00:15:27');
INSERT INTO `zin_product_cat` (`category_id`, `category_name`, `category_type`, `create_time`, `update_time`) VALUES (2147483642,'Clothes',2,'2018-03-10 00:15:02','2018-03-10 00:15:21');
INSERT INTO `zin_product_cat` (`category_id`, `category_name`, `category_type`, `create_time`, `update_time`) VALUES (2147483644,'Drink',3,'2018-03-10 01:01:09','2018-03-10 01:01:09');
INSERT INTO `zin_product_cat` (`category_id`, `category_name`, `category_type`, `create_time`, `update_time`) VALUES (2147483645,'Food',1,'2018-03-10 00:26:05','2018-03-10 00:26:05');

--
-- Table structure for table `zin_product_in_order`
--

DROP TABLE IF EXISTS `zin_product_in_order`;
/*!40101 SET @saved_cs_client     = @@character_set_client */;
 SET character_set_client = utf8mb4 ;
CREATE TABLE `zin_product_in_order` (
  `id` bigint(20) NOT NULL,
  `category_type` int(11) NOT NULL,
  `count` int(11) DEFAULT NULL,
  `product_description` varchar(255) NOT NULL,
  `product_icon` varchar(255) DEFAULT NULL,
  `product_id` varchar(255) DEFAULT NULL,
  `product_name` varchar(255) DEFAULT NULL,
  `product_price` decimal(19,2) NOT NULL,
  `product_stock` int(11) DEFAULT NULL,
  `cart_user_id` bigint(20) DEFAULT NULL,
  `order_id` bigint(20) DEFAULT NULL,
  PRIMARY KEY (`id`),
  KEY `FKi183dq05eo8crdbvu91ndm0w4` (`cart_user_id`),
  KEY `FK8m8py0pp51c96cqnrmpck6s9a` (`order_id`),
  CONSTRAINT `FK8m8py0pp51c96cqnrmpck6s9a` FOREIGN KEY (`order_id`) REFERENCES `zin_order` (`order_id`),
  CONSTRAINT `FKi183dq05eo8crdbvu91ndm0w4` FOREIGN KEY (`cart_user_id`) REFERENCES `zin_cart` (`user_id`)
) ENGINE=InnoDB DEFAULT CHARSET=utf8;
/*!40101 SET character_set_client = @saved_cs_client */;

--
-- Dumping data for table `zin_product_in_order`
--

INSERT INTO `zin_product_in_order` (`id`, `category_type`, `count`, `product_description`, `product_icon`, `product_id`, `product_name`, `product_price`, `product_stock`, `cart_user_id`, `order_id`) VALUES (2147483631,1,1,'Family s','http://cdn1.thecomeback.com/wp-content/uploads/2017/05/mcdonalds_food-832x447.png','F0002','McDonald‘s Food',20.00,22,NULL,2147483640);
INSERT INTO `zin_product_in_order` (`id`, `category_type`, `count`, `product_description`, `product_icon`, `product_id`, `product_name`, `product_price`, `product_stock`, `cart_user_id`, `order_id`) VALUES (2147483632,1,1,'Family s','http://cdn1.thecomeback.com/wp-content/uploads/2017/05/mcdonalds_food-832x447.png','F0002','McDonald‘s Food',20.00,22,NULL,2147483649);
INSERT INTO `zin_product_in_order` (`id`, `category_type`, `count`, `product_description`, `product_icon`, `product_id`, `product_name`, `product_price`, `product_stock`, `cart_user_id`, `order_id`) VALUES (2147483633,1,1,'Kids Party Food','http://asset1.marksandspencer.com/is/image/mands/MS_FD_F04C_00398503_NC_X_EC_0?$PDP_MAXI_ZOOM_NEW$','F0001','Chicken',4.00,57,NULL,2147483642);
INSERT INTO `zin_product_in_order` (`id`, `category_type`, `count`, `product_description`, `product_icon`, `product_id`, `product_name`, `product_price`, `product_stock`, `cart_user_id`, `order_id`) VALUES (2147483634,2,1,'Under Armour','https://assets.academy.com/mgen/33/20088533.jpg?is=500,500','C0001','T-shirt',10.00,109,NULL,2147483649);
INSERT INTO `zin_product_in_order` (`id`, `category_type`, `count`, `product_description`, `product_icon`, `product_id`, `product_name`, `product_price`, `product_stock`, `cart_user_id`, `order_id`) VALUES (2147483636,0,1,'Java SE','https://images-na.ssl-images-amazon.com/images/I/51S8VRHA2FL._SX357_BO1,204,203,200_.jpg','B0005','Thinking in Java',30.00,199,NULL,2147483645);
INSERT INTO `zin_product_in_order` (`id`, `category_type`, `count`, `product_description`, `product_icon`, `product_id`, `product_name`, `product_price`, `product_stock`, `cart_user_id`, `order_id`) VALUES (2147483638,0,1,'Java SE','https://www.pearsonhighered.com/assets/bigcovers/0/1/3/2/0132778041.jpg','B0004','Effective Java',30.00,199,NULL,2147483645);
INSERT INTO `zin_product_in_order` (`id`, `category_type`, `count`, `product_description`, `product_icon`, `product_id`, `product_name`, `product_price`, `product_stock`, `cart_user_id`, `order_id`) VALUES (2147483640,1,1,'Kids Party Food','http://asset1.marksandspencer.com/is/image/mands/MS_FD_F04C_00398503_NC_X_EC_0?$PDP_MAXI_ZOOM_NEW$','F0001','Chicken',4.00,57,NULL,2147483649);
INSERT INTO `zin_product_in_order` (`id`, `category_type`, `count`, `product_description`, `product_icon`, `product_id`, `product_name`, `product_price`, `product_stock`, `cart_user_id`, `order_id`) VALUES (2147483641,2,1,'Boys Clothes','https://d2ul0w83gls0j4.cloudfront.net/taxonomy/300/0102/20171024151632.jpg','C0002','Shirts',13.00,108,NULL,2147483649);
INSERT INTO `zin_product_in_order` (`id`, `category_type`, `count`, `product_description`, `product_icon`, `product_id`, `product_name`, `product_price`, `product_stock`, `cart_user_id`, `order_id`) VALUES (2147483642,0,1,'Books for learning Java','https://images-na.ssl-images-amazon.com/images/I/41f6Rd6ZEPL._SX363_BO1,204,203,200_.jpg','B0001','Core Java',30.00,96,NULL,2147483641);
INSERT INTO `zin_product_in_order` (`id`, `category_type`, `count`, `product_description`, `product_icon`, `product_id`, `product_name`, `product_price`, `product_stock`, `cart_user_id`, `order_id`) VALUES (2147483643,0,1,'Books for learning Java','https://images-na.ssl-images-amazon.com/images/I/41f6Rd6ZEPL._SX363_BO1,204,203,200_.jpg','B0001','Core Java',30.00,96,NULL,2147483648);
INSERT INTO `zin_product_in_order` (`id`, `category_type`, `count`, `product_description`, `product_icon`, `product_id`, `product_name`, `product_price`, `product_stock`, `cart_user_id`, `order_id`) VALUES (2147483644,0,1,'Learn Spring','https://images-na.ssl-images-amazon.com/images/I/51gHy16h5TL._SX397_BO1,204,203,200_.jpg','B0002','Spring In Action',20.00,195,NULL,2147483643);
INSERT INTO `zin_product_in_order` (`id`, `category_type`, `count`, `product_description`, `product_icon`, `product_id`, `product_name`, `product_price`, `product_stock`, `cart_user_id`, `order_id`) VALUES (2147483646,1,1,'Kids Party Food','http://asset1.marksandspencer.com/is/image/mands/MS_FD_F04C_00398503_NC_X_EC_0?$PDP_MAXI_ZOOM_NEW$','F0001','Chicken',4.00,57,NULL,2147483645);
INSERT INTO `zin_product_in_order` (`id`, `category_type`, `count`, `product_description`, `product_icon`, `product_id`, `product_name`, `product_price`, `product_stock`, `cart_user_id`, `order_id`) VALUES (2147483647,3,1,'Awesome','https://starbuckssecretmenu.net/wp-content/uploads/2017/06/Starbucks-Violet-Drink.jpg','D0002','Starbucks Violet Drink',2.00,200,NULL,2147483645);
INSERT INTO `zin_product_in_order` (`id`, `category_type`, `count`, `product_description`, `product_icon`, `product_id`, `product_name`, `product_price`, `product_stock`, `cart_user_id`, `order_id`) VALUES (2147483648,3,1,'Awesome','https://starbuckssecretmenu.net/wp-content/uploads/2017/06/Starbucks-Violet-Drink.jpg','D0002','Starbucks Violet Drink',2.00,200,NULL,2147483647);
INSERT INTO `zin_product_in_order` (`id`, `category_type`, `count`, `product_description`, `product_icon`, `product_id`, `product_name`, `product_price`, `product_stock`, `cart_user_id`, `order_id`) VALUES (2147483649,0,1,'Books for learning Java','https://images-na.ssl-images-amazon.com/images/I/41f6Rd6ZEPL._SX363_BO1,204,203,200_.jpg','B0001','Core Java',30.00,96,NULL,2147483645);

--
-- Table structure for table `zin_product_info`
--

DROP TABLE IF EXISTS `zin_product_info`;
/*!40101 SET @saved_cs_client     = @@character_set_client */;
 SET character_set_client = utf8mb4 ;
CREATE TABLE `zin_product_info` (
  `product_id` varchar(255) NOT NULL,
  `category_type` int(11) DEFAULT '0',
  `create_time` datetime DEFAULT NULL,
  `product_description` varchar(255) DEFAULT NULL,
  `product_icon` varchar(255) DEFAULT NULL,
  `product_name` varchar(255) NOT NULL,
  `product_price` decimal(19,2) NOT NULL,
  `product_status` int(11) DEFAULT '0',
  `product_stock` int(11) NOT NULL,
  `update_time` datetime DEFAULT NULL,
  PRIMARY KEY (`product_id`)
) ENGINE=InnoDB DEFAULT CHARSET=utf8;
/*!40101 SET character_set_client = @saved_cs_client */;

--
-- Dumping data for table `zin_product_info`
--

INSERT INTO `zin_product_info` (`product_id`, `category_type`, `create_time`, `product_description`, `product_icon`, `product_name`, `product_price`, `product_status`, `product_stock`, `update_time`) VALUES ('B0001',0,'2018-03-10 06:44:25','Books for learning Java','https://images-na.ssl-images-amazon.com/images/I/41f6Rd6ZEPL._SX363_BO1,204,203,200_.jpg','Core Java',30.00,0,96,'2018-03-10 06:44:25');
INSERT INTO `zin_product_info` (`product_id`, `category_type`, `create_time`, `product_description`, `product_icon`, `product_name`, `product_price`, `product_status`, `product_stock`, `update_time`) VALUES ('B0002',0,'2018-03-10 10:35:43','Learn Spring','https://images-na.ssl-images-amazon.com/images/I/51gHy16h5TL._SX397_BO1,204,203,200_.jpg','Spring In Action',20.00,0,195,'2018-03-10 10:35:43');
INSERT INTO `zin_product_info` (`product_id`, `category_type`, `create_time`, `product_description`, `product_icon`, `product_name`, `product_price`, `product_status`, `product_stock`, `update_time`) VALUES ('B0003',0,'2018-03-10 10:37:39','Java EE','https://covers.oreillystatic.com/images/9780596516680/lrg.jpg','Head First',10.00,1,200,'2018-03-10 19:42:02');
INSERT INTO `zin_product_info` (`product_id`, `category_type`, `create_time`, `product_description`, `product_icon`, `product_name`, `product_price`, `product_status`, `product_stock`, `update_time`) VALUES ('B0004',0,'2018-03-10 10:39:29','Java SE','https://www.pearsonhighered.com/assets/bigcovers/0/1/3/2/0132778041.jpg','Effective Java',30.00,0,199,'2018-03-10 10:39:32');
INSERT INTO `zin_product_info` (`product_id`, `category_type`, `create_time`, `product_description`, `product_icon`, `product_name`, `product_price`, `product_status`, `product_stock`, `update_time`) VALUES ('B0005',0,'2018-03-10 10:40:35','Java SE','https://images-na.ssl-images-amazon.com/images/I/51S8VRHA2FL._SX357_BO1,204,203,200_.jpg','Thinking in Java',30.00,0,199,'2018-03-10 10:40:35');
INSERT INTO `zin_product_info` (`product_id`, `category_type`, `create_time`, `product_description`, `product_icon`, `product_name`, `product_price`, `product_status`, `product_stock`, `update_time`) VALUES ('C0001',2,'2018-03-10 12:09:41','Under Armour','https://assets.academy.com/mgen/33/20088533.jpg?is=500,500','T-shirt',10.00,0,109,'2018-03-10 12:09:41');
INSERT INTO `zin_product_info` (`product_id`, `category_type`, `create_time`, `product_description`, `product_icon`, `product_name`, `product_price`, `product_status`, `product_stock`, `update_time`) VALUES ('C0002',2,'2018-03-10 12:11:51','Boys Clothes','https://d2ul0w83gls0j4.cloudfront.net/taxonomy/300/0102/20171024151632.jpg','Shirts',13.00,0,108,'2018-03-10 12:11:51');
INSERT INTO `zin_product_info` (`product_id`, `category_type`, `create_time`, `product_description`, `product_icon`, `product_name`, `product_price`, `product_status`, `product_stock`, `update_time`) VALUES ('C0003',2,'2018-03-10 12:12:46','Mans','https://img1.newchic.com/thumb/view/oaupload/newchic/images/00/30/df8a1f83-035c-4942-93d6-49933ac52a34.jpg','Coats',22.00,0,222,'2018-03-10 12:12:46');
INSERT INTO `zin_product_info` (`product_id`, `category_type`, `create_time`, `product_description`, `product_icon`, `product_name`, `product_price`, `product_status`, `product_stock`, `update_time`) VALUES ('D0001',3,'2018-03-10 06:51:03','Everyone likes it','https://www.thesun.co.uk/wp-content/uploads/2017/03/nintchdbpict000277254629.jpg?strip=all&w=676','Coca Cola',1.00,0,100,'2018-03-10 12:04:13');
INSERT INTO `zin_product_info` (`product_id`, `category_type`, `create_time`, `product_description`, `product_icon`, `product_name`, `product_price`, `product_status`, `product_stock`, `update_time`) VALUES ('D0002',3,'2018-03-10 12:08:17','Awesome','https://starbuckssecretmenu.net/wp-content/uploads/2017/06/Starbucks-Violet-Drink.jpg','Starbucks Violet Drink',2.00,0,200,'2018-03-10 12:08:17');
INSERT INTO `zin_product_info` (`product_id`, `category_type`, `create_time`, `product_description`, `product_icon`, `product_name`, `product_price`, `product_status`, `product_stock`, `update_time`) VALUES ('F0001',1,'2018-03-10 12:15:05','Kids Party Food','http://asset1.marksandspencer.com/is/image/mands/MS_FD_F04C_00398503_NC_X_EC_0?$PDP_MAXI_ZOOM_NEW$','Chicken',4.00,0,57,'2018-03-10 12:15:10');
INSERT INTO `zin_product_info` (`product_id`, `category_type`, `create_time`, `product_description`, `product_icon`, `product_name`, `product_price`, `product_status`, `product_stock`, `update_time`) VALUES ('F0002',1,'2018-03-10 12:16:44','Family s','http://cdn1.thecomeback.com/wp-content/uploads/2017/05/mcdonalds_food-832x447.png','McDonald‘s Food',20.00,0,22,'2018-03-10 12:16:44');

--
-- Table structure for table `zin_user`
--

DROP TABLE IF EXISTS `zin_user`;
/*!40101 SET @saved_cs_client     = @@character_set_client */;
 SET character_set_client = utf8mb4 ;
CREATE TABLE `zin_user` (
  `id` bigint(20) NOT NULL,
  `active` bit(1) NOT NULL,
  `address` varchar(255) DEFAULT NULL,
  `email` varchar(255) DEFAULT NULL,
  `name` varchar(255) DEFAULT NULL,
  `password` varchar(255) DEFAULT NULL,
  `phone` varchar(255) DEFAULT NULL,
  `role` varchar(255) DEFAULT NULL,
  PRIMARY KEY (`id`),
  UNIQUE KEY `UK_ptlpbwcdi60yyeay9wkxswoob` (`email`)
) ENGINE=InnoDB DEFAULT CHARSET=utf8;
/*!40101 SET character_set_client = @saved_cs_client */;

--
-- Dumping data for table `zin_user`
--

INSERT INTO `zin_user` (`id`, `active`, `address`, `email`, `name`, `password`, `phone`, `role`) VALUES (1,_binary '','11','a@a.com','a','$2a$10$n7lKG12SXobYbq2hKXMmDe9T7tqCU2qkNhq7dfylJkFZuu7P7Yu8K','111111','ROLE_CUSTOMER');
INSERT INTO `zin_user` (`id`, `active`, `address`, `email`, `name`, `password`, `phone`, `role`) VALUES (2,_binary '','1','b@b.com','b','$2a$10$SNaStMdbf86Y8pRPkbWWDe0ftGxS4NbHUeuP9pUGcQwkUcvSi9WQC','111111','ROLE_CUSTOMER');
INSERT INTO `zin_user` (`id`, `active`, `address`, `email`, `name`, `password`, `phone`, `role`) VALUES (3,_binary '','11','c@c.com','c','$2a$10$3aKp06TVoV5pu6XctQVGAeJm7qBvZVLdvJ845FjT2nK54V9wmU6w.','111111','ROLE_CUSTOMER');
INSERT INTO `zin_user` (`id`, `active`, `address`, `email`, `name`, `password`, `phone`, `role`) VALUES (4,_binary '','11','d@d.com','d','$2a$10$bQe5Ig80I1UwVvwYGmPkYeY2xVly8SLfHZdec98PY.Y2prTsoPw/2','111111','ROLE_CUSTOMER');
INSERT INTO `zin_user` (`id`, `active`, `address`, `email`, `name`, `password`, `phone`, `role`) VALUES (9,_binary '','addr1','x2','x2','$2a$10$uyjmN68MI3X55d9cneKdL.xExgOqcFE3.5KaBMrI90iSKHyL4Kq2C','111111','ROLE_CUSTOMER');
INSERT INTO `zin_user` (`id`, `active`, `address`, `email`, `name`, `password`, `phone`, `role`) VALUES (12,_binary '','addr1','v1','v1','$2a$10$jdO20PTZWVeCQytjFqKKPe5OLiMYU7YOymftlgLQCeabfP/17KPCO','111111','ROLE_CUSTOMER');
INSERT INTO `zin_user` (`id`, `active`, `address`, `email`, `name`, `password`, `phone`, `role`) VALUES (14,_binary '','addr1','t1','t1','$2a$10$EZNkvmFeBTVqOx.6jHRDiedHd8QPdlkkmULBin0vCrNuD2yLrhJBC','111111','ROLE_CUSTOMER');
INSERT INTO `zin_user` (`id`, `active`, `address`, `email`, `name`, `password`, `phone`, `role`) VALUES (15,_binary '','111111111','x2@x2.com','x2','$2a$10$BCgT6AaCa/RI11lB2/aIxuKfm8v51CkK4RfNvkuoFzR5qRG91XxUS','11111','ROLE_CUSTOMER');
INSERT INTO `zin_user` (`id`, `active`, `address`, `email`, `name`, `password`, `phone`, `role`) VALUES (16,_binary '','1','z1@z1.com','z1','$2a$10$rD9BIof0aD10luRMEcRqneT/PDNqgEPJWy/FXSlj.hdSYj15GnFIO','111111','ROLE_CUSTOMER');
INSERT INTO `zin_user` (`id`, `active`, `address`, `email`, `name`, `password`, `phone`, `role`) VALUES (17,_binary '','11111','p1@p1.com','p1','$2a$10$07ndH.CbFGMNzEFxod1stu4tdGcg5kTRgJ5VP121OxDeTt.nAAEx6','1111','ROLE_CUSTOMER');
INSERT INTO `zin_user` (`id`, `active`, `address`, `email`, `name`, `password`, `phone`, `role`) VALUES (61,_binary '','addr1','n1','n1','$2a$10$HAH8fLlLBe.l5CKe5Bsv8.LZsNluBztxTsU/P57HFn11k9XRPyMDa','111111','ROLE_CUSTOMER');
INSERT INTO `zin_user` (`id`, `active`, `address`, `email`, `name`, `password`, `phone`, `role`) VALUES (2147483641,_binary '','3200 West Road','customer1@email.com','customer1','$2a$10$PrI5Gk9L.tSZiW9FXhTS8O8Mz9E97k2FZbFvGFFaSsiTUIl.TCrFu','123456789','ROLE_CUSTOMER');
INSERT INTO `zin_user` (`id`, `active`, `address`, `email`, `name`, `password`, `phone`, `role`) VALUES (2147483642,_binary '','2000 John Road','manager1@email.com','manager1','$2a$10$PrI5Gk9L.tSZiW9FXhTS8O8Mz9E97k2FZbFvGFFaSsiTUIl.TCrFu','987654321','ROLE_MANAGER');
INSERT INTO `zin_user` (`id`, `active`, `address`, `email`, `name`, `password`, `phone`, `role`) VALUES (2147483643,_binary '','222 East Drive ','employee1@email.com','employee1','$2a$10$PrI5Gk9L.tSZiW9FXhTS8O8Mz9E97k2FZbFvGFFaSsiTUIl.TCrFu','123123122','ROLE_EMPLOYEE');
INSERT INTO `zin_user` (`id`, `active`, `address`, `email`, `name`, `password`, `phone`, `role`) VALUES (2147483645,_binary '','3100 Western Road A','customer2@email.com','customer2','$2a$10$0oho5eUbDqKrLH026A2YXuCGnpq07xJpuG/Qu.PYb1VCvi2VMXWNi','2343456','ROLE_CUSTOMER');

--
-- Table structure for table `zone`
--

DROP TABLE IF EXISTS `zone`;
/*!40101 SET @saved_cs_client     = @@character_set_client */;
 SET character_set_client = utf8mb4 ;
CREATE TABLE `zone` (
  `ZONE_ID` bigint(20) NOT NULL,
  `ZONE_CODE` varchar(255) NOT NULL,
  `COUNTRY_ID` int(11) NOT NULL,
  PRIMARY KEY (`ZONE_ID`),
  UNIQUE KEY `UK_4tq3p5w8k4h4easyf5t3n1jdr` (`ZONE_CODE`),
  KEY `FKhn2c1w3e1twhjg7tiwv7vuk67` (`COUNTRY_ID`),
  CONSTRAINT `FKhn2c1w3e1twhjg7tiwv7vuk67` FOREIGN KEY (`COUNTRY_ID`) REFERENCES `country` (`COUNTRY_ID`)
) ENGINE=InnoDB DEFAULT CHARSET=utf8;
/*!40101 SET character_set_client = @saved_cs_client */;

--
-- Dumping data for table `zone`
--

INSERT INTO `zone` (`ZONE_ID`, `ZONE_CODE`, `COUNTRY_ID`) VALUES (1,'Guipuzcoa',197);
INSERT INTO `zone` (`ZONE_ID`, `ZONE_CODE`, `COUNTRY_ID`) VALUES (2,'HI',224);
INSERT INTO `zone` (`ZONE_ID`, `ZONE_CODE`, `COUNTRY_ID`) VALUES (3,'PR',224);
INSERT INTO `zone` (`ZONE_ID`, `ZONE_CODE`, `COUNTRY_ID`) VALUES (4,'Zamora',197);
INSERT INTO `zone` (`ZONE_ID`, `ZONE_CODE`, `COUNTRY_ID`) VALUES (5,'Vizcaya',197);
INSERT INTO `zone` (`ZONE_ID`, `ZONE_CODE`, `COUNTRY_ID`) VALUES (6,'OTR',166);
INSERT INTO `zone` (`ZONE_ID`, `ZONE_CODE`, `COUNTRY_ID`) VALUES (7,'Albacete',197);
INSERT INTO `zone` (`ZONE_ID`, `ZONE_CODE`, `COUNTRY_ID`) VALUES (8,'Lleida',197);
INSERT INTO `zone` (`ZONE_ID`, `ZONE_CODE`, `COUNTRY_ID`) VALUES (9,'QC',37);
INSERT INTO `zone` (`ZONE_ID`, `ZONE_CODE`, `COUNTRY_ID`) VALUES (10,'NRW',78);
INSERT INTO `zone` (`ZONE_ID`, `ZONE_CODE`, `COUNTRY_ID`) VALUES (11,'IA',224);
INSERT INTO `zone` (`ZONE_ID`, `ZONE_CODE`, `COUNTRY_ID`) VALUES (12,'ID',224);
INSERT INTO `zone` (`ZONE_ID`, `ZONE_CODE`, `COUNTRY_ID`) VALUES (13,'YT',37);
INSERT INTO `zone` (`ZONE_ID`, `ZONE_CODE`, `COUNTRY_ID`) VALUES (14,'Leon',197);
INSERT INTO `zone` (`ZONE_ID`, `ZONE_CODE`, `COUNTRY_ID`) VALUES (15,'ACorua',197);
INSERT INTO `zone` (`ZONE_ID`, `ZONE_CODE`, `COUNTRY_ID`) VALUES (16,'Castellon',197);
INSERT INTO `zone` (`ZONE_ID`, `ZONE_CODE`, `COUNTRY_ID`) VALUES (17,'LasPalmas',197);
INSERT INTO `zone` (`ZONE_ID`, `ZONE_CODE`, `COUNTRY_ID`) VALUES (18,'Pontevedra',197);
INSERT INTO `zone` (`ZONE_ID`, `ZONE_CODE`, `COUNTRY_ID`) VALUES (19,'AA',224);
INSERT INTO `zone` (`ZONE_ID`, `ZONE_CODE`, `COUNTRY_ID`) VALUES (20,'Teruel',197);
INSERT INTO `zone` (`ZONE_ID`, `ZONE_CODE`, `COUNTRY_ID`) VALUES (21,'AB',37);
INSERT INTO `zone` (`ZONE_ID`, `ZONE_CODE`, `COUNTRY_ID`) VALUES (22,'AC',224);
INSERT INTO `zone` (`ZONE_ID`, `ZONE_CODE`, `COUNTRY_ID`) VALUES (23,'IL',224);
INSERT INTO `zone` (`ZONE_ID`, `ZONE_CODE`, `COUNTRY_ID`) VALUES (24,'AE',224);
INSERT INTO `zone` (`ZONE_ID`, `ZONE_CODE`, `COUNTRY_ID`) VALUES (25,'AF',224);
INSERT INTO `zone` (`ZONE_ID`, `ZONE_CODE`, `COUNTRY_ID`) VALUES (26,'IN',224);
INSERT INTO `zone` (`ZONE_ID`, `ZONE_CODE`, `COUNTRY_ID`) VALUES (27,'AG',204);
INSERT INTO `zone` (`ZONE_ID`, `ZONE_CODE`, `COUNTRY_ID`) VALUES (28,'A Corua',197);
INSERT INTO `zone` (`ZONE_ID`, `ZONE_CODE`, `COUNTRY_ID`) VALUES (29,'AI',204);
INSERT INTO `zone` (`ZONE_ID`, `ZONE_CODE`, `COUNTRY_ID`) VALUES (30,'AK',224);
INSERT INTO `zone` (`ZONE_ID`, `ZONE_CODE`, `COUNTRY_ID`) VALUES (31,'Caceres',197);
INSERT INTO `zone` (`ZONE_ID`, `ZONE_CODE`, `COUNTRY_ID`) VALUES (32,'Segovia',197);
INSERT INTO `zone` (`ZONE_ID`, `ZONE_CODE`, `COUNTRY_ID`) VALUES (33,'AL',224);
INSERT INTO `zone` (`ZONE_ID`, `ZONE_CODE`, `COUNTRY_ID`) VALUES (34,'AM',224);
INSERT INTO `zone` (`ZONE_ID`, `ZONE_CODE`, `COUNTRY_ID`) VALUES (35,'ZG',204);
INSERT INTO `zone` (`ZONE_ID`, `ZONE_CODE`, `COUNTRY_ID`) VALUES (36,'Malaga',197);
INSERT INTO `zone` (`ZONE_ID`, `ZONE_CODE`, `COUNTRY_ID`) VALUES (37,'CEN',166);
INSERT INTO `zone` (`ZONE_ID`, `ZONE_CODE`, `COUNTRY_ID`) VALUES (38,'ZH',204);
INSERT INTO `zone` (`ZONE_ID`, `ZONE_CODE`, `COUNTRY_ID`) VALUES (39,'LaRioja',197);
INSERT INTO `zone` (`ZONE_ID`, `ZONE_CODE`, `COUNTRY_ID`) VALUES (40,'AP',224);
INSERT INTO `zone` (`ZONE_ID`, `ZONE_CODE`, `COUNTRY_ID`) VALUES (41,'Melilla',197);
INSERT INTO `zone` (`ZONE_ID`, `ZONE_CODE`, `COUNTRY_ID`) VALUES (42,'AR',224);
INSERT INTO `zone` (`ZONE_ID`, `ZONE_CODE`, `COUNTRY_ID`) VALUES (43,'AS',224);
INSERT INTO `zone` (`ZONE_ID`, `ZONE_CODE`, `COUNTRY_ID`) VALUES (44,'NSW',13);
INSERT INTO `zone` (`ZONE_ID`, `ZONE_CODE`, `COUNTRY_ID`) VALUES (45,'Madrid',197);
INSERT INTO `zone` (`ZONE_ID`, `ZONE_CODE`, `COUNTRY_ID`) VALUES (46,'RI',224);
INSERT INTO `zone` (`ZONE_ID`, `ZONE_CODE`, `COUNTRY_ID`) VALUES (47,'AZ',224);
INSERT INTO `zone` (`ZONE_ID`, `ZONE_CODE`, `COUNTRY_ID`) VALUES (48,'Ceuta',197);
INSERT INTO `zone` (`ZONE_ID`, `ZONE_CODE`, `COUNTRY_ID`) VALUES (49,'BC',37);
INSERT INTO `zone` (`ZONE_ID`, `ZONE_CODE`, `COUNTRY_ID`) VALUES (50,'Huelva',197);
INSERT INTO `zone` (`ZONE_ID`, `ZONE_CODE`, `COUNTRY_ID`) VALUES (51,'BE',204);
INSERT INTO `zone` (`ZONE_ID`, `ZONE_CODE`, `COUNTRY_ID`) VALUES (52,'Huesca',197);
INSERT INTO `zone` (`ZONE_ID`, `ZONE_CODE`, `COUNTRY_ID`) VALUES (53,'ARCH',204);
INSERT INTO `zone` (`ZONE_ID`, `ZONE_CODE`, `COUNTRY_ID`) VALUES (54,'BL',204);
INSERT INTO `zone` (`ZONE_ID`, `ZONE_CODE`, `COUNTRY_ID`) VALUES (55,'JU',204);
INSERT INTO `zone` (`ZONE_ID`, `ZONE_CODE`, `COUNTRY_ID`) VALUES (56,'Asturias',197);
INSERT INTO `zone` (`ZONE_ID`, `ZONE_CODE`, `COUNTRY_ID`) VALUES (57,'SA',13);
INSERT INTO `zone` (`ZONE_ID`, `ZONE_CODE`, `COUNTRY_ID`) VALUES (58,'SB',14);
INSERT INTO `zone` (`ZONE_ID`, `ZONE_CODE`, `COUNTRY_ID`) VALUES (59,'TIAT',14);
INSERT INTO `zone` (`ZONE_ID`, `ZONE_CODE`, `COUNTRY_ID`) VALUES (60,'SC',224);
INSERT INTO `zone` (`ZONE_ID`, `ZONE_CODE`, `COUNTRY_ID`) VALUES (61,'THE',78);
INSERT INTO `zone` (`ZONE_ID`, `ZONE_CODE`, `COUNTRY_ID`) VALUES (62,'SD',224);
INSERT INTO `zone` (`ZONE_ID`, `ZONE_CODE`, `COUNTRY_ID`) VALUES (63,'BS',204);
INSERT INTO `zone` (`ZONE_ID`, `ZONE_CODE`, `COUNTRY_ID`) VALUES (64,'Cordoba',197);
INSERT INTO `zone` (`ZONE_ID`, `ZONE_CODE`, `COUNTRY_ID`) VALUES (65,'Tarragona',197);
INSERT INTO `zone` (`ZONE_ID`, `ZONE_CODE`, `COUNTRY_ID`) VALUES (66,'Valladolid',197);
INSERT INTO `zone` (`ZONE_ID`, `ZONE_CODE`, `COUNTRY_ID`) VALUES (67,'SG',204);
INSERT INTO `zone` (`ZONE_ID`, `ZONE_CODE`, `COUNTRY_ID`) VALUES (68,'SH',204);
INSERT INTO `zone` (`ZONE_ID`, `ZONE_CODE`, `COUNTRY_ID`) VALUES (69,'WAAU',13);
INSERT INTO `zone` (`ZONE_ID`, `ZONE_CODE`, `COUNTRY_ID`) VALUES (70,'SK',37);
INSERT INTO `zone` (`ZONE_ID`, `ZONE_CODE`, `COUNTRY_ID`) VALUES (71,'NDS',78);
INSERT INTO `zone` (`ZONE_ID`, `ZONE_CODE`, `COUNTRY_ID`) VALUES (72,'SO',204);
INSERT INTO `zone` (`ZONE_ID`, `ZONE_CODE`, `COUNTRY_ID`) VALUES (73,'CA',224);
INSERT INTO `zone` (`ZONE_ID`, `ZONE_CODE`, `COUNTRY_ID`) VALUES (74,'NTAU',13);
INSERT INTO `zone` (`ZONE_ID`, `ZONE_CODE`, `COUNTRY_ID`) VALUES (75,'ST',14);
INSERT INTO `zone` (`ZONE_ID`, `ZONE_CODE`, `COUNTRY_ID`) VALUES (76,'KN',14);
INSERT INTO `zone` (`ZONE_ID`, `ZONE_CODE`, `COUNTRY_ID`) VALUES (77,'Jaen',197);
INSERT INTO `zone` (`ZONE_ID`, `ZONE_CODE`, `COUNTRY_ID`) VALUES (78,'ASU',166);
INSERT INTO `zone` (`ZONE_ID`, `ZONE_CODE`, `COUNTRY_ID`) VALUES (79,'CiudadReal',197);
INSERT INTO `zone` (`ZONE_ID`, `ZONE_CODE`, `COUNTRY_ID`) VALUES (80,'SZ',204);
INSERT INTO `zone` (`ZONE_ID`, `ZONE_CODE`, `COUNTRY_ID`) VALUES (81,'Alava',197);
INSERT INTO `zone` (`ZONE_ID`, `ZONE_CODE`, `COUNTRY_ID`) VALUES (82,'KS',224);
INSERT INTO `zone` (`ZONE_ID`, `ZONE_CODE`, `COUNTRY_ID`) VALUES (83,'CO',224);
INSERT INTO `zone` (`ZONE_ID`, `ZONE_CODE`, `COUNTRY_ID`) VALUES (84,'KY',224);
INSERT INTO `zone` (`ZONE_ID`, `ZONE_CODE`, `COUNTRY_ID`) VALUES (85,'BER',78);
INSERT INTO `zone` (`ZONE_ID`, `ZONE_CODE`, `COUNTRY_ID`) VALUES (86,'CT',224);
INSERT INTO `zone` (`ZONE_ID`, `ZONE_CODE`, `COUNTRY_ID`) VALUES (87,'ACT',13);
INSERT INTO `zone` (`ZONE_ID`, `ZONE_CODE`, `COUNTRY_ID`) VALUES (88,'TG',204);
INSERT INTO `zone` (`ZONE_ID`, `ZONE_CODE`, `COUNTRY_ID`) VALUES (89,'LA',224);
INSERT INTO `zone` (`ZONE_ID`, `ZONE_CODE`, `COUNTRY_ID`) VALUES (90,'HAM',78);
INSERT INTO `zone` (`ZONE_ID`, `ZONE_CODE`, `COUNTRY_ID`) VALUES (91,'TI',204);
INSERT INTO `zone` (`ZONE_ID`, `ZONE_CODE`, `COUNTRY_ID`) VALUES (92,'Lugo',197);
INSERT INTO `zone` (`ZONE_ID`, `ZONE_CODE`, `COUNTRY_ID`) VALUES (93,'NECH',204);
INSERT INTO `zone` (`ZONE_ID`, `ZONE_CODE`, `COUNTRY_ID`) VALUES (94,'TN',224);
INSERT INTO `zone` (`ZONE_ID`, `ZONE_CODE`, `COUNTRY_ID`) VALUES (95,'Toledo',197);
INSERT INTO `zone` (`ZONE_ID`, `ZONE_CODE`, `COUNTRY_ID`) VALUES (96,'DC',224);
INSERT INTO `zone` (`ZONE_ID`, `ZONE_CODE`, `COUNTRY_ID`) VALUES (97,'Palencia',197);
INSERT INTO `zone` (`ZONE_ID`, `ZONE_CODE`, `COUNTRY_ID`) VALUES (98,'DE',224);
INSERT INTO `zone` (`ZONE_ID`, `ZONE_CODE`, `COUNTRY_ID`) VALUES (99,'TX',224);
INSERT INTO `zone` (`ZONE_ID`, `ZONE_CODE`, `COUNTRY_ID`) VALUES (100,'TAS',13);
INSERT INTO `zone` (`ZONE_ID`, `ZONE_CODE`, `COUNTRY_ID`) VALUES (101,'QLD',13);
INSERT INTO `zone` (`ZONE_ID`, `ZONE_CODE`, `COUNTRY_ID`) VALUES (102,'LU',204);
INSERT INTO `zone` (`ZONE_ID`, `ZONE_CODE`, `COUNTRY_ID`) VALUES (103,'Burgos',197);
INSERT INTO `zone` (`ZONE_ID`, `ZONE_CODE`, `COUNTRY_ID`) VALUES (104,'Cadiz',197);
INSERT INTO `zone` (`ZONE_ID`, `ZONE_CODE`, `COUNTRY_ID`) VALUES (105,'SantaCruzdeTenerife',197);
INSERT INTO `zone` (`ZONE_ID`, `ZONE_CODE`, `COUNTRY_ID`) VALUES (106,'MA',224);
INSERT INTO `zone` (`ZONE_ID`, `ZONE_CODE`, `COUNTRY_ID`) VALUES (107,'MB',37);
INSERT INTO `zone` (`ZONE_ID`, `ZONE_CODE`, `COUNTRY_ID`) VALUES (108,'MD',224);
INSERT INTO `zone` (`ZONE_ID`, `ZONE_CODE`, `COUNTRY_ID`) VALUES (109,'Girona',197);
INSERT INTO `zone` (`ZONE_ID`, `ZONE_CODE`, `COUNTRY_ID`) VALUES (110,'ME',224);
INSERT INTO `zone` (`ZONE_ID`, `ZONE_CODE`, `COUNTRY_ID`) VALUES (111,'Alicante',197);
INSERT INTO `zone` (`ZONE_ID`, `ZONE_CODE`, `COUNTRY_ID`) VALUES (112,'Guadalajara',197);
INSERT INTO `zone` (`ZONE_ID`, `ZONE_CODE`, `COUNTRY_ID`) VALUES (113,'Cantabria',197);
INSERT INTO `zone` (`ZONE_ID`, `ZONE_CODE`, `COUNTRY_ID`) VALUES (114,'MH',224);
INSERT INTO `zone` (`ZONE_ID`, `ZONE_CODE`, `COUNTRY_ID`) VALUES (115,'MI',224);
INSERT INTO `zone` (`ZONE_ID`, `ZONE_CODE`, `COUNTRY_ID`) VALUES (116,'UR',204);
INSERT INTO `zone` (`ZONE_ID`, `ZONE_CODE`, `COUNTRY_ID`) VALUES (117,'UT',224);
INSERT INTO `zone` (`ZONE_ID`, `ZONE_CODE`, `COUNTRY_ID`) VALUES (118,'MN',224);
INSERT INTO `zone` (`ZONE_ID`, `ZONE_CODE`, `COUNTRY_ID`) VALUES (119,'MO',224);
INSERT INTO `zone` (`ZONE_ID`, `ZONE_CODE`, `COUNTRY_ID`) VALUES (120,'MP',224);
INSERT INTO `zone` (`ZONE_ID`, `ZONE_CODE`, `COUNTRY_ID`) VALUES (121,'Barcelona',197);
INSERT INTO `zone` (`ZONE_ID`, `ZONE_CODE`, `COUNTRY_ID`) VALUES (122,'MS',224);
INSERT INTO `zone` (`ZONE_ID`, `ZONE_CODE`, `COUNTRY_ID`) VALUES (123,'MT',224);
INSERT INTO `zone` (`ZONE_ID`, `ZONE_CODE`, `COUNTRY_ID`) VALUES (124,'Badajoz',197);
INSERT INTO `zone` (`ZONE_ID`, `ZONE_CODE`, `COUNTRY_ID`) VALUES (125,'MEC',78);
INSERT INTO `zone` (`ZONE_ID`, `ZONE_CODE`, `COUNTRY_ID`) VALUES (126,'VA',224);
INSERT INTO `zone` (`ZONE_ID`, `ZONE_CODE`, `COUNTRY_ID`) VALUES (127,'VB',14);
INSERT INTO `zone` (`ZONE_ID`, `ZONE_CODE`, `COUNTRY_ID`) VALUES (128,'Cuenca',197);
INSERT INTO `zone` (`ZONE_ID`, `ZONE_CODE`, `COUNTRY_ID`) VALUES (129,'WIAT',14);
INSERT INTO `zone` (`ZONE_ID`, `ZONE_CODE`, `COUNTRY_ID`) VALUES (130,'VD',204);
INSERT INTO `zone` (`ZONE_ID`, `ZONE_CODE`, `COUNTRY_ID`) VALUES (131,'Sevilla',197);
INSERT INTO `zone` (`ZONE_ID`, `ZONE_CODE`, `COUNTRY_ID`) VALUES (132,'VI',224);
INSERT INTO `zone` (`ZONE_ID`, `ZONE_CODE`, `COUNTRY_ID`) VALUES (133,'Zaragoza',197);
INSERT INTO `zone` (`ZONE_ID`, `ZONE_CODE`, `COUNTRY_ID`) VALUES (134,'NB',37);
INSERT INTO `zone` (`ZONE_ID`, `ZONE_CODE`, `COUNTRY_ID`) VALUES (135,'SAC',78);
INSERT INTO `zone` (`ZONE_ID`, `ZONE_CODE`, `COUNTRY_ID`) VALUES (136,'NC',224);
INSERT INTO `zone` (`ZONE_ID`, `ZONE_CODE`, `COUNTRY_ID`) VALUES (137,'ND',224);
INSERT INTO `zone` (`ZONE_ID`, `ZONE_CODE`, `COUNTRY_ID`) VALUES (138,'NE',224);
INSERT INTO `zone` (`ZONE_ID`, `ZONE_CODE`, `COUNTRY_ID`) VALUES (139,'NF',37);
INSERT INTO `zone` (`ZONE_ID`, `ZONE_CODE`, `COUNTRY_ID`) VALUES (140,'NH',224);
INSERT INTO `zone` (`ZONE_ID`, `ZONE_CODE`, `COUNTRY_ID`) VALUES (141,'NJ',224);
INSERT INTO `zone` (`ZONE_ID`, `ZONE_CODE`, `COUNTRY_ID`) VALUES (142,'VS',204);
INSERT INTO `zone` (`ZONE_ID`, `ZONE_CODE`, `COUNTRY_ID`) VALUES (143,'VT',224);
INSERT INTO `zone` (`ZONE_ID`, `ZONE_CODE`, `COUNTRY_ID`) VALUES (144,'NM',224);
INSERT INTO `zone` (`ZONE_ID`, `ZONE_CODE`, `COUNTRY_ID`) VALUES (145,'NO',14);
INSERT INTO `zone` (`ZONE_ID`, `ZONE_CODE`, `COUNTRY_ID`) VALUES (146,'SAS',78);
INSERT INTO `zone` (`ZONE_ID`, `ZONE_CODE`, `COUNTRY_ID`) VALUES (147,'NS',37);
INSERT INTO `zone` (`ZONE_ID`, `ZONE_CODE`, `COUNTRY_ID`) VALUES (148,'SAR',78);
INSERT INTO `zone` (`ZONE_ID`, `ZONE_CODE`, `COUNTRY_ID`) VALUES (149,'FL',224);
INSERT INTO `zone` (`ZONE_ID`, `ZONE_CODE`, `COUNTRY_ID`) VALUES (150,'NT',37);
INSERT INTO `zone` (`ZONE_ID`, `ZONE_CODE`, `COUNTRY_ID`) VALUES (151,'FM',224);
INSERT INTO `zone` (`ZONE_ID`, `ZONE_CODE`, `COUNTRY_ID`) VALUES (152,'NU',37);
INSERT INTO `zone` (`ZONE_ID`, `ZONE_CODE`, `COUNTRY_ID`) VALUES (153,'NV',224);
INSERT INTO `zone` (`ZONE_ID`, `ZONE_CODE`, `COUNTRY_ID`) VALUES (154,'NW',204);
INSERT INTO `zone` (`ZONE_ID`, `ZONE_CODE`, `COUNTRY_ID`) VALUES (155,'WA',224);
INSERT INTO `zone` (`ZONE_ID`, `ZONE_CODE`, `COUNTRY_ID`) VALUES (156,'NY',224);
INSERT INTO `zone` (`ZONE_ID`, `ZONE_CODE`, `COUNTRY_ID`) VALUES (157,'Granada',197);
INSERT INTO `zone` (`ZONE_ID`, `ZONE_CODE`, `COUNTRY_ID`) VALUES (158,'Soria',197);
INSERT INTO `zone` (`ZONE_ID`, `ZONE_CODE`, `COUNTRY_ID`) VALUES (159,'FR',204);
INSERT INTO `zone` (`ZONE_ID`, `ZONE_CODE`, `COUNTRY_ID`) VALUES (160,'RHE',78);
INSERT INTO `zone` (`ZONE_ID`, `ZONE_CODE`, `COUNTRY_ID`) VALUES (161,'Ourense',197);
INSERT INTO `zone` (`ZONE_ID`, `ZONE_CODE`, `COUNTRY_ID`) VALUES (162,'WI',224);
INSERT INTO `zone` (`ZONE_ID`, `ZONE_CODE`, `COUNTRY_ID`) VALUES (163,'OH',224);
INSERT INTO `zone` (`ZONE_ID`, `ZONE_CODE`, `COUNTRY_ID`) VALUES (164,'GA',224);
INSERT INTO `zone` (`ZONE_ID`, `ZONE_CODE`, `COUNTRY_ID`) VALUES (165,'Murcia',197);
INSERT INTO `zone` (`ZONE_ID`, `ZONE_CODE`, `COUNTRY_ID`) VALUES (166,'OK',224);
INSERT INTO `zone` (`ZONE_ID`, `ZONE_CODE`, `COUNTRY_ID`) VALUES (167,'GE',204);
INSERT INTO `zone` (`ZONE_ID`, `ZONE_CODE`, `COUNTRY_ID`) VALUES (168,'WV',224);
INSERT INTO `zone` (`ZONE_ID`, `ZONE_CODE`, `COUNTRY_ID`) VALUES (169,'ON',37);
INSERT INTO `zone` (`ZONE_ID`, `ZONE_CODE`, `COUNTRY_ID`) VALUES (170,'OO',14);
INSERT INTO `zone` (`ZONE_ID`, `ZONE_CODE`, `COUNTRY_ID`) VALUES (171,'WY',224);
INSERT INTO `zone` (`ZONE_ID`, `ZONE_CODE`, `COUNTRY_ID`) VALUES (172,'BLAT',14);
INSERT INTO `zone` (`ZONE_ID`, `ZONE_CODE`, `COUNTRY_ID`) VALUES (173,'Avila',197);
INSERT INTO `zone` (`ZONE_ID`, `ZONE_CODE`, `COUNTRY_ID`) VALUES (174,'OR',224);
INSERT INTO `zone` (`ZONE_ID`, `ZONE_CODE`, `COUNTRY_ID`) VALUES (175,'Salamanca',197);
INSERT INTO `zone` (`ZONE_ID`, `ZONE_CODE`, `COUNTRY_ID`) VALUES (176,'GL',204);
INSERT INTO `zone` (`ZONE_ID`, `ZONE_CODE`, `COUNTRY_ID`) VALUES (177,'Baleares',197);
INSERT INTO `zone` (`ZONE_ID`, `ZONE_CODE`, `COUNTRY_ID`) VALUES (178,'OW',204);
INSERT INTO `zone` (`ZONE_ID`, `ZONE_CODE`, `COUNTRY_ID`) VALUES (179,'GR',204);
INSERT INTO `zone` (`ZONE_ID`, `ZONE_CODE`, `COUNTRY_ID`) VALUES (180,'GU',224);
INSERT INTO `zone` (`ZONE_ID`, `ZONE_CODE`, `COUNTRY_ID`) VALUES (181,'PA',224);
INSERT INTO `zone` (`ZONE_ID`, `ZONE_CODE`, `COUNTRY_ID`) VALUES (182,'VIC',13);
INSERT INTO `zone` (`ZONE_ID`, `ZONE_CODE`, `COUNTRY_ID`) VALUES (183,'BRE',78);
INSERT INTO `zone` (`ZONE_ID`, `ZONE_CODE`, `COUNTRY_ID`) VALUES (184,'PE',37);
INSERT INTO `zone` (`ZONE_ID`, `ZONE_CODE`, `COUNTRY_ID`) VALUES (185,'BRG',78);
INSERT INTO `zone` (`ZONE_ID`, `ZONE_CODE`, `COUNTRY_ID`) VALUES (186,'HES',78);
INSERT INTO `zone` (`ZONE_ID`, `ZONE_CODE`, `COUNTRY_ID`) VALUES (187,'Almeria',197);
INSERT INTO `zone` (`ZONE_ID`, `ZONE_CODE`, `COUNTRY_ID`) VALUES (188,'BAW',78);
INSERT INTO `zone` (`ZONE_ID`, `ZONE_CODE`, `COUNTRY_ID`) VALUES (189,'BAY',78);
INSERT INTO `zone` (`ZONE_ID`, `ZONE_CODE`, `COUNTRY_ID`) VALUES (190,'Navarra',197);
INSERT INTO `zone` (`ZONE_ID`, `ZONE_CODE`, `COUNTRY_ID`) VALUES (191,'Valencia',197);
INSERT INTO `zone` (`ZONE_ID`, `ZONE_CODE`, `COUNTRY_ID`) VALUES (192,'SCN',78);
INSERT INTO `zone` (`ZONE_ID`, `ZONE_CODE`, `COUNTRY_ID`) VALUES (193,'AndhraPradesh',97);
INSERT INTO `zone` (`ZONE_ID`, `ZONE_CODE`, `COUNTRY_ID`) VALUES (194,'ArunachalPradesh',97);
INSERT INTO `zone` (`ZONE_ID`, `ZONE_CODE`, `COUNTRY_ID`) VALUES (195,'Assam',97);
INSERT INTO `zone` (`ZONE_ID`, `ZONE_CODE`, `COUNTRY_ID`) VALUES (196,'Bihar',97);
INSERT INTO `zone` (`ZONE_ID`, `ZONE_CODE`, `COUNTRY_ID`) VALUES (197,'Chhattisgarh',97);
INSERT INTO `zone` (`ZONE_ID`, `ZONE_CODE`, `COUNTRY_ID`) VALUES (198,'Goa',97);
INSERT INTO `zone` (`ZONE_ID`, `ZONE_CODE`, `COUNTRY_ID`) VALUES (199,'Gujarat',97);
INSERT INTO `zone` (`ZONE_ID`, `ZONE_CODE`, `COUNTRY_ID`) VALUES (200,'Haryana',97);
INSERT INTO `zone` (`ZONE_ID`, `ZONE_CODE`, `COUNTRY_ID`) VALUES (201,'HimachalPradesh',97);
INSERT INTO `zone` (`ZONE_ID`, `ZONE_CODE`, `COUNTRY_ID`) VALUES (202,'Jharkhand',97);
INSERT INTO `zone` (`ZONE_ID`, `ZONE_CODE`, `COUNTRY_ID`) VALUES (203,'Karnataka',97);
INSERT INTO `zone` (`ZONE_ID`, `ZONE_CODE`, `COUNTRY_ID`) VALUES (204,'Kerala',97);
INSERT INTO `zone` (`ZONE_ID`, `ZONE_CODE`, `COUNTRY_ID`) VALUES (205,'MadhyaPradesh',97);
INSERT INTO `zone` (`ZONE_ID`, `ZONE_CODE`, `COUNTRY_ID`) VALUES (206,'Maharashtra',97);
INSERT INTO `zone` (`ZONE_ID`, `ZONE_CODE`, `COUNTRY_ID`) VALUES (207,'Manipur',97);
INSERT INTO `zone` (`ZONE_ID`, `ZONE_CODE`, `COUNTRY_ID`) VALUES (208,'Meghalaya',97);
INSERT INTO `zone` (`ZONE_ID`, `ZONE_CODE`, `COUNTRY_ID`) VALUES (209,'Mizoram',97);
INSERT INTO `zone` (`ZONE_ID`, `ZONE_CODE`, `COUNTRY_ID`) VALUES (210,'Nagaland',97);
INSERT INTO `zone` (`ZONE_ID`, `ZONE_CODE`, `COUNTRY_ID`) VALUES (211,'Odisha',97);
INSERT INTO `zone` (`ZONE_ID`, `ZONE_CODE`, `COUNTRY_ID`) VALUES (212,'Punjab',97);
INSERT INTO `zone` (`ZONE_ID`, `ZONE_CODE`, `COUNTRY_ID`) VALUES (213,'Rajasthan',97);
INSERT INTO `zone` (`ZONE_ID`, `ZONE_CODE`, `COUNTRY_ID`) VALUES (214,'Sikkim',97);
INSERT INTO `zone` (`ZONE_ID`, `ZONE_CODE`, `COUNTRY_ID`) VALUES (215,'TamilNadu',97);
INSERT INTO `zone` (`ZONE_ID`, `ZONE_CODE`, `COUNTRY_ID`) VALUES (216,'Telangana',97);
INSERT INTO `zone` (`ZONE_ID`, `ZONE_CODE`, `COUNTRY_ID`) VALUES (217,'Tripura',97);
INSERT INTO `zone` (`ZONE_ID`, `ZONE_CODE`, `COUNTRY_ID`) VALUES (218,'Uttarakhand',97);
INSERT INTO `zone` (`ZONE_ID`, `ZONE_CODE`, `COUNTRY_ID`) VALUES (219,'WestBengal',97);

--
-- Table structure for table `zone_description`
--

DROP TABLE IF EXISTS `zone_description`;
/*!40101 SET @saved_cs_client     = @@character_set_client */;
 SET character_set_client = utf8mb4 ;
CREATE TABLE `zone_description` (
  `DESCRIPTION_ID` bigint(20) NOT NULL,
  `DATE_CREATED` datetime DEFAULT NULL,
  `DATE_MODIFIED` datetime DEFAULT NULL,
  `UPDT_ID` varchar(60) DEFAULT NULL,
  `DESCRIPTION` longtext,
  `NAME` varchar(120) NOT NULL,
  `TITLE` varchar(100) DEFAULT NULL,
  `LANGUAGE_ID` int(11) NOT NULL,
  `ZONE_ID` bigint(20) NOT NULL,
  PRIMARY KEY (`DESCRIPTION_ID`),
  UNIQUE KEY `UKm64laxgrv9fxm6io232ap4su9` (`ZONE_ID`,`LANGUAGE_ID`),
  KEY `FK69ybu7r3bgpcq65c77ji1udh3` (`LANGUAGE_ID`),
  CONSTRAINT `FK69ybu7r3bgpcq65c77ji1udh3` FOREIGN KEY (`LANGUAGE_ID`) REFERENCES `language` (`LANGUAGE_ID`),
  CONSTRAINT `FKpv4elin6w3b03756obqvk447f` FOREIGN KEY (`ZONE_ID`) REFERENCES `zone` (`ZONE_ID`)
) ENGINE=InnoDB DEFAULT CHARSET=utf8;
/*!40101 SET character_set_client = @saved_cs_client */;

--
-- Dumping data for table `zone_description`
--

INSERT INTO `zone_description` (`DESCRIPTION_ID`, `DATE_CREATED`, `DATE_MODIFIED`, `UPDT_ID`, `DESCRIPTION`, `NAME`, `TITLE`, `LANGUAGE_ID`, `ZONE_ID`) VALUES (1,'2022-05-02 12:47:53','2022-05-02 12:47:53',NULL,NULL,'Guipuzcoa',NULL,1,1);
INSERT INTO `zone_description` (`DESCRIPTION_ID`, `DATE_CREATED`, `DATE_MODIFIED`, `UPDT_ID`, `DESCRIPTION`, `NAME`, `TITLE`, `LANGUAGE_ID`, `ZONE_ID`) VALUES (2,'2022-05-02 12:47:53','2022-05-02 12:47:53',NULL,NULL,'Guipuzcoa',NULL,2,1);
INSERT INTO `zone_description` (`DESCRIPTION_ID`, `DATE_CREATED`, `DATE_MODIFIED`, `UPDT_ID`, `DESCRIPTION`, `NAME`, `TITLE`, `LANGUAGE_ID`, `ZONE_ID`) VALUES (3,'2022-05-02 12:47:53','2022-05-02 12:47:53',NULL,NULL,'Guipuzcoa',NULL,3,1);
INSERT INTO `zone_description` (`DESCRIPTION_ID`, `DATE_CREATED`, `DATE_MODIFIED`, `UPDT_ID`, `DESCRIPTION`, `NAME`, `TITLE`, `LANGUAGE_ID`, `ZONE_ID`) VALUES (4,'2022-05-02 12:47:53','2022-05-02 12:47:53',NULL,NULL,'Hawaii',NULL,1,2);
INSERT INTO `zone_description` (`DESCRIPTION_ID`, `DATE_CREATED`, `DATE_MODIFIED`, `UPDT_ID`, `DESCRIPTION`, `NAME`, `TITLE`, `LANGUAGE_ID`, `ZONE_ID`) VALUES (5,'2022-05-02 12:47:53','2022-05-02 12:47:53',NULL,NULL,'Hawaii',NULL,2,2);
INSERT INTO `zone_description` (`DESCRIPTION_ID`, `DATE_CREATED`, `DATE_MODIFIED`, `UPDT_ID`, `DESCRIPTION`, `NAME`, `TITLE`, `LANGUAGE_ID`, `ZONE_ID`) VALUES (6,'2022-05-02 12:47:53','2022-05-02 12:47:53',NULL,NULL,'Hawaii',NULL,3,2);
INSERT INTO `zone_description` (`DESCRIPTION_ID`, `DATE_CREATED`, `DATE_MODIFIED`, `UPDT_ID`, `DESCRIPTION`, `NAME`, `TITLE`, `LANGUAGE_ID`, `ZONE_ID`) VALUES (7,'2022-05-02 12:47:53','2022-05-02 12:47:53',NULL,NULL,'Puerto Rico',NULL,1,3);
INSERT INTO `zone_description` (`DESCRIPTION_ID`, `DATE_CREATED`, `DATE_MODIFIED`, `UPDT_ID`, `DESCRIPTION`, `NAME`, `TITLE`, `LANGUAGE_ID`, `ZONE_ID`) VALUES (8,'2022-05-02 12:47:53','2022-05-02 12:47:53',NULL,NULL,'Puerto Rico',NULL,2,3);
INSERT INTO `zone_description` (`DESCRIPTION_ID`, `DATE_CREATED`, `DATE_MODIFIED`, `UPDT_ID`, `DESCRIPTION`, `NAME`, `TITLE`, `LANGUAGE_ID`, `ZONE_ID`) VALUES (9,'2022-05-02 12:47:53','2022-05-02 12:47:53',NULL,NULL,'Puerto Rico',NULL,3,3);
INSERT INTO `zone_description` (`DESCRIPTION_ID`, `DATE_CREATED`, `DATE_MODIFIED`, `UPDT_ID`, `DESCRIPTION`, `NAME`, `TITLE`, `LANGUAGE_ID`, `ZONE_ID`) VALUES (10,'2022-05-02 12:47:53','2022-05-02 12:47:53',NULL,NULL,'Zamora',NULL,1,4);
INSERT INTO `zone_description` (`DESCRIPTION_ID`, `DATE_CREATED`, `DATE_MODIFIED`, `UPDT_ID`, `DESCRIPTION`, `NAME`, `TITLE`, `LANGUAGE_ID`, `ZONE_ID`) VALUES (11,'2022-05-02 12:47:53','2022-05-02 12:47:53',NULL,NULL,'Zamora',NULL,2,4);
INSERT INTO `zone_description` (`DESCRIPTION_ID`, `DATE_CREATED`, `DATE_MODIFIED`, `UPDT_ID`, `DESCRIPTION`, `NAME`, `TITLE`, `LANGUAGE_ID`, `ZONE_ID`) VALUES (12,'2022-05-02 12:47:53','2022-05-02 12:47:53',NULL,NULL,'Zamora',NULL,3,4);
INSERT INTO `zone_description` (`DESCRIPTION_ID`, `DATE_CREATED`, `DATE_MODIFIED`, `UPDT_ID`, `DESCRIPTION`, `NAME`, `TITLE`, `LANGUAGE_ID`, `ZONE_ID`) VALUES (13,'2022-05-02 12:47:53','2022-05-02 12:47:53',NULL,NULL,'Vizcaya',NULL,1,5);
INSERT INTO `zone_description` (`DESCRIPTION_ID`, `DATE_CREATED`, `DATE_MODIFIED`, `UPDT_ID`, `DESCRIPTION`, `NAME`, `TITLE`, `LANGUAGE_ID`, `ZONE_ID`) VALUES (14,'2022-05-02 12:47:53','2022-05-02 12:47:53',NULL,NULL,'Vizcaya',NULL,2,5);
INSERT INTO `zone_description` (`DESCRIPTION_ID`, `DATE_CREATED`, `DATE_MODIFIED`, `UPDT_ID`, `DESCRIPTION`, `NAME`, `TITLE`, `LANGUAGE_ID`, `ZONE_ID`) VALUES (15,'2022-05-02 12:47:53','2022-05-02 12:47:53',NULL,NULL,'Vizcaya',NULL,3,5);
INSERT INTO `zone_description` (`DESCRIPTION_ID`, `DATE_CREATED`, `DATE_MODIFIED`, `UPDT_ID`, `DESCRIPTION`, `NAME`, `TITLE`, `LANGUAGE_ID`, `ZONE_ID`) VALUES (16,'2022-05-02 12:47:53','2022-05-02 12:47:53',NULL,NULL,'Other',NULL,1,6);
INSERT INTO `zone_description` (`DESCRIPTION_ID`, `DATE_CREATED`, `DATE_MODIFIED`, `UPDT_ID`, `DESCRIPTION`, `NAME`, `TITLE`, `LANGUAGE_ID`, `ZONE_ID`) VALUES (17,'2022-05-02 12:47:53','2022-05-02 12:47:53',NULL,NULL,'Otro',NULL,3,6);
INSERT INTO `zone_description` (`DESCRIPTION_ID`, `DATE_CREATED`, `DATE_MODIFIED`, `UPDT_ID`, `DESCRIPTION`, `NAME`, `TITLE`, `LANGUAGE_ID`, `ZONE_ID`) VALUES (18,'2022-05-02 12:47:53','2022-05-02 12:47:53',NULL,NULL,'Albacete',NULL,1,7);
INSERT INTO `zone_description` (`DESCRIPTION_ID`, `DATE_CREATED`, `DATE_MODIFIED`, `UPDT_ID`, `DESCRIPTION`, `NAME`, `TITLE`, `LANGUAGE_ID`, `ZONE_ID`) VALUES (19,'2022-05-02 12:47:53','2022-05-02 12:47:53',NULL,NULL,'Albacete',NULL,2,7);
INSERT INTO `zone_description` (`DESCRIPTION_ID`, `DATE_CREATED`, `DATE_MODIFIED`, `UPDT_ID`, `DESCRIPTION`, `NAME`, `TITLE`, `LANGUAGE_ID`, `ZONE_ID`) VALUES (20,'2022-05-02 12:47:53','2022-05-02 12:47:53',NULL,NULL,'Albacete',NULL,3,7);
INSERT INTO `zone_description` (`DESCRIPTION_ID`, `DATE_CREATED`, `DATE_MODIFIED`, `UPDT_ID`, `DESCRIPTION`, `NAME`, `TITLE`, `LANGUAGE_ID`, `ZONE_ID`) VALUES (21,'2022-05-02 12:47:53','2022-05-02 12:47:53',NULL,NULL,'Lleida',NULL,1,8);
INSERT INTO `zone_description` (`DESCRIPTION_ID`, `DATE_CREATED`, `DATE_MODIFIED`, `UPDT_ID`, `DESCRIPTION`, `NAME`, `TITLE`, `LANGUAGE_ID`, `ZONE_ID`) VALUES (22,'2022-05-02 12:47:53','2022-05-02 12:47:53',NULL,NULL,'Lleida',NULL,2,8);
INSERT INTO `zone_description` (`DESCRIPTION_ID`, `DATE_CREATED`, `DATE_MODIFIED`, `UPDT_ID`, `DESCRIPTION`, `NAME`, `TITLE`, `LANGUAGE_ID`, `ZONE_ID`) VALUES (23,'2022-05-02 12:47:53','2022-05-02 12:47:53',NULL,NULL,'Lleida',NULL,3,8);
INSERT INTO `zone_description` (`DESCRIPTION_ID`, `DATE_CREATED`, `DATE_MODIFIED`, `UPDT_ID`, `DESCRIPTION`, `NAME`, `TITLE`, `LANGUAGE_ID`, `ZONE_ID`) VALUES (24,'2022-05-02 12:47:53','2022-05-02 12:47:53',NULL,NULL,'Quebec',NULL,1,9);
INSERT INTO `zone_description` (`DESCRIPTION_ID`, `DATE_CREATED`, `DATE_MODIFIED`, `UPDT_ID`, `DESCRIPTION`, `NAME`, `TITLE`, `LANGUAGE_ID`, `ZONE_ID`) VALUES (25,'2022-05-02 12:47:53','2022-05-02 12:47:53',NULL,NULL,'Québec',NULL,2,9);
INSERT INTO `zone_description` (`DESCRIPTION_ID`, `DATE_CREATED`, `DATE_MODIFIED`, `UPDT_ID`, `DESCRIPTION`, `NAME`, `TITLE`, `LANGUAGE_ID`, `ZONE_ID`) VALUES (26,'2022-05-02 12:47:53','2022-05-02 12:47:53',NULL,NULL,'Quebec',NULL,3,9);
INSERT INTO `zone_description` (`DESCRIPTION_ID`, `DATE_CREATED`, `DATE_MODIFIED`, `UPDT_ID`, `DESCRIPTION`, `NAME`, `TITLE`, `LANGUAGE_ID`, `ZONE_ID`) VALUES (27,'2022-05-02 12:47:53','2022-05-02 12:47:53',NULL,NULL,'Nordrhein-Westfalen',NULL,1,10);
INSERT INTO `zone_description` (`DESCRIPTION_ID`, `DATE_CREATED`, `DATE_MODIFIED`, `UPDT_ID`, `DESCRIPTION`, `NAME`, `TITLE`, `LANGUAGE_ID`, `ZONE_ID`) VALUES (28,'2022-05-02 12:47:53','2022-05-02 12:47:53',NULL,NULL,'Nordrhein-Westfalen',NULL,2,10);
INSERT INTO `zone_description` (`DESCRIPTION_ID`, `DATE_CREATED`, `DATE_MODIFIED`, `UPDT_ID`, `DESCRIPTION`, `NAME`, `TITLE`, `LANGUAGE_ID`, `ZONE_ID`) VALUES (29,'2022-05-02 12:47:53','2022-05-02 12:47:53',NULL,NULL,'Nordrhein-Westfalen',NULL,3,10);
INSERT INTO `zone_description` (`DESCRIPTION_ID`, `DATE_CREATED`, `DATE_MODIFIED`, `UPDT_ID`, `DESCRIPTION`, `NAME`, `TITLE`, `LANGUAGE_ID`, `ZONE_ID`) VALUES (30,'2022-05-02 12:47:53','2022-05-02 12:47:53',NULL,NULL,'Iowa',NULL,1,11);
INSERT INTO `zone_description` (`DESCRIPTION_ID`, `DATE_CREATED`, `DATE_MODIFIED`, `UPDT_ID`, `DESCRIPTION`, `NAME`, `TITLE`, `LANGUAGE_ID`, `ZONE_ID`) VALUES (31,'2022-05-02 12:47:53','2022-05-02 12:47:53',NULL,NULL,'Iowa',NULL,2,11);
INSERT INTO `zone_description` (`DESCRIPTION_ID`, `DATE_CREATED`, `DATE_MODIFIED`, `UPDT_ID`, `DESCRIPTION`, `NAME`, `TITLE`, `LANGUAGE_ID`, `ZONE_ID`) VALUES (32,'2022-05-02 12:47:53','2022-05-02 12:47:53',NULL,NULL,'Iowa',NULL,3,11);
INSERT INTO `zone_description` (`DESCRIPTION_ID`, `DATE_CREATED`, `DATE_MODIFIED`, `UPDT_ID`, `DESCRIPTION`, `NAME`, `TITLE`, `LANGUAGE_ID`, `ZONE_ID`) VALUES (33,'2022-05-02 12:47:54','2022-05-02 12:47:54',NULL,NULL,'Idaho',NULL,1,12);
INSERT INTO `zone_description` (`DESCRIPTION_ID`, `DATE_CREATED`, `DATE_MODIFIED`, `UPDT_ID`, `DESCRIPTION`, `NAME`, `TITLE`, `LANGUAGE_ID`, `ZONE_ID`) VALUES (34,'2022-05-02 12:47:54','2022-05-02 12:47:54',NULL,NULL,'Idaho',NULL,2,12);
INSERT INTO `zone_description` (`DESCRIPTION_ID`, `DATE_CREATED`, `DATE_MODIFIED`, `UPDT_ID`, `DESCRIPTION`, `NAME`, `TITLE`, `LANGUAGE_ID`, `ZONE_ID`) VALUES (35,'2022-05-02 12:47:54','2022-05-02 12:47:54',NULL,NULL,'Idaho',NULL,3,12);
INSERT INTO `zone_description` (`DESCRIPTION_ID`, `DATE_CREATED`, `DATE_MODIFIED`, `UPDT_ID`, `DESCRIPTION`, `NAME`, `TITLE`, `LANGUAGE_ID`, `ZONE_ID`) VALUES (36,'2022-05-02 12:47:54','2022-05-02 12:47:54',NULL,NULL,'Yukon Territory',NULL,1,13);
INSERT INTO `zone_description` (`DESCRIPTION_ID`, `DATE_CREATED`, `DATE_MODIFIED`, `UPDT_ID`, `DESCRIPTION`, `NAME`, `TITLE`, `LANGUAGE_ID`, `ZONE_ID`) VALUES (37,'2022-05-02 12:47:54','2022-05-02 12:47:54',NULL,NULL,'Yukon',NULL,2,13);
INSERT INTO `zone_description` (`DESCRIPTION_ID`, `DATE_CREATED`, `DATE_MODIFIED`, `UPDT_ID`, `DESCRIPTION`, `NAME`, `TITLE`, `LANGUAGE_ID`, `ZONE_ID`) VALUES (38,'2022-05-02 12:47:54','2022-05-02 12:47:54',NULL,NULL,'Yukon Territory',NULL,3,13);
INSERT INTO `zone_description` (`DESCRIPTION_ID`, `DATE_CREATED`, `DATE_MODIFIED`, `UPDT_ID`, `DESCRIPTION`, `NAME`, `TITLE`, `LANGUAGE_ID`, `ZONE_ID`) VALUES (39,'2022-05-02 12:47:54','2022-05-02 12:47:54',NULL,NULL,'Leon',NULL,1,14);
INSERT INTO `zone_description` (`DESCRIPTION_ID`, `DATE_CREATED`, `DATE_MODIFIED`, `UPDT_ID`, `DESCRIPTION`, `NAME`, `TITLE`, `LANGUAGE_ID`, `ZONE_ID`) VALUES (40,'2022-05-02 12:47:54','2022-05-02 12:47:54',NULL,NULL,'Leon',NULL,2,14);
INSERT INTO `zone_description` (`DESCRIPTION_ID`, `DATE_CREATED`, `DATE_MODIFIED`, `UPDT_ID`, `DESCRIPTION`, `NAME`, `TITLE`, `LANGUAGE_ID`, `ZONE_ID`) VALUES (41,'2022-05-02 12:47:54','2022-05-02 12:47:54',NULL,NULL,'Leon',NULL,3,14);
INSERT INTO `zone_description` (`DESCRIPTION_ID`, `DATE_CREATED`, `DATE_MODIFIED`, `UPDT_ID`, `DESCRIPTION`, `NAME`, `TITLE`, `LANGUAGE_ID`, `ZONE_ID`) VALUES (42,'2022-05-02 12:47:54','2022-05-02 12:47:54',NULL,NULL,'A Corua',NULL,1,15);
INSERT INTO `zone_description` (`DESCRIPTION_ID`, `DATE_CREATED`, `DATE_MODIFIED`, `UPDT_ID`, `DESCRIPTION`, `NAME`, `TITLE`, `LANGUAGE_ID`, `ZONE_ID`) VALUES (43,'2022-05-02 12:47:54','2022-05-02 12:47:54',NULL,NULL,'A Corua',NULL,3,15);
INSERT INTO `zone_description` (`DESCRIPTION_ID`, `DATE_CREATED`, `DATE_MODIFIED`, `UPDT_ID`, `DESCRIPTION`, `NAME`, `TITLE`, `LANGUAGE_ID`, `ZONE_ID`) VALUES (44,'2022-05-02 12:47:54','2022-05-02 12:47:54',NULL,NULL,'Castellon',NULL,1,16);
INSERT INTO `zone_description` (`DESCRIPTION_ID`, `DATE_CREATED`, `DATE_MODIFIED`, `UPDT_ID`, `DESCRIPTION`, `NAME`, `TITLE`, `LANGUAGE_ID`, `ZONE_ID`) VALUES (45,'2022-05-02 12:47:54','2022-05-02 12:47:54',NULL,NULL,'Castellon',NULL,2,16);
INSERT INTO `zone_description` (`DESCRIPTION_ID`, `DATE_CREATED`, `DATE_MODIFIED`, `UPDT_ID`, `DESCRIPTION`, `NAME`, `TITLE`, `LANGUAGE_ID`, `ZONE_ID`) VALUES (46,'2022-05-02 12:47:54','2022-05-02 12:47:54',NULL,NULL,'Castellon',NULL,3,16);
INSERT INTO `zone_description` (`DESCRIPTION_ID`, `DATE_CREATED`, `DATE_MODIFIED`, `UPDT_ID`, `DESCRIPTION`, `NAME`, `TITLE`, `LANGUAGE_ID`, `ZONE_ID`) VALUES (47,'2022-05-02 12:47:54','2022-05-02 12:47:54',NULL,NULL,'Las Palmas',NULL,1,17);
INSERT INTO `zone_description` (`DESCRIPTION_ID`, `DATE_CREATED`, `DATE_MODIFIED`, `UPDT_ID`, `DESCRIPTION`, `NAME`, `TITLE`, `LANGUAGE_ID`, `ZONE_ID`) VALUES (48,'2022-05-02 12:47:54','2022-05-02 12:47:54',NULL,NULL,'Las Palmas',NULL,2,17);
INSERT INTO `zone_description` (`DESCRIPTION_ID`, `DATE_CREATED`, `DATE_MODIFIED`, `UPDT_ID`, `DESCRIPTION`, `NAME`, `TITLE`, `LANGUAGE_ID`, `ZONE_ID`) VALUES (49,'2022-05-02 12:47:54','2022-05-02 12:47:54',NULL,NULL,'Las Palmas',NULL,3,17);
INSERT INTO `zone_description` (`DESCRIPTION_ID`, `DATE_CREATED`, `DATE_MODIFIED`, `UPDT_ID`, `DESCRIPTION`, `NAME`, `TITLE`, `LANGUAGE_ID`, `ZONE_ID`) VALUES (50,'2022-05-02 12:47:54','2022-05-02 12:47:54',NULL,NULL,'Pontevedra',NULL,1,18);
INSERT INTO `zone_description` (`DESCRIPTION_ID`, `DATE_CREATED`, `DATE_MODIFIED`, `UPDT_ID`, `DESCRIPTION`, `NAME`, `TITLE`, `LANGUAGE_ID`, `ZONE_ID`) VALUES (51,'2022-05-02 12:47:54','2022-05-02 12:47:54',NULL,NULL,'Pontevedra',NULL,2,18);
INSERT INTO `zone_description` (`DESCRIPTION_ID`, `DATE_CREATED`, `DATE_MODIFIED`, `UPDT_ID`, `DESCRIPTION`, `NAME`, `TITLE`, `LANGUAGE_ID`, `ZONE_ID`) VALUES (52,'2022-05-02 12:47:54','2022-05-02 12:47:54',NULL,NULL,'Pontevedra',NULL,3,18);
INSERT INTO `zone_description` (`DESCRIPTION_ID`, `DATE_CREATED`, `DATE_MODIFIED`, `UPDT_ID`, `DESCRIPTION`, `NAME`, `TITLE`, `LANGUAGE_ID`, `ZONE_ID`) VALUES (53,'2022-05-02 12:47:54','2022-05-02 12:47:54',NULL,NULL,'Armed Forces Americas',NULL,1,19);
INSERT INTO `zone_description` (`DESCRIPTION_ID`, `DATE_CREATED`, `DATE_MODIFIED`, `UPDT_ID`, `DESCRIPTION`, `NAME`, `TITLE`, `LANGUAGE_ID`, `ZONE_ID`) VALUES (54,'2022-05-02 12:47:54','2022-05-02 12:47:54',NULL,NULL,'Armed Forces Americas',NULL,2,19);
INSERT INTO `zone_description` (`DESCRIPTION_ID`, `DATE_CREATED`, `DATE_MODIFIED`, `UPDT_ID`, `DESCRIPTION`, `NAME`, `TITLE`, `LANGUAGE_ID`, `ZONE_ID`) VALUES (55,'2022-05-02 12:47:54','2022-05-02 12:47:54',NULL,NULL,'Armed Forces Americas',NULL,3,19);
INSERT INTO `zone_description` (`DESCRIPTION_ID`, `DATE_CREATED`, `DATE_MODIFIED`, `UPDT_ID`, `DESCRIPTION`, `NAME`, `TITLE`, `LANGUAGE_ID`, `ZONE_ID`) VALUES (56,'2022-05-02 12:47:54','2022-05-02 12:47:54',NULL,NULL,'Teruel',NULL,1,20);
INSERT INTO `zone_description` (`DESCRIPTION_ID`, `DATE_CREATED`, `DATE_MODIFIED`, `UPDT_ID`, `DESCRIPTION`, `NAME`, `TITLE`, `LANGUAGE_ID`, `ZONE_ID`) VALUES (57,'2022-05-02 12:47:54','2022-05-02 12:47:54',NULL,NULL,'Teruel',NULL,2,20);
INSERT INTO `zone_description` (`DESCRIPTION_ID`, `DATE_CREATED`, `DATE_MODIFIED`, `UPDT_ID`, `DESCRIPTION`, `NAME`, `TITLE`, `LANGUAGE_ID`, `ZONE_ID`) VALUES (58,'2022-05-02 12:47:54','2022-05-02 12:47:54',NULL,NULL,'Teruel',NULL,3,20);
INSERT INTO `zone_description` (`DESCRIPTION_ID`, `DATE_CREATED`, `DATE_MODIFIED`, `UPDT_ID`, `DESCRIPTION`, `NAME`, `TITLE`, `LANGUAGE_ID`, `ZONE_ID`) VALUES (59,'2022-05-02 12:47:54','2022-05-02 12:47:54',NULL,NULL,'Alberta',NULL,1,21);
INSERT INTO `zone_description` (`DESCRIPTION_ID`, `DATE_CREATED`, `DATE_MODIFIED`, `UPDT_ID`, `DESCRIPTION`, `NAME`, `TITLE`, `LANGUAGE_ID`, `ZONE_ID`) VALUES (60,'2022-05-02 12:47:54','2022-05-02 12:47:54',NULL,NULL,'Alberta',NULL,2,21);
INSERT INTO `zone_description` (`DESCRIPTION_ID`, `DATE_CREATED`, `DATE_MODIFIED`, `UPDT_ID`, `DESCRIPTION`, `NAME`, `TITLE`, `LANGUAGE_ID`, `ZONE_ID`) VALUES (61,'2022-05-02 12:47:54','2022-05-02 12:47:54',NULL,NULL,'Alberta',NULL,3,21);
INSERT INTO `zone_description` (`DESCRIPTION_ID`, `DATE_CREATED`, `DATE_MODIFIED`, `UPDT_ID`, `DESCRIPTION`, `NAME`, `TITLE`, `LANGUAGE_ID`, `ZONE_ID`) VALUES (62,'2022-05-02 12:47:54','2022-05-02 12:47:54',NULL,NULL,'Armed Forces Canada',NULL,1,22);
INSERT INTO `zone_description` (`DESCRIPTION_ID`, `DATE_CREATED`, `DATE_MODIFIED`, `UPDT_ID`, `DESCRIPTION`, `NAME`, `TITLE`, `LANGUAGE_ID`, `ZONE_ID`) VALUES (63,'2022-05-02 12:47:54','2022-05-02 12:47:54',NULL,NULL,'Armed Forces Canada',NULL,2,22);
INSERT INTO `zone_description` (`DESCRIPTION_ID`, `DATE_CREATED`, `DATE_MODIFIED`, `UPDT_ID`, `DESCRIPTION`, `NAME`, `TITLE`, `LANGUAGE_ID`, `ZONE_ID`) VALUES (64,'2022-05-02 12:47:54','2022-05-02 12:47:54',NULL,NULL,'Armed Forces Canada',NULL,3,22);
INSERT INTO `zone_description` (`DESCRIPTION_ID`, `DATE_CREATED`, `DATE_MODIFIED`, `UPDT_ID`, `DESCRIPTION`, `NAME`, `TITLE`, `LANGUAGE_ID`, `ZONE_ID`) VALUES (65,'2022-05-02 12:47:54','2022-05-02 12:47:54',NULL,NULL,'Illinois',NULL,1,23);
INSERT INTO `zone_description` (`DESCRIPTION_ID`, `DATE_CREATED`, `DATE_MODIFIED`, `UPDT_ID`, `DESCRIPTION`, `NAME`, `TITLE`, `LANGUAGE_ID`, `ZONE_ID`) VALUES (66,'2022-05-02 12:47:54','2022-05-02 12:47:54',NULL,NULL,'Illinois',NULL,2,23);
INSERT INTO `zone_description` (`DESCRIPTION_ID`, `DATE_CREATED`, `DATE_MODIFIED`, `UPDT_ID`, `DESCRIPTION`, `NAME`, `TITLE`, `LANGUAGE_ID`, `ZONE_ID`) VALUES (67,'2022-05-02 12:47:54','2022-05-02 12:47:54',NULL,NULL,'Illinois',NULL,3,23);
INSERT INTO `zone_description` (`DESCRIPTION_ID`, `DATE_CREATED`, `DATE_MODIFIED`, `UPDT_ID`, `DESCRIPTION`, `NAME`, `TITLE`, `LANGUAGE_ID`, `ZONE_ID`) VALUES (68,'2022-05-02 12:47:54','2022-05-02 12:47:54',NULL,NULL,'Armed Forces Europe',NULL,1,24);
INSERT INTO `zone_description` (`DESCRIPTION_ID`, `DATE_CREATED`, `DATE_MODIFIED`, `UPDT_ID`, `DESCRIPTION`, `NAME`, `TITLE`, `LANGUAGE_ID`, `ZONE_ID`) VALUES (69,'2022-05-02 12:47:55','2022-05-02 12:47:55',NULL,NULL,'Armed Forces Europe',NULL,2,24);
INSERT INTO `zone_description` (`DESCRIPTION_ID`, `DATE_CREATED`, `DATE_MODIFIED`, `UPDT_ID`, `DESCRIPTION`, `NAME`, `TITLE`, `LANGUAGE_ID`, `ZONE_ID`) VALUES (70,'2022-05-02 12:47:55','2022-05-02 12:47:55',NULL,NULL,'Armed Forces Europe',NULL,3,24);
INSERT INTO `zone_description` (`DESCRIPTION_ID`, `DATE_CREATED`, `DATE_MODIFIED`, `UPDT_ID`, `DESCRIPTION`, `NAME`, `TITLE`, `LANGUAGE_ID`, `ZONE_ID`) VALUES (71,'2022-05-02 12:47:55','2022-05-02 12:47:55',NULL,NULL,'Armed Forces Africa',NULL,1,25);
INSERT INTO `zone_description` (`DESCRIPTION_ID`, `DATE_CREATED`, `DATE_MODIFIED`, `UPDT_ID`, `DESCRIPTION`, `NAME`, `TITLE`, `LANGUAGE_ID`, `ZONE_ID`) VALUES (72,'2022-05-02 12:47:55','2022-05-02 12:47:55',NULL,NULL,'Armed Forces Africa',NULL,2,25);
INSERT INTO `zone_description` (`DESCRIPTION_ID`, `DATE_CREATED`, `DATE_MODIFIED`, `UPDT_ID`, `DESCRIPTION`, `NAME`, `TITLE`, `LANGUAGE_ID`, `ZONE_ID`) VALUES (73,'2022-05-02 12:47:55','2022-05-02 12:47:55',NULL,NULL,'Armed Forces Africa',NULL,3,25);
INSERT INTO `zone_description` (`DESCRIPTION_ID`, `DATE_CREATED`, `DATE_MODIFIED`, `UPDT_ID`, `DESCRIPTION`, `NAME`, `TITLE`, `LANGUAGE_ID`, `ZONE_ID`) VALUES (74,'2022-05-02 12:47:55','2022-05-02 12:47:55',NULL,NULL,'Indiana',NULL,1,26);
INSERT INTO `zone_description` (`DESCRIPTION_ID`, `DATE_CREATED`, `DATE_MODIFIED`, `UPDT_ID`, `DESCRIPTION`, `NAME`, `TITLE`, `LANGUAGE_ID`, `ZONE_ID`) VALUES (75,'2022-05-02 12:47:55','2022-05-02 12:47:55',NULL,NULL,'Indiana',NULL,2,26);
INSERT INTO `zone_description` (`DESCRIPTION_ID`, `DATE_CREATED`, `DATE_MODIFIED`, `UPDT_ID`, `DESCRIPTION`, `NAME`, `TITLE`, `LANGUAGE_ID`, `ZONE_ID`) VALUES (76,'2022-05-02 12:47:55','2022-05-02 12:47:55',NULL,NULL,'Indiana',NULL,3,26);
INSERT INTO `zone_description` (`DESCRIPTION_ID`, `DATE_CREATED`, `DATE_MODIFIED`, `UPDT_ID`, `DESCRIPTION`, `NAME`, `TITLE`, `LANGUAGE_ID`, `ZONE_ID`) VALUES (77,'2022-05-02 12:47:55','2022-05-02 12:47:55',NULL,NULL,'Aargau',NULL,1,27);
INSERT INTO `zone_description` (`DESCRIPTION_ID`, `DATE_CREATED`, `DATE_MODIFIED`, `UPDT_ID`, `DESCRIPTION`, `NAME`, `TITLE`, `LANGUAGE_ID`, `ZONE_ID`) VALUES (78,'2022-05-02 12:47:55','2022-05-02 12:47:55',NULL,NULL,'Aargau',NULL,2,27);
INSERT INTO `zone_description` (`DESCRIPTION_ID`, `DATE_CREATED`, `DATE_MODIFIED`, `UPDT_ID`, `DESCRIPTION`, `NAME`, `TITLE`, `LANGUAGE_ID`, `ZONE_ID`) VALUES (79,'2022-05-02 12:47:55','2022-05-02 12:47:55',NULL,NULL,'Aargau',NULL,3,27);
INSERT INTO `zone_description` (`DESCRIPTION_ID`, `DATE_CREATED`, `DATE_MODIFIED`, `UPDT_ID`, `DESCRIPTION`, `NAME`, `TITLE`, `LANGUAGE_ID`, `ZONE_ID`) VALUES (80,'2022-05-02 12:47:55','2022-05-02 12:47:55',NULL,NULL,'A Corua',NULL,2,28);
INSERT INTO `zone_description` (`DESCRIPTION_ID`, `DATE_CREATED`, `DATE_MODIFIED`, `UPDT_ID`, `DESCRIPTION`, `NAME`, `TITLE`, `LANGUAGE_ID`, `ZONE_ID`) VALUES (81,'2022-05-02 12:47:55','2022-05-02 12:47:55',NULL,NULL,'Appenzell Innerrhoden',NULL,1,29);
INSERT INTO `zone_description` (`DESCRIPTION_ID`, `DATE_CREATED`, `DATE_MODIFIED`, `UPDT_ID`, `DESCRIPTION`, `NAME`, `TITLE`, `LANGUAGE_ID`, `ZONE_ID`) VALUES (82,'2022-05-02 12:47:55','2022-05-02 12:47:55',NULL,NULL,'Appenzell Innerrhoden',NULL,2,29);
INSERT INTO `zone_description` (`DESCRIPTION_ID`, `DATE_CREATED`, `DATE_MODIFIED`, `UPDT_ID`, `DESCRIPTION`, `NAME`, `TITLE`, `LANGUAGE_ID`, `ZONE_ID`) VALUES (83,'2022-05-02 12:47:55','2022-05-02 12:47:55',NULL,NULL,'Appenzell Innerrhoden',NULL,3,29);
INSERT INTO `zone_description` (`DESCRIPTION_ID`, `DATE_CREATED`, `DATE_MODIFIED`, `UPDT_ID`, `DESCRIPTION`, `NAME`, `TITLE`, `LANGUAGE_ID`, `ZONE_ID`) VALUES (84,'2022-05-02 12:47:55','2022-05-02 12:47:55',NULL,NULL,'Alaska',NULL,1,30);
INSERT INTO `zone_description` (`DESCRIPTION_ID`, `DATE_CREATED`, `DATE_MODIFIED`, `UPDT_ID`, `DESCRIPTION`, `NAME`, `TITLE`, `LANGUAGE_ID`, `ZONE_ID`) VALUES (85,'2022-05-02 12:47:55','2022-05-02 12:47:55',NULL,NULL,'Alaska',NULL,2,30);
INSERT INTO `zone_description` (`DESCRIPTION_ID`, `DATE_CREATED`, `DATE_MODIFIED`, `UPDT_ID`, `DESCRIPTION`, `NAME`, `TITLE`, `LANGUAGE_ID`, `ZONE_ID`) VALUES (86,'2022-05-02 12:47:55','2022-05-02 12:47:55',NULL,NULL,'Alaska',NULL,3,30);
INSERT INTO `zone_description` (`DESCRIPTION_ID`, `DATE_CREATED`, `DATE_MODIFIED`, `UPDT_ID`, `DESCRIPTION`, `NAME`, `TITLE`, `LANGUAGE_ID`, `ZONE_ID`) VALUES (87,'2022-05-02 12:47:55','2022-05-02 12:47:55',NULL,NULL,'Caceres',NULL,1,31);
INSERT INTO `zone_description` (`DESCRIPTION_ID`, `DATE_CREATED`, `DATE_MODIFIED`, `UPDT_ID`, `DESCRIPTION`, `NAME`, `TITLE`, `LANGUAGE_ID`, `ZONE_ID`) VALUES (88,'2022-05-02 12:47:55','2022-05-02 12:47:55',NULL,NULL,'Caceres',NULL,2,31);
INSERT INTO `zone_description` (`DESCRIPTION_ID`, `DATE_CREATED`, `DATE_MODIFIED`, `UPDT_ID`, `DESCRIPTION`, `NAME`, `TITLE`, `LANGUAGE_ID`, `ZONE_ID`) VALUES (89,'2022-05-02 12:47:55','2022-05-02 12:47:55',NULL,NULL,'Caceres',NULL,3,31);
INSERT INTO `zone_description` (`DESCRIPTION_ID`, `DATE_CREATED`, `DATE_MODIFIED`, `UPDT_ID`, `DESCRIPTION`, `NAME`, `TITLE`, `LANGUAGE_ID`, `ZONE_ID`) VALUES (90,'2022-05-02 12:47:55','2022-05-02 12:47:55',NULL,NULL,'Segovia',NULL,1,32);
INSERT INTO `zone_description` (`DESCRIPTION_ID`, `DATE_CREATED`, `DATE_MODIFIED`, `UPDT_ID`, `DESCRIPTION`, `NAME`, `TITLE`, `LANGUAGE_ID`, `ZONE_ID`) VALUES (91,'2022-05-02 12:47:55','2022-05-02 12:47:55',NULL,NULL,'Segovia',NULL,2,32);
INSERT INTO `zone_description` (`DESCRIPTION_ID`, `DATE_CREATED`, `DATE_MODIFIED`, `UPDT_ID`, `DESCRIPTION`, `NAME`, `TITLE`, `LANGUAGE_ID`, `ZONE_ID`) VALUES (92,'2022-05-02 12:47:55','2022-05-02 12:47:55',NULL,NULL,'Segovia',NULL,3,32);
INSERT INTO `zone_description` (`DESCRIPTION_ID`, `DATE_CREATED`, `DATE_MODIFIED`, `UPDT_ID`, `DESCRIPTION`, `NAME`, `TITLE`, `LANGUAGE_ID`, `ZONE_ID`) VALUES (93,'2022-05-02 12:47:55','2022-05-02 12:47:55',NULL,NULL,'Alabama',NULL,1,33);
INSERT INTO `zone_description` (`DESCRIPTION_ID`, `DATE_CREATED`, `DATE_MODIFIED`, `UPDT_ID`, `DESCRIPTION`, `NAME`, `TITLE`, `LANGUAGE_ID`, `ZONE_ID`) VALUES (94,'2022-05-02 12:47:55','2022-05-02 12:47:55',NULL,NULL,'Alabama',NULL,2,33);
INSERT INTO `zone_description` (`DESCRIPTION_ID`, `DATE_CREATED`, `DATE_MODIFIED`, `UPDT_ID`, `DESCRIPTION`, `NAME`, `TITLE`, `LANGUAGE_ID`, `ZONE_ID`) VALUES (95,'2022-05-02 12:47:55','2022-05-02 12:47:55',NULL,NULL,'Alabama',NULL,3,33);
INSERT INTO `zone_description` (`DESCRIPTION_ID`, `DATE_CREATED`, `DATE_MODIFIED`, `UPDT_ID`, `DESCRIPTION`, `NAME`, `TITLE`, `LANGUAGE_ID`, `ZONE_ID`) VALUES (96,'2022-05-02 12:47:55','2022-05-02 12:47:55',NULL,NULL,'Armed Forces Middle East',NULL,1,34);
INSERT INTO `zone_description` (`DESCRIPTION_ID`, `DATE_CREATED`, `DATE_MODIFIED`, `UPDT_ID`, `DESCRIPTION`, `NAME`, `TITLE`, `LANGUAGE_ID`, `ZONE_ID`) VALUES (97,'2022-05-02 12:47:55','2022-05-02 12:47:55',NULL,NULL,'Armed Forces Middle East',NULL,2,34);
INSERT INTO `zone_description` (`DESCRIPTION_ID`, `DATE_CREATED`, `DATE_MODIFIED`, `UPDT_ID`, `DESCRIPTION`, `NAME`, `TITLE`, `LANGUAGE_ID`, `ZONE_ID`) VALUES (98,'2022-05-02 12:47:55','2022-05-02 12:47:55',NULL,NULL,'Armed Forces Middle East',NULL,3,34);
INSERT INTO `zone_description` (`DESCRIPTION_ID`, `DATE_CREATED`, `DATE_MODIFIED`, `UPDT_ID`, `DESCRIPTION`, `NAME`, `TITLE`, `LANGUAGE_ID`, `ZONE_ID`) VALUES (99,'2022-05-02 12:47:55','2022-05-02 12:47:55',NULL,NULL,'Zug',NULL,1,35);
INSERT INTO `zone_description` (`DESCRIPTION_ID`, `DATE_CREATED`, `DATE_MODIFIED`, `UPDT_ID`, `DESCRIPTION`, `NAME`, `TITLE`, `LANGUAGE_ID`, `ZONE_ID`) VALUES (100,'2022-05-02 12:47:56','2022-05-02 12:47:56',NULL,NULL,'Zug',NULL,2,35);
INSERT INTO `zone_description` (`DESCRIPTION_ID`, `DATE_CREATED`, `DATE_MODIFIED`, `UPDT_ID`, `DESCRIPTION`, `NAME`, `TITLE`, `LANGUAGE_ID`, `ZONE_ID`) VALUES (101,'2022-05-02 12:47:56','2022-05-02 12:47:56',NULL,NULL,'Zug',NULL,3,35);
INSERT INTO `zone_description` (`DESCRIPTION_ID`, `DATE_CREATED`, `DATE_MODIFIED`, `UPDT_ID`, `DESCRIPTION`, `NAME`, `TITLE`, `LANGUAGE_ID`, `ZONE_ID`) VALUES (102,'2022-05-02 12:47:56','2022-05-02 12:47:56',NULL,NULL,'Malaga',NULL,1,36);
INSERT INTO `zone_description` (`DESCRIPTION_ID`, `DATE_CREATED`, `DATE_MODIFIED`, `UPDT_ID`, `DESCRIPTION`, `NAME`, `TITLE`, `LANGUAGE_ID`, `ZONE_ID`) VALUES (103,'2022-05-02 12:47:56','2022-05-02 12:47:56',NULL,NULL,'Malaga',NULL,2,36);
INSERT INTO `zone_description` (`DESCRIPTION_ID`, `DATE_CREATED`, `DATE_MODIFIED`, `UPDT_ID`, `DESCRIPTION`, `NAME`, `TITLE`, `LANGUAGE_ID`, `ZONE_ID`) VALUES (104,'2022-05-02 12:47:56','2022-05-02 12:47:56',NULL,NULL,'Malaga',NULL,3,36);
INSERT INTO `zone_description` (`DESCRIPTION_ID`, `DATE_CREATED`, `DATE_MODIFIED`, `UPDT_ID`, `DESCRIPTION`, `NAME`, `TITLE`, `LANGUAGE_ID`, `ZONE_ID`) VALUES (105,'2022-05-02 12:47:56','2022-05-02 12:47:56',NULL,NULL,'Central',NULL,1,37);
INSERT INTO `zone_description` (`DESCRIPTION_ID`, `DATE_CREATED`, `DATE_MODIFIED`, `UPDT_ID`, `DESCRIPTION`, `NAME`, `TITLE`, `LANGUAGE_ID`, `ZONE_ID`) VALUES (106,'2022-05-02 12:47:56','2022-05-02 12:47:56',NULL,NULL,'Central',NULL,3,37);
INSERT INTO `zone_description` (`DESCRIPTION_ID`, `DATE_CREATED`, `DATE_MODIFIED`, `UPDT_ID`, `DESCRIPTION`, `NAME`, `TITLE`, `LANGUAGE_ID`, `ZONE_ID`) VALUES (107,'2022-05-02 12:47:56','2022-05-02 12:47:56',NULL,NULL,'Zrich',NULL,1,38);
INSERT INTO `zone_description` (`DESCRIPTION_ID`, `DATE_CREATED`, `DATE_MODIFIED`, `UPDT_ID`, `DESCRIPTION`, `NAME`, `TITLE`, `LANGUAGE_ID`, `ZONE_ID`) VALUES (108,'2022-05-02 12:47:56','2022-05-02 12:47:56',NULL,NULL,'Zrich',NULL,2,38);
INSERT INTO `zone_description` (`DESCRIPTION_ID`, `DATE_CREATED`, `DATE_MODIFIED`, `UPDT_ID`, `DESCRIPTION`, `NAME`, `TITLE`, `LANGUAGE_ID`, `ZONE_ID`) VALUES (109,'2022-05-02 12:47:56','2022-05-02 12:47:56',NULL,NULL,'Zrich',NULL,3,38);
INSERT INTO `zone_description` (`DESCRIPTION_ID`, `DATE_CREATED`, `DATE_MODIFIED`, `UPDT_ID`, `DESCRIPTION`, `NAME`, `TITLE`, `LANGUAGE_ID`, `ZONE_ID`) VALUES (110,'2022-05-02 12:47:56','2022-05-02 12:47:56',NULL,NULL,'La Rioja',NULL,1,39);
INSERT INTO `zone_description` (`DESCRIPTION_ID`, `DATE_CREATED`, `DATE_MODIFIED`, `UPDT_ID`, `DESCRIPTION`, `NAME`, `TITLE`, `LANGUAGE_ID`, `ZONE_ID`) VALUES (111,'2022-05-02 12:47:56','2022-05-02 12:47:56',NULL,NULL,'La Rioja',NULL,2,39);
INSERT INTO `zone_description` (`DESCRIPTION_ID`, `DATE_CREATED`, `DATE_MODIFIED`, `UPDT_ID`, `DESCRIPTION`, `NAME`, `TITLE`, `LANGUAGE_ID`, `ZONE_ID`) VALUES (112,'2022-05-02 12:47:56','2022-05-02 12:47:56',NULL,NULL,'La Rioja',NULL,3,39);
INSERT INTO `zone_description` (`DESCRIPTION_ID`, `DATE_CREATED`, `DATE_MODIFIED`, `UPDT_ID`, `DESCRIPTION`, `NAME`, `TITLE`, `LANGUAGE_ID`, `ZONE_ID`) VALUES (113,'2022-05-02 12:47:56','2022-05-02 12:47:56',NULL,NULL,'Armed Forces Pacific',NULL,1,40);
INSERT INTO `zone_description` (`DESCRIPTION_ID`, `DATE_CREATED`, `DATE_MODIFIED`, `UPDT_ID`, `DESCRIPTION`, `NAME`, `TITLE`, `LANGUAGE_ID`, `ZONE_ID`) VALUES (114,'2022-05-02 12:47:56','2022-05-02 12:47:56',NULL,NULL,'Armed Forces Pacific',NULL,2,40);
INSERT INTO `zone_description` (`DESCRIPTION_ID`, `DATE_CREATED`, `DATE_MODIFIED`, `UPDT_ID`, `DESCRIPTION`, `NAME`, `TITLE`, `LANGUAGE_ID`, `ZONE_ID`) VALUES (115,'2022-05-02 12:47:56','2022-05-02 12:47:56',NULL,NULL,'Armed Forces Pacific',NULL,3,40);
INSERT INTO `zone_description` (`DESCRIPTION_ID`, `DATE_CREATED`, `DATE_MODIFIED`, `UPDT_ID`, `DESCRIPTION`, `NAME`, `TITLE`, `LANGUAGE_ID`, `ZONE_ID`) VALUES (116,'2022-05-02 12:47:56','2022-05-02 12:47:56',NULL,NULL,'Melilla',NULL,1,41);
INSERT INTO `zone_description` (`DESCRIPTION_ID`, `DATE_CREATED`, `DATE_MODIFIED`, `UPDT_ID`, `DESCRIPTION`, `NAME`, `TITLE`, `LANGUAGE_ID`, `ZONE_ID`) VALUES (117,'2022-05-02 12:47:56','2022-05-02 12:47:56',NULL,NULL,'Melilla',NULL,2,41);
INSERT INTO `zone_description` (`DESCRIPTION_ID`, `DATE_CREATED`, `DATE_MODIFIED`, `UPDT_ID`, `DESCRIPTION`, `NAME`, `TITLE`, `LANGUAGE_ID`, `ZONE_ID`) VALUES (118,'2022-05-02 12:47:56','2022-05-02 12:47:56',NULL,NULL,'Melilla',NULL,3,41);
INSERT INTO `zone_description` (`DESCRIPTION_ID`, `DATE_CREATED`, `DATE_MODIFIED`, `UPDT_ID`, `DESCRIPTION`, `NAME`, `TITLE`, `LANGUAGE_ID`, `ZONE_ID`) VALUES (119,'2022-05-02 12:47:56','2022-05-02 12:47:56',NULL,NULL,'Arkansas',NULL,1,42);
INSERT INTO `zone_description` (`DESCRIPTION_ID`, `DATE_CREATED`, `DATE_MODIFIED`, `UPDT_ID`, `DESCRIPTION`, `NAME`, `TITLE`, `LANGUAGE_ID`, `ZONE_ID`) VALUES (120,'2022-05-02 12:47:56','2022-05-02 12:47:56',NULL,NULL,'Arkansas',NULL,2,42);
INSERT INTO `zone_description` (`DESCRIPTION_ID`, `DATE_CREATED`, `DATE_MODIFIED`, `UPDT_ID`, `DESCRIPTION`, `NAME`, `TITLE`, `LANGUAGE_ID`, `ZONE_ID`) VALUES (121,'2022-05-02 12:47:56','2022-05-02 12:47:56',NULL,NULL,'Arkansas',NULL,3,42);
INSERT INTO `zone_description` (`DESCRIPTION_ID`, `DATE_CREATED`, `DATE_MODIFIED`, `UPDT_ID`, `DESCRIPTION`, `NAME`, `TITLE`, `LANGUAGE_ID`, `ZONE_ID`) VALUES (122,'2022-05-02 12:47:56','2022-05-02 12:47:56',NULL,NULL,'American Samoa',NULL,1,43);
INSERT INTO `zone_description` (`DESCRIPTION_ID`, `DATE_CREATED`, `DATE_MODIFIED`, `UPDT_ID`, `DESCRIPTION`, `NAME`, `TITLE`, `LANGUAGE_ID`, `ZONE_ID`) VALUES (123,'2022-05-02 12:47:56','2022-05-02 12:47:56',NULL,NULL,'American Samoa',NULL,2,43);
INSERT INTO `zone_description` (`DESCRIPTION_ID`, `DATE_CREATED`, `DATE_MODIFIED`, `UPDT_ID`, `DESCRIPTION`, `NAME`, `TITLE`, `LANGUAGE_ID`, `ZONE_ID`) VALUES (124,'2022-05-02 12:47:56','2022-05-02 12:47:56',NULL,NULL,'American Samoa',NULL,3,43);
INSERT INTO `zone_description` (`DESCRIPTION_ID`, `DATE_CREATED`, `DATE_MODIFIED`, `UPDT_ID`, `DESCRIPTION`, `NAME`, `TITLE`, `LANGUAGE_ID`, `ZONE_ID`) VALUES (125,'2022-05-02 12:47:56','2022-05-02 12:47:56',NULL,NULL,'New South Wales',NULL,1,44);
INSERT INTO `zone_description` (`DESCRIPTION_ID`, `DATE_CREATED`, `DATE_MODIFIED`, `UPDT_ID`, `DESCRIPTION`, `NAME`, `TITLE`, `LANGUAGE_ID`, `ZONE_ID`) VALUES (126,'2022-05-02 12:47:56','2022-05-02 12:47:56',NULL,NULL,'Nouvelle-Galles du Sud',NULL,2,44);
INSERT INTO `zone_description` (`DESCRIPTION_ID`, `DATE_CREATED`, `DATE_MODIFIED`, `UPDT_ID`, `DESCRIPTION`, `NAME`, `TITLE`, `LANGUAGE_ID`, `ZONE_ID`) VALUES (127,'2022-05-02 12:47:56','2022-05-02 12:47:56',NULL,NULL,'New South Wales',NULL,3,44);
INSERT INTO `zone_description` (`DESCRIPTION_ID`, `DATE_CREATED`, `DATE_MODIFIED`, `UPDT_ID`, `DESCRIPTION`, `NAME`, `TITLE`, `LANGUAGE_ID`, `ZONE_ID`) VALUES (128,'2022-05-02 12:47:56','2022-05-02 12:47:56',NULL,NULL,'Madrid',NULL,1,45);
INSERT INTO `zone_description` (`DESCRIPTION_ID`, `DATE_CREATED`, `DATE_MODIFIED`, `UPDT_ID`, `DESCRIPTION`, `NAME`, `TITLE`, `LANGUAGE_ID`, `ZONE_ID`) VALUES (129,'2022-05-02 12:47:56','2022-05-02 12:47:56',NULL,NULL,'Madrid',NULL,2,45);
INSERT INTO `zone_description` (`DESCRIPTION_ID`, `DATE_CREATED`, `DATE_MODIFIED`, `UPDT_ID`, `DESCRIPTION`, `NAME`, `TITLE`, `LANGUAGE_ID`, `ZONE_ID`) VALUES (130,'2022-05-02 12:47:56','2022-05-02 12:47:56',NULL,NULL,'Madrid',NULL,3,45);
INSERT INTO `zone_description` (`DESCRIPTION_ID`, `DATE_CREATED`, `DATE_MODIFIED`, `UPDT_ID`, `DESCRIPTION`, `NAME`, `TITLE`, `LANGUAGE_ID`, `ZONE_ID`) VALUES (131,'2022-05-02 12:47:57','2022-05-02 12:47:57',NULL,NULL,'Rhode Island',NULL,1,46);
INSERT INTO `zone_description` (`DESCRIPTION_ID`, `DATE_CREATED`, `DATE_MODIFIED`, `UPDT_ID`, `DESCRIPTION`, `NAME`, `TITLE`, `LANGUAGE_ID`, `ZONE_ID`) VALUES (132,'2022-05-02 12:47:57','2022-05-02 12:47:57',NULL,NULL,'Rhode Island',NULL,2,46);
INSERT INTO `zone_description` (`DESCRIPTION_ID`, `DATE_CREATED`, `DATE_MODIFIED`, `UPDT_ID`, `DESCRIPTION`, `NAME`, `TITLE`, `LANGUAGE_ID`, `ZONE_ID`) VALUES (133,'2022-05-02 12:47:57','2022-05-02 12:47:57',NULL,NULL,'Rhode Island',NULL,3,46);
INSERT INTO `zone_description` (`DESCRIPTION_ID`, `DATE_CREATED`, `DATE_MODIFIED`, `UPDT_ID`, `DESCRIPTION`, `NAME`, `TITLE`, `LANGUAGE_ID`, `ZONE_ID`) VALUES (134,'2022-05-02 12:47:57','2022-05-02 12:47:57',NULL,NULL,'Arizona',NULL,1,47);
INSERT INTO `zone_description` (`DESCRIPTION_ID`, `DATE_CREATED`, `DATE_MODIFIED`, `UPDT_ID`, `DESCRIPTION`, `NAME`, `TITLE`, `LANGUAGE_ID`, `ZONE_ID`) VALUES (135,'2022-05-02 12:47:57','2022-05-02 12:47:57',NULL,NULL,'Arizona',NULL,2,47);
INSERT INTO `zone_description` (`DESCRIPTION_ID`, `DATE_CREATED`, `DATE_MODIFIED`, `UPDT_ID`, `DESCRIPTION`, `NAME`, `TITLE`, `LANGUAGE_ID`, `ZONE_ID`) VALUES (136,'2022-05-02 12:47:57','2022-05-02 12:47:57',NULL,NULL,'Arizona',NULL,3,47);
INSERT INTO `zone_description` (`DESCRIPTION_ID`, `DATE_CREATED`, `DATE_MODIFIED`, `UPDT_ID`, `DESCRIPTION`, `NAME`, `TITLE`, `LANGUAGE_ID`, `ZONE_ID`) VALUES (137,'2022-05-02 12:47:57','2022-05-02 12:47:57',NULL,NULL,'Ceuta',NULL,1,48);
INSERT INTO `zone_description` (`DESCRIPTION_ID`, `DATE_CREATED`, `DATE_MODIFIED`, `UPDT_ID`, `DESCRIPTION`, `NAME`, `TITLE`, `LANGUAGE_ID`, `ZONE_ID`) VALUES (138,'2022-05-02 12:47:57','2022-05-02 12:47:57',NULL,NULL,'Ceuta',NULL,2,48);
INSERT INTO `zone_description` (`DESCRIPTION_ID`, `DATE_CREATED`, `DATE_MODIFIED`, `UPDT_ID`, `DESCRIPTION`, `NAME`, `TITLE`, `LANGUAGE_ID`, `ZONE_ID`) VALUES (139,'2022-05-02 12:47:57','2022-05-02 12:47:57',NULL,NULL,'Ceuta',NULL,3,48);
INSERT INTO `zone_description` (`DESCRIPTION_ID`, `DATE_CREATED`, `DATE_MODIFIED`, `UPDT_ID`, `DESCRIPTION`, `NAME`, `TITLE`, `LANGUAGE_ID`, `ZONE_ID`) VALUES (140,'2022-05-02 12:47:57','2022-05-02 12:47:57',NULL,NULL,'British Columbia',NULL,1,49);
INSERT INTO `zone_description` (`DESCRIPTION_ID`, `DATE_CREATED`, `DATE_MODIFIED`, `UPDT_ID`, `DESCRIPTION`, `NAME`, `TITLE`, `LANGUAGE_ID`, `ZONE_ID`) VALUES (141,'2022-05-02 12:47:57','2022-05-02 12:47:57',NULL,NULL,'Colombie Britanique',NULL,2,49);
INSERT INTO `zone_description` (`DESCRIPTION_ID`, `DATE_CREATED`, `DATE_MODIFIED`, `UPDT_ID`, `DESCRIPTION`, `NAME`, `TITLE`, `LANGUAGE_ID`, `ZONE_ID`) VALUES (142,'2022-05-02 12:47:57','2022-05-02 12:47:57',NULL,NULL,'British Columbia',NULL,3,49);
INSERT INTO `zone_description` (`DESCRIPTION_ID`, `DATE_CREATED`, `DATE_MODIFIED`, `UPDT_ID`, `DESCRIPTION`, `NAME`, `TITLE`, `LANGUAGE_ID`, `ZONE_ID`) VALUES (143,'2022-05-02 12:47:57','2022-05-02 12:47:57',NULL,NULL,'Huelva',NULL,1,50);
INSERT INTO `zone_description` (`DESCRIPTION_ID`, `DATE_CREATED`, `DATE_MODIFIED`, `UPDT_ID`, `DESCRIPTION`, `NAME`, `TITLE`, `LANGUAGE_ID`, `ZONE_ID`) VALUES (144,'2022-05-02 12:47:57','2022-05-02 12:47:57',NULL,NULL,'Huelva',NULL,2,50);
INSERT INTO `zone_description` (`DESCRIPTION_ID`, `DATE_CREATED`, `DATE_MODIFIED`, `UPDT_ID`, `DESCRIPTION`, `NAME`, `TITLE`, `LANGUAGE_ID`, `ZONE_ID`) VALUES (145,'2022-05-02 12:47:57','2022-05-02 12:47:57',NULL,NULL,'Huelva',NULL,3,50);
INSERT INTO `zone_description` (`DESCRIPTION_ID`, `DATE_CREATED`, `DATE_MODIFIED`, `UPDT_ID`, `DESCRIPTION`, `NAME`, `TITLE`, `LANGUAGE_ID`, `ZONE_ID`) VALUES (146,'2022-05-02 12:47:57','2022-05-02 12:47:57',NULL,NULL,'Bern',NULL,1,51);
INSERT INTO `zone_description` (`DESCRIPTION_ID`, `DATE_CREATED`, `DATE_MODIFIED`, `UPDT_ID`, `DESCRIPTION`, `NAME`, `TITLE`, `LANGUAGE_ID`, `ZONE_ID`) VALUES (147,'2022-05-02 12:47:57','2022-05-02 12:47:57',NULL,NULL,'Bern',NULL,2,51);
INSERT INTO `zone_description` (`DESCRIPTION_ID`, `DATE_CREATED`, `DATE_MODIFIED`, `UPDT_ID`, `DESCRIPTION`, `NAME`, `TITLE`, `LANGUAGE_ID`, `ZONE_ID`) VALUES (148,'2022-05-02 12:47:57','2022-05-02 12:47:57',NULL,NULL,'Bern',NULL,3,51);
INSERT INTO `zone_description` (`DESCRIPTION_ID`, `DATE_CREATED`, `DATE_MODIFIED`, `UPDT_ID`, `DESCRIPTION`, `NAME`, `TITLE`, `LANGUAGE_ID`, `ZONE_ID`) VALUES (149,'2022-05-02 12:47:57','2022-05-02 12:47:57',NULL,NULL,'Huesca',NULL,1,52);
INSERT INTO `zone_description` (`DESCRIPTION_ID`, `DATE_CREATED`, `DATE_MODIFIED`, `UPDT_ID`, `DESCRIPTION`, `NAME`, `TITLE`, `LANGUAGE_ID`, `ZONE_ID`) VALUES (150,'2022-05-02 12:47:57','2022-05-02 12:47:57',NULL,NULL,'Huesca',NULL,2,52);
INSERT INTO `zone_description` (`DESCRIPTION_ID`, `DATE_CREATED`, `DATE_MODIFIED`, `UPDT_ID`, `DESCRIPTION`, `NAME`, `TITLE`, `LANGUAGE_ID`, `ZONE_ID`) VALUES (151,'2022-05-02 12:47:57','2022-05-02 12:47:57',NULL,NULL,'Huesca',NULL,3,52);
INSERT INTO `zone_description` (`DESCRIPTION_ID`, `DATE_CREATED`, `DATE_MODIFIED`, `UPDT_ID`, `DESCRIPTION`, `NAME`, `TITLE`, `LANGUAGE_ID`, `ZONE_ID`) VALUES (152,'2022-05-02 12:47:57','2022-05-02 12:47:57',NULL,NULL,'Appenzell Ausserrhoden',NULL,1,53);
INSERT INTO `zone_description` (`DESCRIPTION_ID`, `DATE_CREATED`, `DATE_MODIFIED`, `UPDT_ID`, `DESCRIPTION`, `NAME`, `TITLE`, `LANGUAGE_ID`, `ZONE_ID`) VALUES (153,'2022-05-02 12:47:57','2022-05-02 12:47:57',NULL,NULL,'Appenzell Ausserrhoden',NULL,2,53);
INSERT INTO `zone_description` (`DESCRIPTION_ID`, `DATE_CREATED`, `DATE_MODIFIED`, `UPDT_ID`, `DESCRIPTION`, `NAME`, `TITLE`, `LANGUAGE_ID`, `ZONE_ID`) VALUES (154,'2022-05-02 12:47:57','2022-05-02 12:47:57',NULL,NULL,'Appenzell Ausserrhoden',NULL,3,53);
INSERT INTO `zone_description` (`DESCRIPTION_ID`, `DATE_CREATED`, `DATE_MODIFIED`, `UPDT_ID`, `DESCRIPTION`, `NAME`, `TITLE`, `LANGUAGE_ID`, `ZONE_ID`) VALUES (155,'2022-05-02 12:47:57','2022-05-02 12:47:57',NULL,NULL,'Basel-Landschaft',NULL,1,54);
INSERT INTO `zone_description` (`DESCRIPTION_ID`, `DATE_CREATED`, `DATE_MODIFIED`, `UPDT_ID`, `DESCRIPTION`, `NAME`, `TITLE`, `LANGUAGE_ID`, `ZONE_ID`) VALUES (156,'2022-05-02 12:47:57','2022-05-02 12:47:57',NULL,NULL,'Basel-Landschaft',NULL,2,54);
INSERT INTO `zone_description` (`DESCRIPTION_ID`, `DATE_CREATED`, `DATE_MODIFIED`, `UPDT_ID`, `DESCRIPTION`, `NAME`, `TITLE`, `LANGUAGE_ID`, `ZONE_ID`) VALUES (157,'2022-05-02 12:47:57','2022-05-02 12:47:57',NULL,NULL,'Basel-Landschaft',NULL,3,54);
INSERT INTO `zone_description` (`DESCRIPTION_ID`, `DATE_CREATED`, `DATE_MODIFIED`, `UPDT_ID`, `DESCRIPTION`, `NAME`, `TITLE`, `LANGUAGE_ID`, `ZONE_ID`) VALUES (158,'2022-05-02 12:47:57','2022-05-02 12:47:57',NULL,NULL,'Jura',NULL,1,55);
INSERT INTO `zone_description` (`DESCRIPTION_ID`, `DATE_CREATED`, `DATE_MODIFIED`, `UPDT_ID`, `DESCRIPTION`, `NAME`, `TITLE`, `LANGUAGE_ID`, `ZONE_ID`) VALUES (159,'2022-05-02 12:47:57','2022-05-02 12:47:57',NULL,NULL,'Jura',NULL,2,55);
INSERT INTO `zone_description` (`DESCRIPTION_ID`, `DATE_CREATED`, `DATE_MODIFIED`, `UPDT_ID`, `DESCRIPTION`, `NAME`, `TITLE`, `LANGUAGE_ID`, `ZONE_ID`) VALUES (160,'2022-05-02 12:47:57','2022-05-02 12:47:57',NULL,NULL,'Jura',NULL,3,55);
INSERT INTO `zone_description` (`DESCRIPTION_ID`, `DATE_CREATED`, `DATE_MODIFIED`, `UPDT_ID`, `DESCRIPTION`, `NAME`, `TITLE`, `LANGUAGE_ID`, `ZONE_ID`) VALUES (161,'2022-05-02 12:47:57','2022-05-02 12:47:57',NULL,NULL,'Asturias',NULL,1,56);
INSERT INTO `zone_description` (`DESCRIPTION_ID`, `DATE_CREATED`, `DATE_MODIFIED`, `UPDT_ID`, `DESCRIPTION`, `NAME`, `TITLE`, `LANGUAGE_ID`, `ZONE_ID`) VALUES (162,'2022-05-02 12:47:57','2022-05-02 12:47:57',NULL,NULL,'Asturias',NULL,2,56);
INSERT INTO `zone_description` (`DESCRIPTION_ID`, `DATE_CREATED`, `DATE_MODIFIED`, `UPDT_ID`, `DESCRIPTION`, `NAME`, `TITLE`, `LANGUAGE_ID`, `ZONE_ID`) VALUES (163,'2022-05-02 12:47:57','2022-05-02 12:47:57',NULL,NULL,'Asturias',NULL,3,56);
INSERT INTO `zone_description` (`DESCRIPTION_ID`, `DATE_CREATED`, `DATE_MODIFIED`, `UPDT_ID`, `DESCRIPTION`, `NAME`, `TITLE`, `LANGUAGE_ID`, `ZONE_ID`) VALUES (164,'2022-05-02 12:47:57','2022-05-02 12:47:57',NULL,NULL,'South Australia',NULL,1,57);
INSERT INTO `zone_description` (`DESCRIPTION_ID`, `DATE_CREATED`, `DATE_MODIFIED`, `UPDT_ID`, `DESCRIPTION`, `NAME`, `TITLE`, `LANGUAGE_ID`, `ZONE_ID`) VALUES (165,'2022-05-02 12:47:58','2022-05-02 12:47:58',NULL,NULL,'Australie-Mridionale',NULL,2,57);
INSERT INTO `zone_description` (`DESCRIPTION_ID`, `DATE_CREATED`, `DATE_MODIFIED`, `UPDT_ID`, `DESCRIPTION`, `NAME`, `TITLE`, `LANGUAGE_ID`, `ZONE_ID`) VALUES (166,'2022-05-02 12:47:58','2022-05-02 12:47:58',NULL,NULL,'South Australia',NULL,3,57);
INSERT INTO `zone_description` (`DESCRIPTION_ID`, `DATE_CREATED`, `DATE_MODIFIED`, `UPDT_ID`, `DESCRIPTION`, `NAME`, `TITLE`, `LANGUAGE_ID`, `ZONE_ID`) VALUES (167,'2022-05-02 12:47:58','2022-05-02 12:47:58',NULL,NULL,'Salzburg',NULL,1,58);
INSERT INTO `zone_description` (`DESCRIPTION_ID`, `DATE_CREATED`, `DATE_MODIFIED`, `UPDT_ID`, `DESCRIPTION`, `NAME`, `TITLE`, `LANGUAGE_ID`, `ZONE_ID`) VALUES (168,'2022-05-02 12:47:58','2022-05-02 12:47:58',NULL,NULL,'Salzburg',NULL,2,58);
INSERT INTO `zone_description` (`DESCRIPTION_ID`, `DATE_CREATED`, `DATE_MODIFIED`, `UPDT_ID`, `DESCRIPTION`, `NAME`, `TITLE`, `LANGUAGE_ID`, `ZONE_ID`) VALUES (169,'2022-05-02 12:47:58','2022-05-02 12:47:58',NULL,NULL,'Salzburg',NULL,3,58);
INSERT INTO `zone_description` (`DESCRIPTION_ID`, `DATE_CREATED`, `DATE_MODIFIED`, `UPDT_ID`, `DESCRIPTION`, `NAME`, `TITLE`, `LANGUAGE_ID`, `ZONE_ID`) VALUES (170,'2022-05-02 12:47:58','2022-05-02 12:47:58',NULL,NULL,'Tirol',NULL,1,59);
INSERT INTO `zone_description` (`DESCRIPTION_ID`, `DATE_CREATED`, `DATE_MODIFIED`, `UPDT_ID`, `DESCRIPTION`, `NAME`, `TITLE`, `LANGUAGE_ID`, `ZONE_ID`) VALUES (171,'2022-05-02 12:47:58','2022-05-02 12:47:58',NULL,NULL,'Tirol',NULL,2,59);
INSERT INTO `zone_description` (`DESCRIPTION_ID`, `DATE_CREATED`, `DATE_MODIFIED`, `UPDT_ID`, `DESCRIPTION`, `NAME`, `TITLE`, `LANGUAGE_ID`, `ZONE_ID`) VALUES (172,'2022-05-02 12:47:58','2022-05-02 12:47:58',NULL,NULL,'Tirol',NULL,3,59);
INSERT INTO `zone_description` (`DESCRIPTION_ID`, `DATE_CREATED`, `DATE_MODIFIED`, `UPDT_ID`, `DESCRIPTION`, `NAME`, `TITLE`, `LANGUAGE_ID`, `ZONE_ID`) VALUES (173,'2022-05-02 12:47:58','2022-05-02 12:47:58',NULL,NULL,'South Carolina',NULL,1,60);
INSERT INTO `zone_description` (`DESCRIPTION_ID`, `DATE_CREATED`, `DATE_MODIFIED`, `UPDT_ID`, `DESCRIPTION`, `NAME`, `TITLE`, `LANGUAGE_ID`, `ZONE_ID`) VALUES (174,'2022-05-02 12:47:58','2022-05-02 12:47:58',NULL,NULL,'Caroline du Sud',NULL,2,60);
INSERT INTO `zone_description` (`DESCRIPTION_ID`, `DATE_CREATED`, `DATE_MODIFIED`, `UPDT_ID`, `DESCRIPTION`, `NAME`, `TITLE`, `LANGUAGE_ID`, `ZONE_ID`) VALUES (175,'2022-05-02 12:47:58','2022-05-02 12:47:58',NULL,NULL,'South Carolina',NULL,3,60);
INSERT INTO `zone_description` (`DESCRIPTION_ID`, `DATE_CREATED`, `DATE_MODIFIED`, `UPDT_ID`, `DESCRIPTION`, `NAME`, `TITLE`, `LANGUAGE_ID`, `ZONE_ID`) VALUES (176,'2022-05-02 12:47:58','2022-05-02 12:47:58',NULL,NULL,'Thringen',NULL,1,61);
INSERT INTO `zone_description` (`DESCRIPTION_ID`, `DATE_CREATED`, `DATE_MODIFIED`, `UPDT_ID`, `DESCRIPTION`, `NAME`, `TITLE`, `LANGUAGE_ID`, `ZONE_ID`) VALUES (177,'2022-05-02 12:47:58','2022-05-02 12:47:58',NULL,NULL,'Thringen',NULL,2,61);
INSERT INTO `zone_description` (`DESCRIPTION_ID`, `DATE_CREATED`, `DATE_MODIFIED`, `UPDT_ID`, `DESCRIPTION`, `NAME`, `TITLE`, `LANGUAGE_ID`, `ZONE_ID`) VALUES (178,'2022-05-02 12:47:58','2022-05-02 12:47:58',NULL,NULL,'Thringen',NULL,3,61);
INSERT INTO `zone_description` (`DESCRIPTION_ID`, `DATE_CREATED`, `DATE_MODIFIED`, `UPDT_ID`, `DESCRIPTION`, `NAME`, `TITLE`, `LANGUAGE_ID`, `ZONE_ID`) VALUES (179,'2022-05-02 12:47:58','2022-05-02 12:47:58',NULL,NULL,'South Dakota',NULL,1,62);
INSERT INTO `zone_description` (`DESCRIPTION_ID`, `DATE_CREATED`, `DATE_MODIFIED`, `UPDT_ID`, `DESCRIPTION`, `NAME`, `TITLE`, `LANGUAGE_ID`, `ZONE_ID`) VALUES (180,'2022-05-02 12:47:58','2022-05-02 12:47:58',NULL,NULL,'Dakota du Sud',NULL,2,62);
INSERT INTO `zone_description` (`DESCRIPTION_ID`, `DATE_CREATED`, `DATE_MODIFIED`, `UPDT_ID`, `DESCRIPTION`, `NAME`, `TITLE`, `LANGUAGE_ID`, `ZONE_ID`) VALUES (181,'2022-05-02 12:47:58','2022-05-02 12:47:58',NULL,NULL,'South Dakota',NULL,3,62);
INSERT INTO `zone_description` (`DESCRIPTION_ID`, `DATE_CREATED`, `DATE_MODIFIED`, `UPDT_ID`, `DESCRIPTION`, `NAME`, `TITLE`, `LANGUAGE_ID`, `ZONE_ID`) VALUES (182,'2022-05-02 12:47:58','2022-05-02 12:47:58',NULL,NULL,'Basel-Stadt',NULL,1,63);
INSERT INTO `zone_description` (`DESCRIPTION_ID`, `DATE_CREATED`, `DATE_MODIFIED`, `UPDT_ID`, `DESCRIPTION`, `NAME`, `TITLE`, `LANGUAGE_ID`, `ZONE_ID`) VALUES (183,'2022-05-02 12:47:58','2022-05-02 12:47:58',NULL,NULL,'Basel-Stadt',NULL,2,63);
INSERT INTO `zone_description` (`DESCRIPTION_ID`, `DATE_CREATED`, `DATE_MODIFIED`, `UPDT_ID`, `DESCRIPTION`, `NAME`, `TITLE`, `LANGUAGE_ID`, `ZONE_ID`) VALUES (184,'2022-05-02 12:47:58','2022-05-02 12:47:58',NULL,NULL,'Basel-Stadt',NULL,3,63);
INSERT INTO `zone_description` (`DESCRIPTION_ID`, `DATE_CREATED`, `DATE_MODIFIED`, `UPDT_ID`, `DESCRIPTION`, `NAME`, `TITLE`, `LANGUAGE_ID`, `ZONE_ID`) VALUES (185,'2022-05-02 12:47:58','2022-05-02 12:47:58',NULL,NULL,'Cordoba',NULL,1,64);
INSERT INTO `zone_description` (`DESCRIPTION_ID`, `DATE_CREATED`, `DATE_MODIFIED`, `UPDT_ID`, `DESCRIPTION`, `NAME`, `TITLE`, `LANGUAGE_ID`, `ZONE_ID`) VALUES (186,'2022-05-02 12:47:58','2022-05-02 12:47:58',NULL,NULL,'Cordoba',NULL,2,64);
INSERT INTO `zone_description` (`DESCRIPTION_ID`, `DATE_CREATED`, `DATE_MODIFIED`, `UPDT_ID`, `DESCRIPTION`, `NAME`, `TITLE`, `LANGUAGE_ID`, `ZONE_ID`) VALUES (187,'2022-05-02 12:47:58','2022-05-02 12:47:58',NULL,NULL,'Cordoba',NULL,3,64);
INSERT INTO `zone_description` (`DESCRIPTION_ID`, `DATE_CREATED`, `DATE_MODIFIED`, `UPDT_ID`, `DESCRIPTION`, `NAME`, `TITLE`, `LANGUAGE_ID`, `ZONE_ID`) VALUES (188,'2022-05-02 12:47:58','2022-05-02 12:47:58',NULL,NULL,'Tarragona',NULL,1,65);
INSERT INTO `zone_description` (`DESCRIPTION_ID`, `DATE_CREATED`, `DATE_MODIFIED`, `UPDT_ID`, `DESCRIPTION`, `NAME`, `TITLE`, `LANGUAGE_ID`, `ZONE_ID`) VALUES (189,'2022-05-02 12:47:58','2022-05-02 12:47:58',NULL,NULL,'Tarragona',NULL,2,65);
INSERT INTO `zone_description` (`DESCRIPTION_ID`, `DATE_CREATED`, `DATE_MODIFIED`, `UPDT_ID`, `DESCRIPTION`, `NAME`, `TITLE`, `LANGUAGE_ID`, `ZONE_ID`) VALUES (190,'2022-05-02 12:47:58','2022-05-02 12:47:58',NULL,NULL,'Tarragona',NULL,3,65);
INSERT INTO `zone_description` (`DESCRIPTION_ID`, `DATE_CREATED`, `DATE_MODIFIED`, `UPDT_ID`, `DESCRIPTION`, `NAME`, `TITLE`, `LANGUAGE_ID`, `ZONE_ID`) VALUES (191,'2022-05-02 12:47:58','2022-05-02 12:47:58',NULL,NULL,'Valladolid',NULL,1,66);
INSERT INTO `zone_description` (`DESCRIPTION_ID`, `DATE_CREATED`, `DATE_MODIFIED`, `UPDT_ID`, `DESCRIPTION`, `NAME`, `TITLE`, `LANGUAGE_ID`, `ZONE_ID`) VALUES (192,'2022-05-02 12:47:58','2022-05-02 12:47:58',NULL,NULL,'Valladolid',NULL,2,66);
INSERT INTO `zone_description` (`DESCRIPTION_ID`, `DATE_CREATED`, `DATE_MODIFIED`, `UPDT_ID`, `DESCRIPTION`, `NAME`, `TITLE`, `LANGUAGE_ID`, `ZONE_ID`) VALUES (193,'2022-05-02 12:47:58','2022-05-02 12:47:58',NULL,NULL,'Valladolid',NULL,3,66);
INSERT INTO `zone_description` (`DESCRIPTION_ID`, `DATE_CREATED`, `DATE_MODIFIED`, `UPDT_ID`, `DESCRIPTION`, `NAME`, `TITLE`, `LANGUAGE_ID`, `ZONE_ID`) VALUES (194,'2022-05-02 12:47:58','2022-05-02 12:47:58',NULL,NULL,'St. Gallen',NULL,1,67);
INSERT INTO `zone_description` (`DESCRIPTION_ID`, `DATE_CREATED`, `DATE_MODIFIED`, `UPDT_ID`, `DESCRIPTION`, `NAME`, `TITLE`, `LANGUAGE_ID`, `ZONE_ID`) VALUES (195,'2022-05-02 12:47:58','2022-05-02 12:47:58',NULL,NULL,'St. Gallen',NULL,2,67);
INSERT INTO `zone_description` (`DESCRIPTION_ID`, `DATE_CREATED`, `DATE_MODIFIED`, `UPDT_ID`, `DESCRIPTION`, `NAME`, `TITLE`, `LANGUAGE_ID`, `ZONE_ID`) VALUES (196,'2022-05-02 12:47:58','2022-05-02 12:47:58',NULL,NULL,'St. Gallen',NULL,3,67);
INSERT INTO `zone_description` (`DESCRIPTION_ID`, `DATE_CREATED`, `DATE_MODIFIED`, `UPDT_ID`, `DESCRIPTION`, `NAME`, `TITLE`, `LANGUAGE_ID`, `ZONE_ID`) VALUES (197,'2022-05-02 12:47:58','2022-05-02 12:47:58',NULL,NULL,'Schaffhausen',NULL,1,68);
INSERT INTO `zone_description` (`DESCRIPTION_ID`, `DATE_CREATED`, `DATE_MODIFIED`, `UPDT_ID`, `DESCRIPTION`, `NAME`, `TITLE`, `LANGUAGE_ID`, `ZONE_ID`) VALUES (198,'2022-05-02 12:47:58','2022-05-02 12:47:58',NULL,NULL,'Schaffhausen',NULL,2,68);
INSERT INTO `zone_description` (`DESCRIPTION_ID`, `DATE_CREATED`, `DATE_MODIFIED`, `UPDT_ID`, `DESCRIPTION`, `NAME`, `TITLE`, `LANGUAGE_ID`, `ZONE_ID`) VALUES (199,'2022-05-02 12:47:58','2022-05-02 12:47:58',NULL,NULL,'Schaffhausen',NULL,3,68);
INSERT INTO `zone_description` (`DESCRIPTION_ID`, `DATE_CREATED`, `DATE_MODIFIED`, `UPDT_ID`, `DESCRIPTION`, `NAME`, `TITLE`, `LANGUAGE_ID`, `ZONE_ID`) VALUES (200,'2022-05-02 12:47:59','2022-05-02 12:47:59',NULL,NULL,'Western Australia',NULL,1,69);
INSERT INTO `zone_description` (`DESCRIPTION_ID`, `DATE_CREATED`, `DATE_MODIFIED`, `UPDT_ID`, `DESCRIPTION`, `NAME`, `TITLE`, `LANGUAGE_ID`, `ZONE_ID`) VALUES (201,'2022-05-02 12:47:59','2022-05-02 12:47:59',NULL,NULL,'Australie-Occidentale',NULL,2,69);
INSERT INTO `zone_description` (`DESCRIPTION_ID`, `DATE_CREATED`, `DATE_MODIFIED`, `UPDT_ID`, `DESCRIPTION`, `NAME`, `TITLE`, `LANGUAGE_ID`, `ZONE_ID`) VALUES (202,'2022-05-02 12:47:59','2022-05-02 12:47:59',NULL,NULL,'Western Australia',NULL,3,69);
INSERT INTO `zone_description` (`DESCRIPTION_ID`, `DATE_CREATED`, `DATE_MODIFIED`, `UPDT_ID`, `DESCRIPTION`, `NAME`, `TITLE`, `LANGUAGE_ID`, `ZONE_ID`) VALUES (203,'2022-05-02 12:47:59','2022-05-02 12:47:59',NULL,NULL,'Saskatchewan',NULL,1,70);
INSERT INTO `zone_description` (`DESCRIPTION_ID`, `DATE_CREATED`, `DATE_MODIFIED`, `UPDT_ID`, `DESCRIPTION`, `NAME`, `TITLE`, `LANGUAGE_ID`, `ZONE_ID`) VALUES (204,'2022-05-02 12:47:59','2022-05-02 12:47:59',NULL,NULL,'Saskatchewan',NULL,2,70);
INSERT INTO `zone_description` (`DESCRIPTION_ID`, `DATE_CREATED`, `DATE_MODIFIED`, `UPDT_ID`, `DESCRIPTION`, `NAME`, `TITLE`, `LANGUAGE_ID`, `ZONE_ID`) VALUES (205,'2022-05-02 12:47:59','2022-05-02 12:47:59',NULL,NULL,'Saskatchewan',NULL,3,70);
INSERT INTO `zone_description` (`DESCRIPTION_ID`, `DATE_CREATED`, `DATE_MODIFIED`, `UPDT_ID`, `DESCRIPTION`, `NAME`, `TITLE`, `LANGUAGE_ID`, `ZONE_ID`) VALUES (206,'2022-05-02 12:47:59','2022-05-02 12:47:59',NULL,NULL,'Niedersachsen',NULL,1,71);
INSERT INTO `zone_description` (`DESCRIPTION_ID`, `DATE_CREATED`, `DATE_MODIFIED`, `UPDT_ID`, `DESCRIPTION`, `NAME`, `TITLE`, `LANGUAGE_ID`, `ZONE_ID`) VALUES (207,'2022-05-02 12:47:59','2022-05-02 12:47:59',NULL,NULL,'Niedersachsen',NULL,2,71);
INSERT INTO `zone_description` (`DESCRIPTION_ID`, `DATE_CREATED`, `DATE_MODIFIED`, `UPDT_ID`, `DESCRIPTION`, `NAME`, `TITLE`, `LANGUAGE_ID`, `ZONE_ID`) VALUES (208,'2022-05-02 12:47:59','2022-05-02 12:47:59',NULL,NULL,'Niedersachsen',NULL,3,71);
INSERT INTO `zone_description` (`DESCRIPTION_ID`, `DATE_CREATED`, `DATE_MODIFIED`, `UPDT_ID`, `DESCRIPTION`, `NAME`, `TITLE`, `LANGUAGE_ID`, `ZONE_ID`) VALUES (209,'2022-05-02 12:47:59','2022-05-02 12:47:59',NULL,NULL,'Solothurn',NULL,1,72);
INSERT INTO `zone_description` (`DESCRIPTION_ID`, `DATE_CREATED`, `DATE_MODIFIED`, `UPDT_ID`, `DESCRIPTION`, `NAME`, `TITLE`, `LANGUAGE_ID`, `ZONE_ID`) VALUES (210,'2022-05-02 12:47:59','2022-05-02 12:47:59',NULL,NULL,'Solothurn',NULL,2,72);
INSERT INTO `zone_description` (`DESCRIPTION_ID`, `DATE_CREATED`, `DATE_MODIFIED`, `UPDT_ID`, `DESCRIPTION`, `NAME`, `TITLE`, `LANGUAGE_ID`, `ZONE_ID`) VALUES (211,'2022-05-02 12:47:59','2022-05-02 12:47:59',NULL,NULL,'Solothurn',NULL,3,72);
INSERT INTO `zone_description` (`DESCRIPTION_ID`, `DATE_CREATED`, `DATE_MODIFIED`, `UPDT_ID`, `DESCRIPTION`, `NAME`, `TITLE`, `LANGUAGE_ID`, `ZONE_ID`) VALUES (212,'2022-05-02 12:47:59','2022-05-02 12:47:59',NULL,NULL,'California',NULL,1,73);
INSERT INTO `zone_description` (`DESCRIPTION_ID`, `DATE_CREATED`, `DATE_MODIFIED`, `UPDT_ID`, `DESCRIPTION`, `NAME`, `TITLE`, `LANGUAGE_ID`, `ZONE_ID`) VALUES (213,'2022-05-02 12:47:59','2022-05-02 12:47:59',NULL,NULL,'Californie',NULL,2,73);
INSERT INTO `zone_description` (`DESCRIPTION_ID`, `DATE_CREATED`, `DATE_MODIFIED`, `UPDT_ID`, `DESCRIPTION`, `NAME`, `TITLE`, `LANGUAGE_ID`, `ZONE_ID`) VALUES (214,'2022-05-02 12:47:59','2022-05-02 12:47:59',NULL,NULL,'California',NULL,3,73);
INSERT INTO `zone_description` (`DESCRIPTION_ID`, `DATE_CREATED`, `DATE_MODIFIED`, `UPDT_ID`, `DESCRIPTION`, `NAME`, `TITLE`, `LANGUAGE_ID`, `ZONE_ID`) VALUES (215,'2022-05-02 12:47:59','2022-05-02 12:47:59',NULL,NULL,'Northern Territory',NULL,1,74);
INSERT INTO `zone_description` (`DESCRIPTION_ID`, `DATE_CREATED`, `DATE_MODIFIED`, `UPDT_ID`, `DESCRIPTION`, `NAME`, `TITLE`, `LANGUAGE_ID`, `ZONE_ID`) VALUES (216,'2022-05-02 12:47:59','2022-05-02 12:47:59',NULL,NULL,'Territoire du Nord',NULL,2,74);
INSERT INTO `zone_description` (`DESCRIPTION_ID`, `DATE_CREATED`, `DATE_MODIFIED`, `UPDT_ID`, `DESCRIPTION`, `NAME`, `TITLE`, `LANGUAGE_ID`, `ZONE_ID`) VALUES (217,'2022-05-02 12:47:59','2022-05-02 12:47:59',NULL,NULL,'Northern Territory',NULL,3,74);
INSERT INTO `zone_description` (`DESCRIPTION_ID`, `DATE_CREATED`, `DATE_MODIFIED`, `UPDT_ID`, `DESCRIPTION`, `NAME`, `TITLE`, `LANGUAGE_ID`, `ZONE_ID`) VALUES (218,'2022-05-02 12:47:59','2022-05-02 12:47:59',NULL,NULL,'Steiermark',NULL,1,75);
INSERT INTO `zone_description` (`DESCRIPTION_ID`, `DATE_CREATED`, `DATE_MODIFIED`, `UPDT_ID`, `DESCRIPTION`, `NAME`, `TITLE`, `LANGUAGE_ID`, `ZONE_ID`) VALUES (219,'2022-05-02 12:47:59','2022-05-02 12:47:59',NULL,NULL,'Steiermark',NULL,2,75);
INSERT INTO `zone_description` (`DESCRIPTION_ID`, `DATE_CREATED`, `DATE_MODIFIED`, `UPDT_ID`, `DESCRIPTION`, `NAME`, `TITLE`, `LANGUAGE_ID`, `ZONE_ID`) VALUES (220,'2022-05-02 12:47:59','2022-05-02 12:47:59',NULL,NULL,'Steiermark',NULL,3,75);
INSERT INTO `zone_description` (`DESCRIPTION_ID`, `DATE_CREATED`, `DATE_MODIFIED`, `UPDT_ID`, `DESCRIPTION`, `NAME`, `TITLE`, `LANGUAGE_ID`, `ZONE_ID`) VALUES (221,'2022-05-02 12:47:59','2022-05-02 12:47:59',NULL,NULL,'Katen',NULL,1,76);
INSERT INTO `zone_description` (`DESCRIPTION_ID`, `DATE_CREATED`, `DATE_MODIFIED`, `UPDT_ID`, `DESCRIPTION`, `NAME`, `TITLE`, `LANGUAGE_ID`, `ZONE_ID`) VALUES (222,'2022-05-02 12:47:59','2022-05-02 12:47:59',NULL,NULL,'Karten',NULL,2,76);
INSERT INTO `zone_description` (`DESCRIPTION_ID`, `DATE_CREATED`, `DATE_MODIFIED`, `UPDT_ID`, `DESCRIPTION`, `NAME`, `TITLE`, `LANGUAGE_ID`, `ZONE_ID`) VALUES (223,'2022-05-02 12:47:59','2022-05-02 12:47:59',NULL,NULL,'Katen',NULL,3,76);
INSERT INTO `zone_description` (`DESCRIPTION_ID`, `DATE_CREATED`, `DATE_MODIFIED`, `UPDT_ID`, `DESCRIPTION`, `NAME`, `TITLE`, `LANGUAGE_ID`, `ZONE_ID`) VALUES (224,'2022-05-02 12:47:59','2022-05-02 12:47:59',NULL,NULL,'Jaen',NULL,1,77);
INSERT INTO `zone_description` (`DESCRIPTION_ID`, `DATE_CREATED`, `DATE_MODIFIED`, `UPDT_ID`, `DESCRIPTION`, `NAME`, `TITLE`, `LANGUAGE_ID`, `ZONE_ID`) VALUES (225,'2022-05-02 12:47:59','2022-05-02 12:47:59',NULL,NULL,'Jaen',NULL,2,77);
INSERT INTO `zone_description` (`DESCRIPTION_ID`, `DATE_CREATED`, `DATE_MODIFIED`, `UPDT_ID`, `DESCRIPTION`, `NAME`, `TITLE`, `LANGUAGE_ID`, `ZONE_ID`) VALUES (226,'2022-05-02 12:47:59','2022-05-02 12:47:59',NULL,NULL,'Jaen',NULL,3,77);
INSERT INTO `zone_description` (`DESCRIPTION_ID`, `DATE_CREATED`, `DATE_MODIFIED`, `UPDT_ID`, `DESCRIPTION`, `NAME`, `TITLE`, `LANGUAGE_ID`, `ZONE_ID`) VALUES (227,'2022-05-02 12:47:59','2022-05-02 12:47:59',NULL,NULL,'Asuncion',NULL,1,78);
INSERT INTO `zone_description` (`DESCRIPTION_ID`, `DATE_CREATED`, `DATE_MODIFIED`, `UPDT_ID`, `DESCRIPTION`, `NAME`, `TITLE`, `LANGUAGE_ID`, `ZONE_ID`) VALUES (228,'2022-05-02 12:47:59','2022-05-02 12:47:59',NULL,NULL,'Asunción',NULL,3,78);
INSERT INTO `zone_description` (`DESCRIPTION_ID`, `DATE_CREATED`, `DATE_MODIFIED`, `UPDT_ID`, `DESCRIPTION`, `NAME`, `TITLE`, `LANGUAGE_ID`, `ZONE_ID`) VALUES (229,'2022-05-02 12:47:59','2022-05-02 12:47:59',NULL,NULL,'Ciudad Real',NULL,1,79);
INSERT INTO `zone_description` (`DESCRIPTION_ID`, `DATE_CREATED`, `DATE_MODIFIED`, `UPDT_ID`, `DESCRIPTION`, `NAME`, `TITLE`, `LANGUAGE_ID`, `ZONE_ID`) VALUES (230,'2022-05-02 12:47:59','2022-05-02 12:47:59',NULL,NULL,'Ciudad Real',NULL,2,79);
INSERT INTO `zone_description` (`DESCRIPTION_ID`, `DATE_CREATED`, `DATE_MODIFIED`, `UPDT_ID`, `DESCRIPTION`, `NAME`, `TITLE`, `LANGUAGE_ID`, `ZONE_ID`) VALUES (231,'2022-05-02 12:47:59','2022-05-02 12:47:59',NULL,NULL,'Ciudad Real',NULL,3,79);
INSERT INTO `zone_description` (`DESCRIPTION_ID`, `DATE_CREATED`, `DATE_MODIFIED`, `UPDT_ID`, `DESCRIPTION`, `NAME`, `TITLE`, `LANGUAGE_ID`, `ZONE_ID`) VALUES (232,'2022-05-02 12:47:59','2022-05-02 12:47:59',NULL,NULL,'Schwyz',NULL,1,80);
INSERT INTO `zone_description` (`DESCRIPTION_ID`, `DATE_CREATED`, `DATE_MODIFIED`, `UPDT_ID`, `DESCRIPTION`, `NAME`, `TITLE`, `LANGUAGE_ID`, `ZONE_ID`) VALUES (233,'2022-05-02 12:48:00','2022-05-02 12:48:00',NULL,NULL,'Schwyz',NULL,2,80);
INSERT INTO `zone_description` (`DESCRIPTION_ID`, `DATE_CREATED`, `DATE_MODIFIED`, `UPDT_ID`, `DESCRIPTION`, `NAME`, `TITLE`, `LANGUAGE_ID`, `ZONE_ID`) VALUES (234,'2022-05-02 12:48:00','2022-05-02 12:48:00',NULL,NULL,'Schwyz',NULL,3,80);
INSERT INTO `zone_description` (`DESCRIPTION_ID`, `DATE_CREATED`, `DATE_MODIFIED`, `UPDT_ID`, `DESCRIPTION`, `NAME`, `TITLE`, `LANGUAGE_ID`, `ZONE_ID`) VALUES (235,'2022-05-02 12:48:00','2022-05-02 12:48:00',NULL,NULL,'Alava',NULL,1,81);
INSERT INTO `zone_description` (`DESCRIPTION_ID`, `DATE_CREATED`, `DATE_MODIFIED`, `UPDT_ID`, `DESCRIPTION`, `NAME`, `TITLE`, `LANGUAGE_ID`, `ZONE_ID`) VALUES (236,'2022-05-02 12:48:00','2022-05-02 12:48:00',NULL,NULL,'Alava',NULL,2,81);
INSERT INTO `zone_description` (`DESCRIPTION_ID`, `DATE_CREATED`, `DATE_MODIFIED`, `UPDT_ID`, `DESCRIPTION`, `NAME`, `TITLE`, `LANGUAGE_ID`, `ZONE_ID`) VALUES (237,'2022-05-02 12:48:00','2022-05-02 12:48:00',NULL,NULL,'Alava',NULL,3,81);
INSERT INTO `zone_description` (`DESCRIPTION_ID`, `DATE_CREATED`, `DATE_MODIFIED`, `UPDT_ID`, `DESCRIPTION`, `NAME`, `TITLE`, `LANGUAGE_ID`, `ZONE_ID`) VALUES (238,'2022-05-02 12:48:00','2022-05-02 12:48:00',NULL,NULL,'Kansas',NULL,1,82);
INSERT INTO `zone_description` (`DESCRIPTION_ID`, `DATE_CREATED`, `DATE_MODIFIED`, `UPDT_ID`, `DESCRIPTION`, `NAME`, `TITLE`, `LANGUAGE_ID`, `ZONE_ID`) VALUES (239,'2022-05-02 12:48:00','2022-05-02 12:48:00',NULL,NULL,'Kansas',NULL,2,82);
INSERT INTO `zone_description` (`DESCRIPTION_ID`, `DATE_CREATED`, `DATE_MODIFIED`, `UPDT_ID`, `DESCRIPTION`, `NAME`, `TITLE`, `LANGUAGE_ID`, `ZONE_ID`) VALUES (240,'2022-05-02 12:48:00','2022-05-02 12:48:00',NULL,NULL,'Kansas',NULL,3,82);
INSERT INTO `zone_description` (`DESCRIPTION_ID`, `DATE_CREATED`, `DATE_MODIFIED`, `UPDT_ID`, `DESCRIPTION`, `NAME`, `TITLE`, `LANGUAGE_ID`, `ZONE_ID`) VALUES (241,'2022-05-02 12:48:00','2022-05-02 12:48:00',NULL,NULL,'Colorado',NULL,1,83);
INSERT INTO `zone_description` (`DESCRIPTION_ID`, `DATE_CREATED`, `DATE_MODIFIED`, `UPDT_ID`, `DESCRIPTION`, `NAME`, `TITLE`, `LANGUAGE_ID`, `ZONE_ID`) VALUES (242,'2022-05-02 12:48:00','2022-05-02 12:48:00',NULL,NULL,'Colorado',NULL,2,83);
INSERT INTO `zone_description` (`DESCRIPTION_ID`, `DATE_CREATED`, `DATE_MODIFIED`, `UPDT_ID`, `DESCRIPTION`, `NAME`, `TITLE`, `LANGUAGE_ID`, `ZONE_ID`) VALUES (243,'2022-05-02 12:48:00','2022-05-02 12:48:00',NULL,NULL,'Colorado',NULL,3,83);
INSERT INTO `zone_description` (`DESCRIPTION_ID`, `DATE_CREATED`, `DATE_MODIFIED`, `UPDT_ID`, `DESCRIPTION`, `NAME`, `TITLE`, `LANGUAGE_ID`, `ZONE_ID`) VALUES (244,'2022-05-02 12:48:00','2022-05-02 12:48:00',NULL,NULL,'Kentucky',NULL,1,84);
INSERT INTO `zone_description` (`DESCRIPTION_ID`, `DATE_CREATED`, `DATE_MODIFIED`, `UPDT_ID`, `DESCRIPTION`, `NAME`, `TITLE`, `LANGUAGE_ID`, `ZONE_ID`) VALUES (245,'2022-05-02 12:48:00','2022-05-02 12:48:00',NULL,NULL,'Kentucky',NULL,2,84);
INSERT INTO `zone_description` (`DESCRIPTION_ID`, `DATE_CREATED`, `DATE_MODIFIED`, `UPDT_ID`, `DESCRIPTION`, `NAME`, `TITLE`, `LANGUAGE_ID`, `ZONE_ID`) VALUES (246,'2022-05-02 12:48:00','2022-05-02 12:48:00',NULL,NULL,'Kentucky',NULL,3,84);
INSERT INTO `zone_description` (`DESCRIPTION_ID`, `DATE_CREATED`, `DATE_MODIFIED`, `UPDT_ID`, `DESCRIPTION`, `NAME`, `TITLE`, `LANGUAGE_ID`, `ZONE_ID`) VALUES (247,'2022-05-02 12:48:00','2022-05-02 12:48:00',NULL,NULL,'Berlin',NULL,1,85);
INSERT INTO `zone_description` (`DESCRIPTION_ID`, `DATE_CREATED`, `DATE_MODIFIED`, `UPDT_ID`, `DESCRIPTION`, `NAME`, `TITLE`, `LANGUAGE_ID`, `ZONE_ID`) VALUES (248,'2022-05-02 12:48:00','2022-05-02 12:48:00',NULL,NULL,'Berlin',NULL,2,85);
INSERT INTO `zone_description` (`DESCRIPTION_ID`, `DATE_CREATED`, `DATE_MODIFIED`, `UPDT_ID`, `DESCRIPTION`, `NAME`, `TITLE`, `LANGUAGE_ID`, `ZONE_ID`) VALUES (249,'2022-05-02 12:48:00','2022-05-02 12:48:00',NULL,NULL,'Berlin',NULL,3,85);
INSERT INTO `zone_description` (`DESCRIPTION_ID`, `DATE_CREATED`, `DATE_MODIFIED`, `UPDT_ID`, `DESCRIPTION`, `NAME`, `TITLE`, `LANGUAGE_ID`, `ZONE_ID`) VALUES (250,'2022-05-02 12:48:00','2022-05-02 12:48:00',NULL,NULL,'Connecticut',NULL,1,86);
INSERT INTO `zone_description` (`DESCRIPTION_ID`, `DATE_CREATED`, `DATE_MODIFIED`, `UPDT_ID`, `DESCRIPTION`, `NAME`, `TITLE`, `LANGUAGE_ID`, `ZONE_ID`) VALUES (251,'2022-05-02 12:48:00','2022-05-02 12:48:00',NULL,NULL,'Connecticut',NULL,2,86);
INSERT INTO `zone_description` (`DESCRIPTION_ID`, `DATE_CREATED`, `DATE_MODIFIED`, `UPDT_ID`, `DESCRIPTION`, `NAME`, `TITLE`, `LANGUAGE_ID`, `ZONE_ID`) VALUES (252,'2022-05-02 12:48:00','2022-05-02 12:48:00',NULL,NULL,'Connecticut',NULL,3,86);
INSERT INTO `zone_description` (`DESCRIPTION_ID`, `DATE_CREATED`, `DATE_MODIFIED`, `UPDT_ID`, `DESCRIPTION`, `NAME`, `TITLE`, `LANGUAGE_ID`, `ZONE_ID`) VALUES (253,'2022-05-02 12:48:00','2022-05-02 12:48:00',NULL,NULL,'Australian Capital Territory',NULL,1,87);
INSERT INTO `zone_description` (`DESCRIPTION_ID`, `DATE_CREATED`, `DATE_MODIFIED`, `UPDT_ID`, `DESCRIPTION`, `NAME`, `TITLE`, `LANGUAGE_ID`, `ZONE_ID`) VALUES (254,'2022-05-02 12:48:00','2022-05-02 12:48:00',NULL,NULL,'Territoire de la capitale australienne',NULL,2,87);
INSERT INTO `zone_description` (`DESCRIPTION_ID`, `DATE_CREATED`, `DATE_MODIFIED`, `UPDT_ID`, `DESCRIPTION`, `NAME`, `TITLE`, `LANGUAGE_ID`, `ZONE_ID`) VALUES (255,'2022-05-02 12:48:00','2022-05-02 12:48:00',NULL,NULL,'Australian Capital Territory',NULL,3,87);
INSERT INTO `zone_description` (`DESCRIPTION_ID`, `DATE_CREATED`, `DATE_MODIFIED`, `UPDT_ID`, `DESCRIPTION`, `NAME`, `TITLE`, `LANGUAGE_ID`, `ZONE_ID`) VALUES (256,'2022-05-02 12:48:00','2022-05-02 12:48:00',NULL,NULL,'Thurgau',NULL,1,88);
INSERT INTO `zone_description` (`DESCRIPTION_ID`, `DATE_CREATED`, `DATE_MODIFIED`, `UPDT_ID`, `DESCRIPTION`, `NAME`, `TITLE`, `LANGUAGE_ID`, `ZONE_ID`) VALUES (257,'2022-05-02 12:48:00','2022-05-02 12:48:00',NULL,NULL,'Thurgau',NULL,2,88);
INSERT INTO `zone_description` (`DESCRIPTION_ID`, `DATE_CREATED`, `DATE_MODIFIED`, `UPDT_ID`, `DESCRIPTION`, `NAME`, `TITLE`, `LANGUAGE_ID`, `ZONE_ID`) VALUES (258,'2022-05-02 12:48:00','2022-05-02 12:48:00',NULL,NULL,'Thurgau',NULL,3,88);
INSERT INTO `zone_description` (`DESCRIPTION_ID`, `DATE_CREATED`, `DATE_MODIFIED`, `UPDT_ID`, `DESCRIPTION`, `NAME`, `TITLE`, `LANGUAGE_ID`, `ZONE_ID`) VALUES (259,'2022-05-02 12:48:00','2022-05-02 12:48:00',NULL,NULL,'Louisiana',NULL,1,89);
INSERT INTO `zone_description` (`DESCRIPTION_ID`, `DATE_CREATED`, `DATE_MODIFIED`, `UPDT_ID`, `DESCRIPTION`, `NAME`, `TITLE`, `LANGUAGE_ID`, `ZONE_ID`) VALUES (260,'2022-05-02 12:48:00','2022-05-02 12:48:00',NULL,NULL,'Louisiane',NULL,2,89);
INSERT INTO `zone_description` (`DESCRIPTION_ID`, `DATE_CREATED`, `DATE_MODIFIED`, `UPDT_ID`, `DESCRIPTION`, `NAME`, `TITLE`, `LANGUAGE_ID`, `ZONE_ID`) VALUES (261,'2022-05-02 12:48:00','2022-05-02 12:48:00',NULL,NULL,'Louisiana',NULL,3,89);
INSERT INTO `zone_description` (`DESCRIPTION_ID`, `DATE_CREATED`, `DATE_MODIFIED`, `UPDT_ID`, `DESCRIPTION`, `NAME`, `TITLE`, `LANGUAGE_ID`, `ZONE_ID`) VALUES (262,'2022-05-02 12:48:00','2022-05-02 12:48:00',NULL,NULL,'Hamburg',NULL,1,90);
INSERT INTO `zone_description` (`DESCRIPTION_ID`, `DATE_CREATED`, `DATE_MODIFIED`, `UPDT_ID`, `DESCRIPTION`, `NAME`, `TITLE`, `LANGUAGE_ID`, `ZONE_ID`) VALUES (263,'2022-05-02 12:48:00','2022-05-02 12:48:00',NULL,NULL,'Hamburg',NULL,2,90);
INSERT INTO `zone_description` (`DESCRIPTION_ID`, `DATE_CREATED`, `DATE_MODIFIED`, `UPDT_ID`, `DESCRIPTION`, `NAME`, `TITLE`, `LANGUAGE_ID`, `ZONE_ID`) VALUES (264,'2022-05-02 12:48:00','2022-05-02 12:48:00',NULL,NULL,'Hamburg',NULL,3,90);
INSERT INTO `zone_description` (`DESCRIPTION_ID`, `DATE_CREATED`, `DATE_MODIFIED`, `UPDT_ID`, `DESCRIPTION`, `NAME`, `TITLE`, `LANGUAGE_ID`, `ZONE_ID`) VALUES (265,'2022-05-02 12:48:01','2022-05-02 12:48:01',NULL,NULL,'Tessin',NULL,1,91);
INSERT INTO `zone_description` (`DESCRIPTION_ID`, `DATE_CREATED`, `DATE_MODIFIED`, `UPDT_ID`, `DESCRIPTION`, `NAME`, `TITLE`, `LANGUAGE_ID`, `ZONE_ID`) VALUES (266,'2022-05-02 12:48:01','2022-05-02 12:48:01',NULL,NULL,'Tessin',NULL,2,91);
INSERT INTO `zone_description` (`DESCRIPTION_ID`, `DATE_CREATED`, `DATE_MODIFIED`, `UPDT_ID`, `DESCRIPTION`, `NAME`, `TITLE`, `LANGUAGE_ID`, `ZONE_ID`) VALUES (267,'2022-05-02 12:48:01','2022-05-02 12:48:01',NULL,NULL,'Tessin',NULL,3,91);
INSERT INTO `zone_description` (`DESCRIPTION_ID`, `DATE_CREATED`, `DATE_MODIFIED`, `UPDT_ID`, `DESCRIPTION`, `NAME`, `TITLE`, `LANGUAGE_ID`, `ZONE_ID`) VALUES (268,'2022-05-02 12:48:01','2022-05-02 12:48:01',NULL,NULL,'Lugo',NULL,1,92);
INSERT INTO `zone_description` (`DESCRIPTION_ID`, `DATE_CREATED`, `DATE_MODIFIED`, `UPDT_ID`, `DESCRIPTION`, `NAME`, `TITLE`, `LANGUAGE_ID`, `ZONE_ID`) VALUES (269,'2022-05-02 12:48:01','2022-05-02 12:48:01',NULL,NULL,'Lugo',NULL,2,92);
INSERT INTO `zone_description` (`DESCRIPTION_ID`, `DATE_CREATED`, `DATE_MODIFIED`, `UPDT_ID`, `DESCRIPTION`, `NAME`, `TITLE`, `LANGUAGE_ID`, `ZONE_ID`) VALUES (270,'2022-05-02 12:48:01','2022-05-02 12:48:01',NULL,NULL,'Lugo',NULL,3,92);
INSERT INTO `zone_description` (`DESCRIPTION_ID`, `DATE_CREATED`, `DATE_MODIFIED`, `UPDT_ID`, `DESCRIPTION`, `NAME`, `TITLE`, `LANGUAGE_ID`, `ZONE_ID`) VALUES (271,'2022-05-02 12:48:01','2022-05-02 12:48:01',NULL,NULL,'Neuenburg',NULL,1,93);
INSERT INTO `zone_description` (`DESCRIPTION_ID`, `DATE_CREATED`, `DATE_MODIFIED`, `UPDT_ID`, `DESCRIPTION`, `NAME`, `TITLE`, `LANGUAGE_ID`, `ZONE_ID`) VALUES (272,'2022-05-02 12:48:01','2022-05-02 12:48:01',NULL,NULL,'Neuenburg',NULL,2,93);
INSERT INTO `zone_description` (`DESCRIPTION_ID`, `DATE_CREATED`, `DATE_MODIFIED`, `UPDT_ID`, `DESCRIPTION`, `NAME`, `TITLE`, `LANGUAGE_ID`, `ZONE_ID`) VALUES (273,'2022-05-02 12:48:01','2022-05-02 12:48:01',NULL,NULL,'Neuenburg',NULL,3,93);
INSERT INTO `zone_description` (`DESCRIPTION_ID`, `DATE_CREATED`, `DATE_MODIFIED`, `UPDT_ID`, `DESCRIPTION`, `NAME`, `TITLE`, `LANGUAGE_ID`, `ZONE_ID`) VALUES (274,'2022-05-02 12:48:01','2022-05-02 12:48:01',NULL,NULL,'Tennessee',NULL,1,94);
INSERT INTO `zone_description` (`DESCRIPTION_ID`, `DATE_CREATED`, `DATE_MODIFIED`, `UPDT_ID`, `DESCRIPTION`, `NAME`, `TITLE`, `LANGUAGE_ID`, `ZONE_ID`) VALUES (275,'2022-05-02 12:48:01','2022-05-02 12:48:01',NULL,NULL,'Tennessee',NULL,2,94);
INSERT INTO `zone_description` (`DESCRIPTION_ID`, `DATE_CREATED`, `DATE_MODIFIED`, `UPDT_ID`, `DESCRIPTION`, `NAME`, `TITLE`, `LANGUAGE_ID`, `ZONE_ID`) VALUES (276,'2022-05-02 12:48:01','2022-05-02 12:48:01',NULL,NULL,'Tennessee',NULL,3,94);
INSERT INTO `zone_description` (`DESCRIPTION_ID`, `DATE_CREATED`, `DATE_MODIFIED`, `UPDT_ID`, `DESCRIPTION`, `NAME`, `TITLE`, `LANGUAGE_ID`, `ZONE_ID`) VALUES (277,'2022-05-02 12:48:01','2022-05-02 12:48:01',NULL,NULL,'Toledo',NULL,1,95);
INSERT INTO `zone_description` (`DESCRIPTION_ID`, `DATE_CREATED`, `DATE_MODIFIED`, `UPDT_ID`, `DESCRIPTION`, `NAME`, `TITLE`, `LANGUAGE_ID`, `ZONE_ID`) VALUES (278,'2022-05-02 12:48:01','2022-05-02 12:48:01',NULL,NULL,'Toledo',NULL,2,95);
INSERT INTO `zone_description` (`DESCRIPTION_ID`, `DATE_CREATED`, `DATE_MODIFIED`, `UPDT_ID`, `DESCRIPTION`, `NAME`, `TITLE`, `LANGUAGE_ID`, `ZONE_ID`) VALUES (279,'2022-05-02 12:48:01','2022-05-02 12:48:01',NULL,NULL,'Toledo',NULL,3,95);
INSERT INTO `zone_description` (`DESCRIPTION_ID`, `DATE_CREATED`, `DATE_MODIFIED`, `UPDT_ID`, `DESCRIPTION`, `NAME`, `TITLE`, `LANGUAGE_ID`, `ZONE_ID`) VALUES (280,'2022-05-02 12:48:01','2022-05-02 12:48:01',NULL,NULL,'District of Columbia',NULL,1,96);
INSERT INTO `zone_description` (`DESCRIPTION_ID`, `DATE_CREATED`, `DATE_MODIFIED`, `UPDT_ID`, `DESCRIPTION`, `NAME`, `TITLE`, `LANGUAGE_ID`, `ZONE_ID`) VALUES (281,'2022-05-02 12:48:01','2022-05-02 12:48:01',NULL,NULL,'District de Columbia',NULL,2,96);
INSERT INTO `zone_description` (`DESCRIPTION_ID`, `DATE_CREATED`, `DATE_MODIFIED`, `UPDT_ID`, `DESCRIPTION`, `NAME`, `TITLE`, `LANGUAGE_ID`, `ZONE_ID`) VALUES (282,'2022-05-02 12:48:01','2022-05-02 12:48:01',NULL,NULL,'District of Columbia',NULL,3,96);
INSERT INTO `zone_description` (`DESCRIPTION_ID`, `DATE_CREATED`, `DATE_MODIFIED`, `UPDT_ID`, `DESCRIPTION`, `NAME`, `TITLE`, `LANGUAGE_ID`, `ZONE_ID`) VALUES (283,'2022-05-02 12:48:01','2022-05-02 12:48:01',NULL,NULL,'Palencia',NULL,1,97);
INSERT INTO `zone_description` (`DESCRIPTION_ID`, `DATE_CREATED`, `DATE_MODIFIED`, `UPDT_ID`, `DESCRIPTION`, `NAME`, `TITLE`, `LANGUAGE_ID`, `ZONE_ID`) VALUES (284,'2022-05-02 12:48:01','2022-05-02 12:48:01',NULL,NULL,'Palencia',NULL,2,97);
INSERT INTO `zone_description` (`DESCRIPTION_ID`, `DATE_CREATED`, `DATE_MODIFIED`, `UPDT_ID`, `DESCRIPTION`, `NAME`, `TITLE`, `LANGUAGE_ID`, `ZONE_ID`) VALUES (285,'2022-05-02 12:48:01','2022-05-02 12:48:01',NULL,NULL,'Palencia',NULL,3,97);
INSERT INTO `zone_description` (`DESCRIPTION_ID`, `DATE_CREATED`, `DATE_MODIFIED`, `UPDT_ID`, `DESCRIPTION`, `NAME`, `TITLE`, `LANGUAGE_ID`, `ZONE_ID`) VALUES (286,'2022-05-02 12:48:01','2022-05-02 12:48:01',NULL,NULL,'Delaware',NULL,1,98);
INSERT INTO `zone_description` (`DESCRIPTION_ID`, `DATE_CREATED`, `DATE_MODIFIED`, `UPDT_ID`, `DESCRIPTION`, `NAME`, `TITLE`, `LANGUAGE_ID`, `ZONE_ID`) VALUES (287,'2022-05-02 12:48:01','2022-05-02 12:48:01',NULL,NULL,'Delaware',NULL,2,98);
INSERT INTO `zone_description` (`DESCRIPTION_ID`, `DATE_CREATED`, `DATE_MODIFIED`, `UPDT_ID`, `DESCRIPTION`, `NAME`, `TITLE`, `LANGUAGE_ID`, `ZONE_ID`) VALUES (288,'2022-05-02 12:48:01','2022-05-02 12:48:01',NULL,NULL,'Delaware',NULL,3,98);
INSERT INTO `zone_description` (`DESCRIPTION_ID`, `DATE_CREATED`, `DATE_MODIFIED`, `UPDT_ID`, `DESCRIPTION`, `NAME`, `TITLE`, `LANGUAGE_ID`, `ZONE_ID`) VALUES (289,'2022-05-02 12:48:01','2022-05-02 12:48:01',NULL,NULL,'Texas',NULL,1,99);
INSERT INTO `zone_description` (`DESCRIPTION_ID`, `DATE_CREATED`, `DATE_MODIFIED`, `UPDT_ID`, `DESCRIPTION`, `NAME`, `TITLE`, `LANGUAGE_ID`, `ZONE_ID`) VALUES (290,'2022-05-02 12:48:01','2022-05-02 12:48:01',NULL,NULL,'Texas',NULL,2,99);
INSERT INTO `zone_description` (`DESCRIPTION_ID`, `DATE_CREATED`, `DATE_MODIFIED`, `UPDT_ID`, `DESCRIPTION`, `NAME`, `TITLE`, `LANGUAGE_ID`, `ZONE_ID`) VALUES (291,'2022-05-02 12:48:01','2022-05-02 12:48:01',NULL,NULL,'Texas',NULL,3,99);
INSERT INTO `zone_description` (`DESCRIPTION_ID`, `DATE_CREATED`, `DATE_MODIFIED`, `UPDT_ID`, `DESCRIPTION`, `NAME`, `TITLE`, `LANGUAGE_ID`, `ZONE_ID`) VALUES (292,'2022-05-02 12:48:01','2022-05-02 12:48:01',NULL,NULL,'Tasmania',NULL,1,100);
INSERT INTO `zone_description` (`DESCRIPTION_ID`, `DATE_CREATED`, `DATE_MODIFIED`, `UPDT_ID`, `DESCRIPTION`, `NAME`, `TITLE`, `LANGUAGE_ID`, `ZONE_ID`) VALUES (293,'2022-05-02 12:48:01','2022-05-02 12:48:01',NULL,NULL,'Tasmanie',NULL,2,100);
INSERT INTO `zone_description` (`DESCRIPTION_ID`, `DATE_CREATED`, `DATE_MODIFIED`, `UPDT_ID`, `DESCRIPTION`, `NAME`, `TITLE`, `LANGUAGE_ID`, `ZONE_ID`) VALUES (294,'2022-05-02 12:48:01','2022-05-02 12:48:01',NULL,NULL,'Tasmania',NULL,3,100);
INSERT INTO `zone_description` (`DESCRIPTION_ID`, `DATE_CREATED`, `DATE_MODIFIED`, `UPDT_ID`, `DESCRIPTION`, `NAME`, `TITLE`, `LANGUAGE_ID`, `ZONE_ID`) VALUES (295,'2022-05-02 12:48:02','2022-05-02 12:48:02',NULL,NULL,'Queensland',NULL,1,101);
INSERT INTO `zone_description` (`DESCRIPTION_ID`, `DATE_CREATED`, `DATE_MODIFIED`, `UPDT_ID`, `DESCRIPTION`, `NAME`, `TITLE`, `LANGUAGE_ID`, `ZONE_ID`) VALUES (296,'2022-05-02 12:48:02','2022-05-02 12:48:02',NULL,NULL,'Queensland',NULL,2,101);
INSERT INTO `zone_description` (`DESCRIPTION_ID`, `DATE_CREATED`, `DATE_MODIFIED`, `UPDT_ID`, `DESCRIPTION`, `NAME`, `TITLE`, `LANGUAGE_ID`, `ZONE_ID`) VALUES (297,'2022-05-02 12:48:02','2022-05-02 12:48:02',NULL,NULL,'Queensland',NULL,3,101);
INSERT INTO `zone_description` (`DESCRIPTION_ID`, `DATE_CREATED`, `DATE_MODIFIED`, `UPDT_ID`, `DESCRIPTION`, `NAME`, `TITLE`, `LANGUAGE_ID`, `ZONE_ID`) VALUES (298,'2022-05-02 12:48:02','2022-05-02 12:48:02',NULL,NULL,'Luzern',NULL,1,102);
INSERT INTO `zone_description` (`DESCRIPTION_ID`, `DATE_CREATED`, `DATE_MODIFIED`, `UPDT_ID`, `DESCRIPTION`, `NAME`, `TITLE`, `LANGUAGE_ID`, `ZONE_ID`) VALUES (299,'2022-05-02 12:48:02','2022-05-02 12:48:02',NULL,NULL,'Luzern',NULL,2,102);
INSERT INTO `zone_description` (`DESCRIPTION_ID`, `DATE_CREATED`, `DATE_MODIFIED`, `UPDT_ID`, `DESCRIPTION`, `NAME`, `TITLE`, `LANGUAGE_ID`, `ZONE_ID`) VALUES (300,'2022-05-02 12:48:02','2022-05-02 12:48:02',NULL,NULL,'Luzern',NULL,3,102);
INSERT INTO `zone_description` (`DESCRIPTION_ID`, `DATE_CREATED`, `DATE_MODIFIED`, `UPDT_ID`, `DESCRIPTION`, `NAME`, `TITLE`, `LANGUAGE_ID`, `ZONE_ID`) VALUES (301,'2022-05-02 12:48:02','2022-05-02 12:48:02',NULL,NULL,'Burgos',NULL,1,103);
INSERT INTO `zone_description` (`DESCRIPTION_ID`, `DATE_CREATED`, `DATE_MODIFIED`, `UPDT_ID`, `DESCRIPTION`, `NAME`, `TITLE`, `LANGUAGE_ID`, `ZONE_ID`) VALUES (302,'2022-05-02 12:48:02','2022-05-02 12:48:02',NULL,NULL,'Burgos',NULL,2,103);
INSERT INTO `zone_description` (`DESCRIPTION_ID`, `DATE_CREATED`, `DATE_MODIFIED`, `UPDT_ID`, `DESCRIPTION`, `NAME`, `TITLE`, `LANGUAGE_ID`, `ZONE_ID`) VALUES (303,'2022-05-02 12:48:02','2022-05-02 12:48:02',NULL,NULL,'Burgos',NULL,3,103);
INSERT INTO `zone_description` (`DESCRIPTION_ID`, `DATE_CREATED`, `DATE_MODIFIED`, `UPDT_ID`, `DESCRIPTION`, `NAME`, `TITLE`, `LANGUAGE_ID`, `ZONE_ID`) VALUES (304,'2022-05-02 12:48:02','2022-05-02 12:48:02',NULL,NULL,'Cadiz',NULL,1,104);
INSERT INTO `zone_description` (`DESCRIPTION_ID`, `DATE_CREATED`, `DATE_MODIFIED`, `UPDT_ID`, `DESCRIPTION`, `NAME`, `TITLE`, `LANGUAGE_ID`, `ZONE_ID`) VALUES (305,'2022-05-02 12:48:02','2022-05-02 12:48:02',NULL,NULL,'Cadiz',NULL,2,104);
INSERT INTO `zone_description` (`DESCRIPTION_ID`, `DATE_CREATED`, `DATE_MODIFIED`, `UPDT_ID`, `DESCRIPTION`, `NAME`, `TITLE`, `LANGUAGE_ID`, `ZONE_ID`) VALUES (306,'2022-05-02 12:48:02','2022-05-02 12:48:02',NULL,NULL,'Cadiz',NULL,3,104);
INSERT INTO `zone_description` (`DESCRIPTION_ID`, `DATE_CREATED`, `DATE_MODIFIED`, `UPDT_ID`, `DESCRIPTION`, `NAME`, `TITLE`, `LANGUAGE_ID`, `ZONE_ID`) VALUES (307,'2022-05-02 12:48:02','2022-05-02 12:48:02',NULL,NULL,'Santa Cruz de Tenerife',NULL,1,105);
INSERT INTO `zone_description` (`DESCRIPTION_ID`, `DATE_CREATED`, `DATE_MODIFIED`, `UPDT_ID`, `DESCRIPTION`, `NAME`, `TITLE`, `LANGUAGE_ID`, `ZONE_ID`) VALUES (308,'2022-05-02 12:48:02','2022-05-02 12:48:02',NULL,NULL,'Santa Cruz de Tenerife',NULL,2,105);
INSERT INTO `zone_description` (`DESCRIPTION_ID`, `DATE_CREATED`, `DATE_MODIFIED`, `UPDT_ID`, `DESCRIPTION`, `NAME`, `TITLE`, `LANGUAGE_ID`, `ZONE_ID`) VALUES (309,'2022-05-02 12:48:02','2022-05-02 12:48:02',NULL,NULL,'Santa Cruz de Tenerife',NULL,3,105);
INSERT INTO `zone_description` (`DESCRIPTION_ID`, `DATE_CREATED`, `DATE_MODIFIED`, `UPDT_ID`, `DESCRIPTION`, `NAME`, `TITLE`, `LANGUAGE_ID`, `ZONE_ID`) VALUES (310,'2022-05-02 12:48:02','2022-05-02 12:48:02',NULL,NULL,'Massachusetts',NULL,1,106);
INSERT INTO `zone_description` (`DESCRIPTION_ID`, `DATE_CREATED`, `DATE_MODIFIED`, `UPDT_ID`, `DESCRIPTION`, `NAME`, `TITLE`, `LANGUAGE_ID`, `ZONE_ID`) VALUES (311,'2022-05-02 12:48:02','2022-05-02 12:48:02',NULL,NULL,'Massachusetts',NULL,2,106);
INSERT INTO `zone_description` (`DESCRIPTION_ID`, `DATE_CREATED`, `DATE_MODIFIED`, `UPDT_ID`, `DESCRIPTION`, `NAME`, `TITLE`, `LANGUAGE_ID`, `ZONE_ID`) VALUES (312,'2022-05-02 12:48:02','2022-05-02 12:48:02',NULL,NULL,'Massachusetts',NULL,3,106);
INSERT INTO `zone_description` (`DESCRIPTION_ID`, `DATE_CREATED`, `DATE_MODIFIED`, `UPDT_ID`, `DESCRIPTION`, `NAME`, `TITLE`, `LANGUAGE_ID`, `ZONE_ID`) VALUES (313,'2022-05-02 12:48:02','2022-05-02 12:48:02',NULL,NULL,'Manitoba',NULL,1,107);
INSERT INTO `zone_description` (`DESCRIPTION_ID`, `DATE_CREATED`, `DATE_MODIFIED`, `UPDT_ID`, `DESCRIPTION`, `NAME`, `TITLE`, `LANGUAGE_ID`, `ZONE_ID`) VALUES (314,'2022-05-02 12:48:02','2022-05-02 12:48:02',NULL,NULL,'Manitoba',NULL,2,107);
INSERT INTO `zone_description` (`DESCRIPTION_ID`, `DATE_CREATED`, `DATE_MODIFIED`, `UPDT_ID`, `DESCRIPTION`, `NAME`, `TITLE`, `LANGUAGE_ID`, `ZONE_ID`) VALUES (315,'2022-05-02 12:48:02','2022-05-02 12:48:02',NULL,NULL,'Manitoba',NULL,3,107);
INSERT INTO `zone_description` (`DESCRIPTION_ID`, `DATE_CREATED`, `DATE_MODIFIED`, `UPDT_ID`, `DESCRIPTION`, `NAME`, `TITLE`, `LANGUAGE_ID`, `ZONE_ID`) VALUES (316,'2022-05-02 12:48:02','2022-05-02 12:48:02',NULL,NULL,'Maryland',NULL,1,108);
INSERT INTO `zone_description` (`DESCRIPTION_ID`, `DATE_CREATED`, `DATE_MODIFIED`, `UPDT_ID`, `DESCRIPTION`, `NAME`, `TITLE`, `LANGUAGE_ID`, `ZONE_ID`) VALUES (317,'2022-05-02 12:48:02','2022-05-02 12:48:02',NULL,NULL,'Maryland',NULL,2,108);
INSERT INTO `zone_description` (`DESCRIPTION_ID`, `DATE_CREATED`, `DATE_MODIFIED`, `UPDT_ID`, `DESCRIPTION`, `NAME`, `TITLE`, `LANGUAGE_ID`, `ZONE_ID`) VALUES (318,'2022-05-02 12:48:02','2022-05-02 12:48:02',NULL,NULL,'Maryland',NULL,3,108);
INSERT INTO `zone_description` (`DESCRIPTION_ID`, `DATE_CREATED`, `DATE_MODIFIED`, `UPDT_ID`, `DESCRIPTION`, `NAME`, `TITLE`, `LANGUAGE_ID`, `ZONE_ID`) VALUES (319,'2022-05-02 12:48:02','2022-05-02 12:48:02',NULL,NULL,'Girona',NULL,1,109);
INSERT INTO `zone_description` (`DESCRIPTION_ID`, `DATE_CREATED`, `DATE_MODIFIED`, `UPDT_ID`, `DESCRIPTION`, `NAME`, `TITLE`, `LANGUAGE_ID`, `ZONE_ID`) VALUES (320,'2022-05-02 12:48:02','2022-05-02 12:48:02',NULL,NULL,'Girona',NULL,2,109);
INSERT INTO `zone_description` (`DESCRIPTION_ID`, `DATE_CREATED`, `DATE_MODIFIED`, `UPDT_ID`, `DESCRIPTION`, `NAME`, `TITLE`, `LANGUAGE_ID`, `ZONE_ID`) VALUES (321,'2022-05-02 12:48:02','2022-05-02 12:48:02',NULL,NULL,'Girona',NULL,3,109);
INSERT INTO `zone_description` (`DESCRIPTION_ID`, `DATE_CREATED`, `DATE_MODIFIED`, `UPDT_ID`, `DESCRIPTION`, `NAME`, `TITLE`, `LANGUAGE_ID`, `ZONE_ID`) VALUES (322,'2022-05-02 12:48:02','2022-05-02 12:48:02',NULL,NULL,'Maine',NULL,1,110);
INSERT INTO `zone_description` (`DESCRIPTION_ID`, `DATE_CREATED`, `DATE_MODIFIED`, `UPDT_ID`, `DESCRIPTION`, `NAME`, `TITLE`, `LANGUAGE_ID`, `ZONE_ID`) VALUES (323,'2022-05-02 12:48:02','2022-05-02 12:48:02',NULL,NULL,'Maine',NULL,2,110);
INSERT INTO `zone_description` (`DESCRIPTION_ID`, `DATE_CREATED`, `DATE_MODIFIED`, `UPDT_ID`, `DESCRIPTION`, `NAME`, `TITLE`, `LANGUAGE_ID`, `ZONE_ID`) VALUES (324,'2022-05-02 12:48:02','2022-05-02 12:48:02',NULL,NULL,'Maine',NULL,3,110);
INSERT INTO `zone_description` (`DESCRIPTION_ID`, `DATE_CREATED`, `DATE_MODIFIED`, `UPDT_ID`, `DESCRIPTION`, `NAME`, `TITLE`, `LANGUAGE_ID`, `ZONE_ID`) VALUES (325,'2022-05-02 12:48:02','2022-05-02 12:48:02',NULL,NULL,'Alicante',NULL,1,111);
INSERT INTO `zone_description` (`DESCRIPTION_ID`, `DATE_CREATED`, `DATE_MODIFIED`, `UPDT_ID`, `DESCRIPTION`, `NAME`, `TITLE`, `LANGUAGE_ID`, `ZONE_ID`) VALUES (326,'2022-05-02 12:48:03','2022-05-02 12:48:03',NULL,NULL,'Alicante',NULL,2,111);
INSERT INTO `zone_description` (`DESCRIPTION_ID`, `DATE_CREATED`, `DATE_MODIFIED`, `UPDT_ID`, `DESCRIPTION`, `NAME`, `TITLE`, `LANGUAGE_ID`, `ZONE_ID`) VALUES (327,'2022-05-02 12:48:03','2022-05-02 12:48:03',NULL,NULL,'Alicante',NULL,3,111);
INSERT INTO `zone_description` (`DESCRIPTION_ID`, `DATE_CREATED`, `DATE_MODIFIED`, `UPDT_ID`, `DESCRIPTION`, `NAME`, `TITLE`, `LANGUAGE_ID`, `ZONE_ID`) VALUES (328,'2022-05-02 12:48:03','2022-05-02 12:48:03',NULL,NULL,'Guadalajara',NULL,1,112);
INSERT INTO `zone_description` (`DESCRIPTION_ID`, `DATE_CREATED`, `DATE_MODIFIED`, `UPDT_ID`, `DESCRIPTION`, `NAME`, `TITLE`, `LANGUAGE_ID`, `ZONE_ID`) VALUES (329,'2022-05-02 12:48:03','2022-05-02 12:48:03',NULL,NULL,'Guadalajara',NULL,2,112);
INSERT INTO `zone_description` (`DESCRIPTION_ID`, `DATE_CREATED`, `DATE_MODIFIED`, `UPDT_ID`, `DESCRIPTION`, `NAME`, `TITLE`, `LANGUAGE_ID`, `ZONE_ID`) VALUES (330,'2022-05-02 12:48:03','2022-05-02 12:48:03',NULL,NULL,'Guadalajara',NULL,3,112);
INSERT INTO `zone_description` (`DESCRIPTION_ID`, `DATE_CREATED`, `DATE_MODIFIED`, `UPDT_ID`, `DESCRIPTION`, `NAME`, `TITLE`, `LANGUAGE_ID`, `ZONE_ID`) VALUES (331,'2022-05-02 12:48:03','2022-05-02 12:48:03',NULL,NULL,'Cantabria',NULL,1,113);
INSERT INTO `zone_description` (`DESCRIPTION_ID`, `DATE_CREATED`, `DATE_MODIFIED`, `UPDT_ID`, `DESCRIPTION`, `NAME`, `TITLE`, `LANGUAGE_ID`, `ZONE_ID`) VALUES (332,'2022-05-02 12:48:03','2022-05-02 12:48:03',NULL,NULL,'Cantabria',NULL,2,113);
INSERT INTO `zone_description` (`DESCRIPTION_ID`, `DATE_CREATED`, `DATE_MODIFIED`, `UPDT_ID`, `DESCRIPTION`, `NAME`, `TITLE`, `LANGUAGE_ID`, `ZONE_ID`) VALUES (333,'2022-05-02 12:48:03','2022-05-02 12:48:03',NULL,NULL,'Cantabria',NULL,3,113);
INSERT INTO `zone_description` (`DESCRIPTION_ID`, `DATE_CREATED`, `DATE_MODIFIED`, `UPDT_ID`, `DESCRIPTION`, `NAME`, `TITLE`, `LANGUAGE_ID`, `ZONE_ID`) VALUES (334,'2022-05-02 12:48:03','2022-05-02 12:48:03',NULL,NULL,'Marshall Islands',NULL,1,114);
INSERT INTO `zone_description` (`DESCRIPTION_ID`, `DATE_CREATED`, `DATE_MODIFIED`, `UPDT_ID`, `DESCRIPTION`, `NAME`, `TITLE`, `LANGUAGE_ID`, `ZONE_ID`) VALUES (335,'2022-05-02 12:48:03','2022-05-02 12:48:03',NULL,NULL,'Marshall Islands',NULL,2,114);
INSERT INTO `zone_description` (`DESCRIPTION_ID`, `DATE_CREATED`, `DATE_MODIFIED`, `UPDT_ID`, `DESCRIPTION`, `NAME`, `TITLE`, `LANGUAGE_ID`, `ZONE_ID`) VALUES (336,'2022-05-02 12:48:03','2022-05-02 12:48:03',NULL,NULL,'Marshall Islands',NULL,3,114);
INSERT INTO `zone_description` (`DESCRIPTION_ID`, `DATE_CREATED`, `DATE_MODIFIED`, `UPDT_ID`, `DESCRIPTION`, `NAME`, `TITLE`, `LANGUAGE_ID`, `ZONE_ID`) VALUES (337,'2022-05-02 12:48:03','2022-05-02 12:48:03',NULL,NULL,'Michigan',NULL,1,115);
INSERT INTO `zone_description` (`DESCRIPTION_ID`, `DATE_CREATED`, `DATE_MODIFIED`, `UPDT_ID`, `DESCRIPTION`, `NAME`, `TITLE`, `LANGUAGE_ID`, `ZONE_ID`) VALUES (338,'2022-05-02 12:48:03','2022-05-02 12:48:03',NULL,NULL,'Michigan',NULL,2,115);
INSERT INTO `zone_description` (`DESCRIPTION_ID`, `DATE_CREATED`, `DATE_MODIFIED`, `UPDT_ID`, `DESCRIPTION`, `NAME`, `TITLE`, `LANGUAGE_ID`, `ZONE_ID`) VALUES (339,'2022-05-02 12:48:03','2022-05-02 12:48:03',NULL,NULL,'Michigan',NULL,3,115);
INSERT INTO `zone_description` (`DESCRIPTION_ID`, `DATE_CREATED`, `DATE_MODIFIED`, `UPDT_ID`, `DESCRIPTION`, `NAME`, `TITLE`, `LANGUAGE_ID`, `ZONE_ID`) VALUES (340,'2022-05-02 12:48:03','2022-05-02 12:48:03',NULL,NULL,'Uri',NULL,1,116);
INSERT INTO `zone_description` (`DESCRIPTION_ID`, `DATE_CREATED`, `DATE_MODIFIED`, `UPDT_ID`, `DESCRIPTION`, `NAME`, `TITLE`, `LANGUAGE_ID`, `ZONE_ID`) VALUES (341,'2022-05-02 12:48:03','2022-05-02 12:48:03',NULL,NULL,'Uri',NULL,2,116);
INSERT INTO `zone_description` (`DESCRIPTION_ID`, `DATE_CREATED`, `DATE_MODIFIED`, `UPDT_ID`, `DESCRIPTION`, `NAME`, `TITLE`, `LANGUAGE_ID`, `ZONE_ID`) VALUES (342,'2022-05-02 12:48:03','2022-05-02 12:48:03',NULL,NULL,'Uri',NULL,3,116);
INSERT INTO `zone_description` (`DESCRIPTION_ID`, `DATE_CREATED`, `DATE_MODIFIED`, `UPDT_ID`, `DESCRIPTION`, `NAME`, `TITLE`, `LANGUAGE_ID`, `ZONE_ID`) VALUES (343,'2022-05-02 12:48:03','2022-05-02 12:48:03',NULL,NULL,'Utah',NULL,1,117);
INSERT INTO `zone_description` (`DESCRIPTION_ID`, `DATE_CREATED`, `DATE_MODIFIED`, `UPDT_ID`, `DESCRIPTION`, `NAME`, `TITLE`, `LANGUAGE_ID`, `ZONE_ID`) VALUES (344,'2022-05-02 12:48:03','2022-05-02 12:48:03',NULL,NULL,'Utah',NULL,2,117);
INSERT INTO `zone_description` (`DESCRIPTION_ID`, `DATE_CREATED`, `DATE_MODIFIED`, `UPDT_ID`, `DESCRIPTION`, `NAME`, `TITLE`, `LANGUAGE_ID`, `ZONE_ID`) VALUES (345,'2022-05-02 12:48:03','2022-05-02 12:48:03',NULL,NULL,'Utah',NULL,3,117);
INSERT INTO `zone_description` (`DESCRIPTION_ID`, `DATE_CREATED`, `DATE_MODIFIED`, `UPDT_ID`, `DESCRIPTION`, `NAME`, `TITLE`, `LANGUAGE_ID`, `ZONE_ID`) VALUES (346,'2022-05-02 12:48:03','2022-05-02 12:48:03',NULL,NULL,'Minnesota',NULL,1,118);
INSERT INTO `zone_description` (`DESCRIPTION_ID`, `DATE_CREATED`, `DATE_MODIFIED`, `UPDT_ID`, `DESCRIPTION`, `NAME`, `TITLE`, `LANGUAGE_ID`, `ZONE_ID`) VALUES (347,'2022-05-02 12:48:03','2022-05-02 12:48:03',NULL,NULL,'Minnesota',NULL,2,118);
INSERT INTO `zone_description` (`DESCRIPTION_ID`, `DATE_CREATED`, `DATE_MODIFIED`, `UPDT_ID`, `DESCRIPTION`, `NAME`, `TITLE`, `LANGUAGE_ID`, `ZONE_ID`) VALUES (348,'2022-05-02 12:48:03','2022-05-02 12:48:03',NULL,NULL,'Minnesota',NULL,3,118);
INSERT INTO `zone_description` (`DESCRIPTION_ID`, `DATE_CREATED`, `DATE_MODIFIED`, `UPDT_ID`, `DESCRIPTION`, `NAME`, `TITLE`, `LANGUAGE_ID`, `ZONE_ID`) VALUES (349,'2022-05-02 12:48:03','2022-05-02 12:48:03',NULL,NULL,'Missouri',NULL,1,119);
INSERT INTO `zone_description` (`DESCRIPTION_ID`, `DATE_CREATED`, `DATE_MODIFIED`, `UPDT_ID`, `DESCRIPTION`, `NAME`, `TITLE`, `LANGUAGE_ID`, `ZONE_ID`) VALUES (350,'2022-05-02 12:48:03','2022-05-02 12:48:03',NULL,NULL,'Missouri',NULL,2,119);
INSERT INTO `zone_description` (`DESCRIPTION_ID`, `DATE_CREATED`, `DATE_MODIFIED`, `UPDT_ID`, `DESCRIPTION`, `NAME`, `TITLE`, `LANGUAGE_ID`, `ZONE_ID`) VALUES (351,'2022-05-02 12:48:03','2022-05-02 12:48:03',NULL,NULL,'Missouri',NULL,3,119);
INSERT INTO `zone_description` (`DESCRIPTION_ID`, `DATE_CREATED`, `DATE_MODIFIED`, `UPDT_ID`, `DESCRIPTION`, `NAME`, `TITLE`, `LANGUAGE_ID`, `ZONE_ID`) VALUES (352,'2022-05-02 12:48:03','2022-05-02 12:48:03',NULL,NULL,'Northern Mariana Islands',NULL,1,120);
INSERT INTO `zone_description` (`DESCRIPTION_ID`, `DATE_CREATED`, `DATE_MODIFIED`, `UPDT_ID`, `DESCRIPTION`, `NAME`, `TITLE`, `LANGUAGE_ID`, `ZONE_ID`) VALUES (353,'2022-05-02 12:48:03','2022-05-02 12:48:03',NULL,NULL,'Northern Mariana Islands',NULL,2,120);
INSERT INTO `zone_description` (`DESCRIPTION_ID`, `DATE_CREATED`, `DATE_MODIFIED`, `UPDT_ID`, `DESCRIPTION`, `NAME`, `TITLE`, `LANGUAGE_ID`, `ZONE_ID`) VALUES (354,'2022-05-02 12:48:03','2022-05-02 12:48:03',NULL,NULL,'Northern Mariana Islands',NULL,3,120);
INSERT INTO `zone_description` (`DESCRIPTION_ID`, `DATE_CREATED`, `DATE_MODIFIED`, `UPDT_ID`, `DESCRIPTION`, `NAME`, `TITLE`, `LANGUAGE_ID`, `ZONE_ID`) VALUES (355,'2022-05-02 12:48:03','2022-05-02 12:48:03',NULL,NULL,'Barcelona',NULL,1,121);
INSERT INTO `zone_description` (`DESCRIPTION_ID`, `DATE_CREATED`, `DATE_MODIFIED`, `UPDT_ID`, `DESCRIPTION`, `NAME`, `TITLE`, `LANGUAGE_ID`, `ZONE_ID`) VALUES (356,'2022-05-02 12:48:03','2022-05-02 12:48:03',NULL,NULL,'Barcelona',NULL,2,121);
INSERT INTO `zone_description` (`DESCRIPTION_ID`, `DATE_CREATED`, `DATE_MODIFIED`, `UPDT_ID`, `DESCRIPTION`, `NAME`, `TITLE`, `LANGUAGE_ID`, `ZONE_ID`) VALUES (357,'2022-05-02 12:48:03','2022-05-02 12:48:03',NULL,NULL,'Barcelona',NULL,3,121);
INSERT INTO `zone_description` (`DESCRIPTION_ID`, `DATE_CREATED`, `DATE_MODIFIED`, `UPDT_ID`, `DESCRIPTION`, `NAME`, `TITLE`, `LANGUAGE_ID`, `ZONE_ID`) VALUES (358,'2022-05-02 12:48:04','2022-05-02 12:48:04',NULL,NULL,'Mississippi',NULL,1,122);
INSERT INTO `zone_description` (`DESCRIPTION_ID`, `DATE_CREATED`, `DATE_MODIFIED`, `UPDT_ID`, `DESCRIPTION`, `NAME`, `TITLE`, `LANGUAGE_ID`, `ZONE_ID`) VALUES (359,'2022-05-02 12:48:04','2022-05-02 12:48:04',NULL,NULL,'Mississippi',NULL,2,122);
INSERT INTO `zone_description` (`DESCRIPTION_ID`, `DATE_CREATED`, `DATE_MODIFIED`, `UPDT_ID`, `DESCRIPTION`, `NAME`, `TITLE`, `LANGUAGE_ID`, `ZONE_ID`) VALUES (360,'2022-05-02 12:48:04','2022-05-02 12:48:04',NULL,NULL,'Mississippi',NULL,3,122);
INSERT INTO `zone_description` (`DESCRIPTION_ID`, `DATE_CREATED`, `DATE_MODIFIED`, `UPDT_ID`, `DESCRIPTION`, `NAME`, `TITLE`, `LANGUAGE_ID`, `ZONE_ID`) VALUES (361,'2022-05-02 12:48:04','2022-05-02 12:48:04',NULL,NULL,'Montana',NULL,1,123);
INSERT INTO `zone_description` (`DESCRIPTION_ID`, `DATE_CREATED`, `DATE_MODIFIED`, `UPDT_ID`, `DESCRIPTION`, `NAME`, `TITLE`, `LANGUAGE_ID`, `ZONE_ID`) VALUES (362,'2022-05-02 12:48:04','2022-05-02 12:48:04',NULL,NULL,'Montana',NULL,2,123);
INSERT INTO `zone_description` (`DESCRIPTION_ID`, `DATE_CREATED`, `DATE_MODIFIED`, `UPDT_ID`, `DESCRIPTION`, `NAME`, `TITLE`, `LANGUAGE_ID`, `ZONE_ID`) VALUES (363,'2022-05-02 12:48:04','2022-05-02 12:48:04',NULL,NULL,'Montana',NULL,3,123);
INSERT INTO `zone_description` (`DESCRIPTION_ID`, `DATE_CREATED`, `DATE_MODIFIED`, `UPDT_ID`, `DESCRIPTION`, `NAME`, `TITLE`, `LANGUAGE_ID`, `ZONE_ID`) VALUES (364,'2022-05-02 12:48:04','2022-05-02 12:48:04',NULL,NULL,'Badajoz',NULL,1,124);
INSERT INTO `zone_description` (`DESCRIPTION_ID`, `DATE_CREATED`, `DATE_MODIFIED`, `UPDT_ID`, `DESCRIPTION`, `NAME`, `TITLE`, `LANGUAGE_ID`, `ZONE_ID`) VALUES (365,'2022-05-02 12:48:04','2022-05-02 12:48:04',NULL,NULL,'Badajoz',NULL,2,124);
INSERT INTO `zone_description` (`DESCRIPTION_ID`, `DATE_CREATED`, `DATE_MODIFIED`, `UPDT_ID`, `DESCRIPTION`, `NAME`, `TITLE`, `LANGUAGE_ID`, `ZONE_ID`) VALUES (366,'2022-05-02 12:48:04','2022-05-02 12:48:04',NULL,NULL,'Badajoz',NULL,3,124);
INSERT INTO `zone_description` (`DESCRIPTION_ID`, `DATE_CREATED`, `DATE_MODIFIED`, `UPDT_ID`, `DESCRIPTION`, `NAME`, `TITLE`, `LANGUAGE_ID`, `ZONE_ID`) VALUES (367,'2022-05-02 12:48:04','2022-05-02 12:48:04',NULL,NULL,'Mecklenburg-Vorpommern',NULL,1,125);
INSERT INTO `zone_description` (`DESCRIPTION_ID`, `DATE_CREATED`, `DATE_MODIFIED`, `UPDT_ID`, `DESCRIPTION`, `NAME`, `TITLE`, `LANGUAGE_ID`, `ZONE_ID`) VALUES (368,'2022-05-02 12:48:04','2022-05-02 12:48:04',NULL,NULL,'Mecklenburg-Vorpommern',NULL,2,125);
INSERT INTO `zone_description` (`DESCRIPTION_ID`, `DATE_CREATED`, `DATE_MODIFIED`, `UPDT_ID`, `DESCRIPTION`, `NAME`, `TITLE`, `LANGUAGE_ID`, `ZONE_ID`) VALUES (369,'2022-05-02 12:48:04','2022-05-02 12:48:04',NULL,NULL,'Mecklenburg-Vorpommern',NULL,3,125);
INSERT INTO `zone_description` (`DESCRIPTION_ID`, `DATE_CREATED`, `DATE_MODIFIED`, `UPDT_ID`, `DESCRIPTION`, `NAME`, `TITLE`, `LANGUAGE_ID`, `ZONE_ID`) VALUES (370,'2022-05-02 12:48:04','2022-05-02 12:48:04',NULL,NULL,'Virginia',NULL,1,126);
INSERT INTO `zone_description` (`DESCRIPTION_ID`, `DATE_CREATED`, `DATE_MODIFIED`, `UPDT_ID`, `DESCRIPTION`, `NAME`, `TITLE`, `LANGUAGE_ID`, `ZONE_ID`) VALUES (371,'2022-05-02 12:48:04','2022-05-02 12:48:04',NULL,NULL,'Virginie',NULL,2,126);
INSERT INTO `zone_description` (`DESCRIPTION_ID`, `DATE_CREATED`, `DATE_MODIFIED`, `UPDT_ID`, `DESCRIPTION`, `NAME`, `TITLE`, `LANGUAGE_ID`, `ZONE_ID`) VALUES (372,'2022-05-02 12:48:04','2022-05-02 12:48:04',NULL,NULL,'Virginia',NULL,3,126);
INSERT INTO `zone_description` (`DESCRIPTION_ID`, `DATE_CREATED`, `DATE_MODIFIED`, `UPDT_ID`, `DESCRIPTION`, `NAME`, `TITLE`, `LANGUAGE_ID`, `ZONE_ID`) VALUES (373,'2022-05-02 12:48:04','2022-05-02 12:48:04',NULL,NULL,'Voralberg',NULL,1,127);
INSERT INTO `zone_description` (`DESCRIPTION_ID`, `DATE_CREATED`, `DATE_MODIFIED`, `UPDT_ID`, `DESCRIPTION`, `NAME`, `TITLE`, `LANGUAGE_ID`, `ZONE_ID`) VALUES (374,'2022-05-02 12:48:04','2022-05-02 12:48:04',NULL,NULL,'Voralberg',NULL,2,127);
INSERT INTO `zone_description` (`DESCRIPTION_ID`, `DATE_CREATED`, `DATE_MODIFIED`, `UPDT_ID`, `DESCRIPTION`, `NAME`, `TITLE`, `LANGUAGE_ID`, `ZONE_ID`) VALUES (375,'2022-05-02 12:48:04','2022-05-02 12:48:04',NULL,NULL,'Voralberg',NULL,3,127);
INSERT INTO `zone_description` (`DESCRIPTION_ID`, `DATE_CREATED`, `DATE_MODIFIED`, `UPDT_ID`, `DESCRIPTION`, `NAME`, `TITLE`, `LANGUAGE_ID`, `ZONE_ID`) VALUES (376,'2022-05-02 12:48:04','2022-05-02 12:48:04',NULL,NULL,'Cuenca',NULL,1,128);
INSERT INTO `zone_description` (`DESCRIPTION_ID`, `DATE_CREATED`, `DATE_MODIFIED`, `UPDT_ID`, `DESCRIPTION`, `NAME`, `TITLE`, `LANGUAGE_ID`, `ZONE_ID`) VALUES (377,'2022-05-02 12:48:04','2022-05-02 12:48:04',NULL,NULL,'Cuenca',NULL,2,128);
INSERT INTO `zone_description` (`DESCRIPTION_ID`, `DATE_CREATED`, `DATE_MODIFIED`, `UPDT_ID`, `DESCRIPTION`, `NAME`, `TITLE`, `LANGUAGE_ID`, `ZONE_ID`) VALUES (378,'2022-05-02 12:48:04','2022-05-02 12:48:04',NULL,NULL,'Cuenca',NULL,3,128);
INSERT INTO `zone_description` (`DESCRIPTION_ID`, `DATE_CREATED`, `DATE_MODIFIED`, `UPDT_ID`, `DESCRIPTION`, `NAME`, `TITLE`, `LANGUAGE_ID`, `ZONE_ID`) VALUES (379,'2022-05-02 12:48:04','2022-05-02 12:48:04',NULL,NULL,'Wien',NULL,1,129);
INSERT INTO `zone_description` (`DESCRIPTION_ID`, `DATE_CREATED`, `DATE_MODIFIED`, `UPDT_ID`, `DESCRIPTION`, `NAME`, `TITLE`, `LANGUAGE_ID`, `ZONE_ID`) VALUES (380,'2022-05-02 12:48:04','2022-05-02 12:48:04',NULL,NULL,'Wien',NULL,2,129);
INSERT INTO `zone_description` (`DESCRIPTION_ID`, `DATE_CREATED`, `DATE_MODIFIED`, `UPDT_ID`, `DESCRIPTION`, `NAME`, `TITLE`, `LANGUAGE_ID`, `ZONE_ID`) VALUES (381,'2022-05-02 12:48:04','2022-05-02 12:48:04',NULL,NULL,'Wien',NULL,3,129);
INSERT INTO `zone_description` (`DESCRIPTION_ID`, `DATE_CREATED`, `DATE_MODIFIED`, `UPDT_ID`, `DESCRIPTION`, `NAME`, `TITLE`, `LANGUAGE_ID`, `ZONE_ID`) VALUES (382,'2022-05-02 12:48:04','2022-05-02 12:48:04',NULL,NULL,'Waadt',NULL,1,130);
INSERT INTO `zone_description` (`DESCRIPTION_ID`, `DATE_CREATED`, `DATE_MODIFIED`, `UPDT_ID`, `DESCRIPTION`, `NAME`, `TITLE`, `LANGUAGE_ID`, `ZONE_ID`) VALUES (383,'2022-05-02 12:48:04','2022-05-02 12:48:04',NULL,NULL,'Waadt',NULL,2,130);
INSERT INTO `zone_description` (`DESCRIPTION_ID`, `DATE_CREATED`, `DATE_MODIFIED`, `UPDT_ID`, `DESCRIPTION`, `NAME`, `TITLE`, `LANGUAGE_ID`, `ZONE_ID`) VALUES (384,'2022-05-02 12:48:04','2022-05-02 12:48:04',NULL,NULL,'Waadt',NULL,3,130);
INSERT INTO `zone_description` (`DESCRIPTION_ID`, `DATE_CREATED`, `DATE_MODIFIED`, `UPDT_ID`, `DESCRIPTION`, `NAME`, `TITLE`, `LANGUAGE_ID`, `ZONE_ID`) VALUES (385,'2022-05-02 12:48:04','2022-05-02 12:48:04',NULL,NULL,'Sevilla',NULL,1,131);
INSERT INTO `zone_description` (`DESCRIPTION_ID`, `DATE_CREATED`, `DATE_MODIFIED`, `UPDT_ID`, `DESCRIPTION`, `NAME`, `TITLE`, `LANGUAGE_ID`, `ZONE_ID`) VALUES (386,'2022-05-02 12:48:04','2022-05-02 12:48:04',NULL,NULL,'Sevilla',NULL,2,131);
INSERT INTO `zone_description` (`DESCRIPTION_ID`, `DATE_CREATED`, `DATE_MODIFIED`, `UPDT_ID`, `DESCRIPTION`, `NAME`, `TITLE`, `LANGUAGE_ID`, `ZONE_ID`) VALUES (387,'2022-05-02 12:48:04','2022-05-02 12:48:04',NULL,NULL,'Sevilla',NULL,3,131);
INSERT INTO `zone_description` (`DESCRIPTION_ID`, `DATE_CREATED`, `DATE_MODIFIED`, `UPDT_ID`, `DESCRIPTION`, `NAME`, `TITLE`, `LANGUAGE_ID`, `ZONE_ID`) VALUES (388,'2022-05-02 12:48:05','2022-05-02 12:48:05',NULL,NULL,'Virgin Islands',NULL,1,132);
INSERT INTO `zone_description` (`DESCRIPTION_ID`, `DATE_CREATED`, `DATE_MODIFIED`, `UPDT_ID`, `DESCRIPTION`, `NAME`, `TITLE`, `LANGUAGE_ID`, `ZONE_ID`) VALUES (389,'2022-05-02 12:48:05','2022-05-02 12:48:05',NULL,NULL,'Virgin Islands',NULL,2,132);
INSERT INTO `zone_description` (`DESCRIPTION_ID`, `DATE_CREATED`, `DATE_MODIFIED`, `UPDT_ID`, `DESCRIPTION`, `NAME`, `TITLE`, `LANGUAGE_ID`, `ZONE_ID`) VALUES (390,'2022-05-02 12:48:05','2022-05-02 12:48:05',NULL,NULL,'Virgin Islands',NULL,3,132);
INSERT INTO `zone_description` (`DESCRIPTION_ID`, `DATE_CREATED`, `DATE_MODIFIED`, `UPDT_ID`, `DESCRIPTION`, `NAME`, `TITLE`, `LANGUAGE_ID`, `ZONE_ID`) VALUES (391,'2022-05-02 12:48:05','2022-05-02 12:48:05',NULL,NULL,'Zaragoza',NULL,1,133);
INSERT INTO `zone_description` (`DESCRIPTION_ID`, `DATE_CREATED`, `DATE_MODIFIED`, `UPDT_ID`, `DESCRIPTION`, `NAME`, `TITLE`, `LANGUAGE_ID`, `ZONE_ID`) VALUES (392,'2022-05-02 12:48:05','2022-05-02 12:48:05',NULL,NULL,'Zaragoza',NULL,2,133);
INSERT INTO `zone_description` (`DESCRIPTION_ID`, `DATE_CREATED`, `DATE_MODIFIED`, `UPDT_ID`, `DESCRIPTION`, `NAME`, `TITLE`, `LANGUAGE_ID`, `ZONE_ID`) VALUES (393,'2022-05-02 12:48:05','2022-05-02 12:48:05',NULL,NULL,'Zaragoza',NULL,3,133);
INSERT INTO `zone_description` (`DESCRIPTION_ID`, `DATE_CREATED`, `DATE_MODIFIED`, `UPDT_ID`, `DESCRIPTION`, `NAME`, `TITLE`, `LANGUAGE_ID`, `ZONE_ID`) VALUES (394,'2022-05-02 12:48:05','2022-05-02 12:48:05',NULL,NULL,'New Brunswick',NULL,1,134);
INSERT INTO `zone_description` (`DESCRIPTION_ID`, `DATE_CREATED`, `DATE_MODIFIED`, `UPDT_ID`, `DESCRIPTION`, `NAME`, `TITLE`, `LANGUAGE_ID`, `ZONE_ID`) VALUES (395,'2022-05-02 12:48:05','2022-05-02 12:48:05',NULL,NULL,'Nouveau Brunswick',NULL,2,134);
INSERT INTO `zone_description` (`DESCRIPTION_ID`, `DATE_CREATED`, `DATE_MODIFIED`, `UPDT_ID`, `DESCRIPTION`, `NAME`, `TITLE`, `LANGUAGE_ID`, `ZONE_ID`) VALUES (396,'2022-05-02 12:48:05','2022-05-02 12:48:05',NULL,NULL,'New Brunswick',NULL,3,134);
INSERT INTO `zone_description` (`DESCRIPTION_ID`, `DATE_CREATED`, `DATE_MODIFIED`, `UPDT_ID`, `DESCRIPTION`, `NAME`, `TITLE`, `LANGUAGE_ID`, `ZONE_ID`) VALUES (397,'2022-05-02 12:48:05','2022-05-02 12:48:05',NULL,NULL,'Sachsen-Anhalt',NULL,1,135);
INSERT INTO `zone_description` (`DESCRIPTION_ID`, `DATE_CREATED`, `DATE_MODIFIED`, `UPDT_ID`, `DESCRIPTION`, `NAME`, `TITLE`, `LANGUAGE_ID`, `ZONE_ID`) VALUES (398,'2022-05-02 12:48:05','2022-05-02 12:48:05',NULL,NULL,'Sachsen-Anhalt',NULL,2,135);
INSERT INTO `zone_description` (`DESCRIPTION_ID`, `DATE_CREATED`, `DATE_MODIFIED`, `UPDT_ID`, `DESCRIPTION`, `NAME`, `TITLE`, `LANGUAGE_ID`, `ZONE_ID`) VALUES (399,'2022-05-02 12:48:05','2022-05-02 12:48:05',NULL,NULL,'Sachsen-Anhalt',NULL,3,135);
INSERT INTO `zone_description` (`DESCRIPTION_ID`, `DATE_CREATED`, `DATE_MODIFIED`, `UPDT_ID`, `DESCRIPTION`, `NAME`, `TITLE`, `LANGUAGE_ID`, `ZONE_ID`) VALUES (400,'2022-05-02 12:48:05','2022-05-02 12:48:05',NULL,NULL,'North Carolina',NULL,1,136);
INSERT INTO `zone_description` (`DESCRIPTION_ID`, `DATE_CREATED`, `DATE_MODIFIED`, `UPDT_ID`, `DESCRIPTION`, `NAME`, `TITLE`, `LANGUAGE_ID`, `ZONE_ID`) VALUES (401,'2022-05-02 12:48:05','2022-05-02 12:48:05',NULL,NULL,'Caroline du Nord',NULL,2,136);
INSERT INTO `zone_description` (`DESCRIPTION_ID`, `DATE_CREATED`, `DATE_MODIFIED`, `UPDT_ID`, `DESCRIPTION`, `NAME`, `TITLE`, `LANGUAGE_ID`, `ZONE_ID`) VALUES (402,'2022-05-02 12:48:05','2022-05-02 12:48:05',NULL,NULL,'North Carolina',NULL,3,136);
INSERT INTO `zone_description` (`DESCRIPTION_ID`, `DATE_CREATED`, `DATE_MODIFIED`, `UPDT_ID`, `DESCRIPTION`, `NAME`, `TITLE`, `LANGUAGE_ID`, `ZONE_ID`) VALUES (403,'2022-05-02 12:48:05','2022-05-02 12:48:05',NULL,NULL,'North Dakota',NULL,1,137);
INSERT INTO `zone_description` (`DESCRIPTION_ID`, `DATE_CREATED`, `DATE_MODIFIED`, `UPDT_ID`, `DESCRIPTION`, `NAME`, `TITLE`, `LANGUAGE_ID`, `ZONE_ID`) VALUES (404,'2022-05-02 12:48:05','2022-05-02 12:48:05',NULL,NULL,'Dakota du Nord',NULL,2,137);
INSERT INTO `zone_description` (`DESCRIPTION_ID`, `DATE_CREATED`, `DATE_MODIFIED`, `UPDT_ID`, `DESCRIPTION`, `NAME`, `TITLE`, `LANGUAGE_ID`, `ZONE_ID`) VALUES (405,'2022-05-02 12:48:05','2022-05-02 12:48:05',NULL,NULL,'North Dakota',NULL,3,137);
INSERT INTO `zone_description` (`DESCRIPTION_ID`, `DATE_CREATED`, `DATE_MODIFIED`, `UPDT_ID`, `DESCRIPTION`, `NAME`, `TITLE`, `LANGUAGE_ID`, `ZONE_ID`) VALUES (406,'2022-05-02 12:48:05','2022-05-02 12:48:05',NULL,NULL,'Nebraska',NULL,1,138);
INSERT INTO `zone_description` (`DESCRIPTION_ID`, `DATE_CREATED`, `DATE_MODIFIED`, `UPDT_ID`, `DESCRIPTION`, `NAME`, `TITLE`, `LANGUAGE_ID`, `ZONE_ID`) VALUES (407,'2022-05-02 12:48:05','2022-05-02 12:48:05',NULL,NULL,'Nebraska',NULL,2,138);
INSERT INTO `zone_description` (`DESCRIPTION_ID`, `DATE_CREATED`, `DATE_MODIFIED`, `UPDT_ID`, `DESCRIPTION`, `NAME`, `TITLE`, `LANGUAGE_ID`, `ZONE_ID`) VALUES (408,'2022-05-02 12:48:05','2022-05-02 12:48:05',NULL,NULL,'Nebraska',NULL,3,138);
INSERT INTO `zone_description` (`DESCRIPTION_ID`, `DATE_CREATED`, `DATE_MODIFIED`, `UPDT_ID`, `DESCRIPTION`, `NAME`, `TITLE`, `LANGUAGE_ID`, `ZONE_ID`) VALUES (409,'2022-05-02 12:48:05','2022-05-02 12:48:05',NULL,NULL,'Newfoundland - Labrador',NULL,1,139);
INSERT INTO `zone_description` (`DESCRIPTION_ID`, `DATE_CREATED`, `DATE_MODIFIED`, `UPDT_ID`, `DESCRIPTION`, `NAME`, `TITLE`, `LANGUAGE_ID`, `ZONE_ID`) VALUES (410,'2022-05-02 12:48:05','2022-05-02 12:48:05',NULL,NULL,'Terre-Neuve - Labrador',NULL,2,139);
INSERT INTO `zone_description` (`DESCRIPTION_ID`, `DATE_CREATED`, `DATE_MODIFIED`, `UPDT_ID`, `DESCRIPTION`, `NAME`, `TITLE`, `LANGUAGE_ID`, `ZONE_ID`) VALUES (411,'2022-05-02 12:48:05','2022-05-02 12:48:05',NULL,NULL,'Newfoundland - Labrador',NULL,3,139);
INSERT INTO `zone_description` (`DESCRIPTION_ID`, `DATE_CREATED`, `DATE_MODIFIED`, `UPDT_ID`, `DESCRIPTION`, `NAME`, `TITLE`, `LANGUAGE_ID`, `ZONE_ID`) VALUES (412,'2022-05-02 12:48:05','2022-05-02 12:48:05',NULL,NULL,'New Hampshire',NULL,1,140);
INSERT INTO `zone_description` (`DESCRIPTION_ID`, `DATE_CREATED`, `DATE_MODIFIED`, `UPDT_ID`, `DESCRIPTION`, `NAME`, `TITLE`, `LANGUAGE_ID`, `ZONE_ID`) VALUES (413,'2022-05-02 12:48:05','2022-05-02 12:48:05',NULL,NULL,'Nouveau Hampshire',NULL,2,140);
INSERT INTO `zone_description` (`DESCRIPTION_ID`, `DATE_CREATED`, `DATE_MODIFIED`, `UPDT_ID`, `DESCRIPTION`, `NAME`, `TITLE`, `LANGUAGE_ID`, `ZONE_ID`) VALUES (414,'2022-05-02 12:48:05','2022-05-02 12:48:05',NULL,NULL,'New Hampshire',NULL,3,140);
INSERT INTO `zone_description` (`DESCRIPTION_ID`, `DATE_CREATED`, `DATE_MODIFIED`, `UPDT_ID`, `DESCRIPTION`, `NAME`, `TITLE`, `LANGUAGE_ID`, `ZONE_ID`) VALUES (415,'2022-05-02 12:48:05','2022-05-02 12:48:05',NULL,NULL,'New Jersey',NULL,1,141);
INSERT INTO `zone_description` (`DESCRIPTION_ID`, `DATE_CREATED`, `DATE_MODIFIED`, `UPDT_ID`, `DESCRIPTION`, `NAME`, `TITLE`, `LANGUAGE_ID`, `ZONE_ID`) VALUES (416,'2022-05-02 12:48:05','2022-05-02 12:48:05',NULL,NULL,'New Jersey',NULL,2,141);
INSERT INTO `zone_description` (`DESCRIPTION_ID`, `DATE_CREATED`, `DATE_MODIFIED`, `UPDT_ID`, `DESCRIPTION`, `NAME`, `TITLE`, `LANGUAGE_ID`, `ZONE_ID`) VALUES (417,'2022-05-02 12:48:05','2022-05-02 12:48:05',NULL,NULL,'New Jersey',NULL,3,141);
INSERT INTO `zone_description` (`DESCRIPTION_ID`, `DATE_CREATED`, `DATE_MODIFIED`, `UPDT_ID`, `DESCRIPTION`, `NAME`, `TITLE`, `LANGUAGE_ID`, `ZONE_ID`) VALUES (418,'2022-05-02 12:48:06','2022-05-02 12:48:06',NULL,NULL,'Wallis',NULL,1,142);
INSERT INTO `zone_description` (`DESCRIPTION_ID`, `DATE_CREATED`, `DATE_MODIFIED`, `UPDT_ID`, `DESCRIPTION`, `NAME`, `TITLE`, `LANGUAGE_ID`, `ZONE_ID`) VALUES (419,'2022-05-02 12:48:06','2022-05-02 12:48:06',NULL,NULL,'Wallis',NULL,2,142);
INSERT INTO `zone_description` (`DESCRIPTION_ID`, `DATE_CREATED`, `DATE_MODIFIED`, `UPDT_ID`, `DESCRIPTION`, `NAME`, `TITLE`, `LANGUAGE_ID`, `ZONE_ID`) VALUES (420,'2022-05-02 12:48:06','2022-05-02 12:48:06',NULL,NULL,'Wallis',NULL,3,142);
INSERT INTO `zone_description` (`DESCRIPTION_ID`, `DATE_CREATED`, `DATE_MODIFIED`, `UPDT_ID`, `DESCRIPTION`, `NAME`, `TITLE`, `LANGUAGE_ID`, `ZONE_ID`) VALUES (421,'2022-05-02 12:48:06','2022-05-02 12:48:06',NULL,NULL,'Vermont',NULL,1,143);
INSERT INTO `zone_description` (`DESCRIPTION_ID`, `DATE_CREATED`, `DATE_MODIFIED`, `UPDT_ID`, `DESCRIPTION`, `NAME`, `TITLE`, `LANGUAGE_ID`, `ZONE_ID`) VALUES (422,'2022-05-02 12:48:06','2022-05-02 12:48:06',NULL,NULL,'Vermont',NULL,2,143);
INSERT INTO `zone_description` (`DESCRIPTION_ID`, `DATE_CREATED`, `DATE_MODIFIED`, `UPDT_ID`, `DESCRIPTION`, `NAME`, `TITLE`, `LANGUAGE_ID`, `ZONE_ID`) VALUES (423,'2022-05-02 12:48:06','2022-05-02 12:48:06',NULL,NULL,'Vermont',NULL,3,143);
INSERT INTO `zone_description` (`DESCRIPTION_ID`, `DATE_CREATED`, `DATE_MODIFIED`, `UPDT_ID`, `DESCRIPTION`, `NAME`, `TITLE`, `LANGUAGE_ID`, `ZONE_ID`) VALUES (424,'2022-05-02 12:48:06','2022-05-02 12:48:06',NULL,NULL,'New Mexico',NULL,1,144);
INSERT INTO `zone_description` (`DESCRIPTION_ID`, `DATE_CREATED`, `DATE_MODIFIED`, `UPDT_ID`, `DESCRIPTION`, `NAME`, `TITLE`, `LANGUAGE_ID`, `ZONE_ID`) VALUES (425,'2022-05-02 12:48:06','2022-05-02 12:48:06',NULL,NULL,'Nouveau Mexique',NULL,2,144);
INSERT INTO `zone_description` (`DESCRIPTION_ID`, `DATE_CREATED`, `DATE_MODIFIED`, `UPDT_ID`, `DESCRIPTION`, `NAME`, `TITLE`, `LANGUAGE_ID`, `ZONE_ID`) VALUES (426,'2022-05-02 12:48:06','2022-05-02 12:48:06',NULL,NULL,'New Mexico',NULL,3,144);
INSERT INTO `zone_description` (`DESCRIPTION_ID`, `DATE_CREATED`, `DATE_MODIFIED`, `UPDT_ID`, `DESCRIPTION`, `NAME`, `TITLE`, `LANGUAGE_ID`, `ZONE_ID`) VALUES (427,'2022-05-02 12:48:06','2022-05-02 12:48:06',NULL,NULL,'Niederosterreich',NULL,1,145);
INSERT INTO `zone_description` (`DESCRIPTION_ID`, `DATE_CREATED`, `DATE_MODIFIED`, `UPDT_ID`, `DESCRIPTION`, `NAME`, `TITLE`, `LANGUAGE_ID`, `ZONE_ID`) VALUES (428,'2022-05-02 12:48:06','2022-05-02 12:48:06',NULL,NULL,'Niederosterreich',NULL,2,145);
INSERT INTO `zone_description` (`DESCRIPTION_ID`, `DATE_CREATED`, `DATE_MODIFIED`, `UPDT_ID`, `DESCRIPTION`, `NAME`, `TITLE`, `LANGUAGE_ID`, `ZONE_ID`) VALUES (429,'2022-05-02 12:48:06','2022-05-02 12:48:06',NULL,NULL,'Niederosterreich',NULL,3,145);
INSERT INTO `zone_description` (`DESCRIPTION_ID`, `DATE_CREATED`, `DATE_MODIFIED`, `UPDT_ID`, `DESCRIPTION`, `NAME`, `TITLE`, `LANGUAGE_ID`, `ZONE_ID`) VALUES (430,'2022-05-02 12:48:06','2022-05-02 12:48:06',NULL,NULL,'Sachsen',NULL,1,146);
INSERT INTO `zone_description` (`DESCRIPTION_ID`, `DATE_CREATED`, `DATE_MODIFIED`, `UPDT_ID`, `DESCRIPTION`, `NAME`, `TITLE`, `LANGUAGE_ID`, `ZONE_ID`) VALUES (431,'2022-05-02 12:48:06','2022-05-02 12:48:06',NULL,NULL,'Sachsen',NULL,2,146);
INSERT INTO `zone_description` (`DESCRIPTION_ID`, `DATE_CREATED`, `DATE_MODIFIED`, `UPDT_ID`, `DESCRIPTION`, `NAME`, `TITLE`, `LANGUAGE_ID`, `ZONE_ID`) VALUES (432,'2022-05-02 12:48:06','2022-05-02 12:48:06',NULL,NULL,'Sachsen',NULL,3,146);
INSERT INTO `zone_description` (`DESCRIPTION_ID`, `DATE_CREATED`, `DATE_MODIFIED`, `UPDT_ID`, `DESCRIPTION`, `NAME`, `TITLE`, `LANGUAGE_ID`, `ZONE_ID`) VALUES (433,'2022-05-02 12:48:06','2022-05-02 12:48:06',NULL,NULL,'Nova Scotia',NULL,1,147);
INSERT INTO `zone_description` (`DESCRIPTION_ID`, `DATE_CREATED`, `DATE_MODIFIED`, `UPDT_ID`, `DESCRIPTION`, `NAME`, `TITLE`, `LANGUAGE_ID`, `ZONE_ID`) VALUES (434,'2022-05-02 12:48:06','2022-05-02 12:48:06',NULL,NULL,'Nouvelle Écosse',NULL,2,147);
INSERT INTO `zone_description` (`DESCRIPTION_ID`, `DATE_CREATED`, `DATE_MODIFIED`, `UPDT_ID`, `DESCRIPTION`, `NAME`, `TITLE`, `LANGUAGE_ID`, `ZONE_ID`) VALUES (435,'2022-05-02 12:48:06','2022-05-02 12:48:06',NULL,NULL,'Nova Scotia',NULL,3,147);
INSERT INTO `zone_description` (`DESCRIPTION_ID`, `DATE_CREATED`, `DATE_MODIFIED`, `UPDT_ID`, `DESCRIPTION`, `NAME`, `TITLE`, `LANGUAGE_ID`, `ZONE_ID`) VALUES (436,'2022-05-02 12:48:06','2022-05-02 12:48:06',NULL,NULL,'Saarland',NULL,1,148);
INSERT INTO `zone_description` (`DESCRIPTION_ID`, `DATE_CREATED`, `DATE_MODIFIED`, `UPDT_ID`, `DESCRIPTION`, `NAME`, `TITLE`, `LANGUAGE_ID`, `ZONE_ID`) VALUES (437,'2022-05-02 12:48:06','2022-05-02 12:48:06',NULL,NULL,'Saarland',NULL,2,148);
INSERT INTO `zone_description` (`DESCRIPTION_ID`, `DATE_CREATED`, `DATE_MODIFIED`, `UPDT_ID`, `DESCRIPTION`, `NAME`, `TITLE`, `LANGUAGE_ID`, `ZONE_ID`) VALUES (438,'2022-05-02 12:48:06','2022-05-02 12:48:06',NULL,NULL,'Saarland',NULL,3,148);
INSERT INTO `zone_description` (`DESCRIPTION_ID`, `DATE_CREATED`, `DATE_MODIFIED`, `UPDT_ID`, `DESCRIPTION`, `NAME`, `TITLE`, `LANGUAGE_ID`, `ZONE_ID`) VALUES (439,'2022-05-02 12:48:06','2022-05-02 12:48:06',NULL,NULL,'Florida',NULL,1,149);
INSERT INTO `zone_description` (`DESCRIPTION_ID`, `DATE_CREATED`, `DATE_MODIFIED`, `UPDT_ID`, `DESCRIPTION`, `NAME`, `TITLE`, `LANGUAGE_ID`, `ZONE_ID`) VALUES (440,'2022-05-02 12:48:06','2022-05-02 12:48:06',NULL,NULL,'Floride',NULL,2,149);
INSERT INTO `zone_description` (`DESCRIPTION_ID`, `DATE_CREATED`, `DATE_MODIFIED`, `UPDT_ID`, `DESCRIPTION`, `NAME`, `TITLE`, `LANGUAGE_ID`, `ZONE_ID`) VALUES (441,'2022-05-02 12:48:06','2022-05-02 12:48:06',NULL,NULL,'Florida',NULL,3,149);
INSERT INTO `zone_description` (`DESCRIPTION_ID`, `DATE_CREATED`, `DATE_MODIFIED`, `UPDT_ID`, `DESCRIPTION`, `NAME`, `TITLE`, `LANGUAGE_ID`, `ZONE_ID`) VALUES (442,'2022-05-02 12:48:07','2022-05-02 12:48:07',NULL,NULL,'Northwest Territories',NULL,1,150);
INSERT INTO `zone_description` (`DESCRIPTION_ID`, `DATE_CREATED`, `DATE_MODIFIED`, `UPDT_ID`, `DESCRIPTION`, `NAME`, `TITLE`, `LANGUAGE_ID`, `ZONE_ID`) VALUES (443,'2022-05-02 12:48:07','2022-05-02 12:48:07',NULL,NULL,'Territores du Nord-Ouest',NULL,2,150);
INSERT INTO `zone_description` (`DESCRIPTION_ID`, `DATE_CREATED`, `DATE_MODIFIED`, `UPDT_ID`, `DESCRIPTION`, `NAME`, `TITLE`, `LANGUAGE_ID`, `ZONE_ID`) VALUES (444,'2022-05-02 12:48:07','2022-05-02 12:48:07',NULL,NULL,'Northwest Territories',NULL,3,150);
INSERT INTO `zone_description` (`DESCRIPTION_ID`, `DATE_CREATED`, `DATE_MODIFIED`, `UPDT_ID`, `DESCRIPTION`, `NAME`, `TITLE`, `LANGUAGE_ID`, `ZONE_ID`) VALUES (445,'2022-05-02 12:48:07','2022-05-02 12:48:07',NULL,NULL,'Federated States Of Micronesia',NULL,1,151);
INSERT INTO `zone_description` (`DESCRIPTION_ID`, `DATE_CREATED`, `DATE_MODIFIED`, `UPDT_ID`, `DESCRIPTION`, `NAME`, `TITLE`, `LANGUAGE_ID`, `ZONE_ID`) VALUES (446,'2022-05-02 12:48:07','2022-05-02 12:48:07',NULL,NULL,'Federated States Of Micronesia',NULL,2,151);
INSERT INTO `zone_description` (`DESCRIPTION_ID`, `DATE_CREATED`, `DATE_MODIFIED`, `UPDT_ID`, `DESCRIPTION`, `NAME`, `TITLE`, `LANGUAGE_ID`, `ZONE_ID`) VALUES (447,'2022-05-02 12:48:07','2022-05-02 12:48:07',NULL,NULL,'Federated States Of Micronesia',NULL,3,151);
INSERT INTO `zone_description` (`DESCRIPTION_ID`, `DATE_CREATED`, `DATE_MODIFIED`, `UPDT_ID`, `DESCRIPTION`, `NAME`, `TITLE`, `LANGUAGE_ID`, `ZONE_ID`) VALUES (448,'2022-05-02 12:48:07','2022-05-02 12:48:07',NULL,NULL,'Nunavut',NULL,1,152);
INSERT INTO `zone_description` (`DESCRIPTION_ID`, `DATE_CREATED`, `DATE_MODIFIED`, `UPDT_ID`, `DESCRIPTION`, `NAME`, `TITLE`, `LANGUAGE_ID`, `ZONE_ID`) VALUES (449,'2022-05-02 12:48:07','2022-05-02 12:48:07',NULL,NULL,'Nunavut',NULL,2,152);
INSERT INTO `zone_description` (`DESCRIPTION_ID`, `DATE_CREATED`, `DATE_MODIFIED`, `UPDT_ID`, `DESCRIPTION`, `NAME`, `TITLE`, `LANGUAGE_ID`, `ZONE_ID`) VALUES (450,'2022-05-02 12:48:07','2022-05-02 12:48:07',NULL,NULL,'Nunavut',NULL,3,152);
INSERT INTO `zone_description` (`DESCRIPTION_ID`, `DATE_CREATED`, `DATE_MODIFIED`, `UPDT_ID`, `DESCRIPTION`, `NAME`, `TITLE`, `LANGUAGE_ID`, `ZONE_ID`) VALUES (451,'2022-05-02 12:48:07','2022-05-02 12:48:07',NULL,NULL,'Nevada',NULL,1,153);
INSERT INTO `zone_description` (`DESCRIPTION_ID`, `DATE_CREATED`, `DATE_MODIFIED`, `UPDT_ID`, `DESCRIPTION`, `NAME`, `TITLE`, `LANGUAGE_ID`, `ZONE_ID`) VALUES (452,'2022-05-02 12:48:07','2022-05-02 12:48:07',NULL,NULL,'Nevada',NULL,2,153);
INSERT INTO `zone_description` (`DESCRIPTION_ID`, `DATE_CREATED`, `DATE_MODIFIED`, `UPDT_ID`, `DESCRIPTION`, `NAME`, `TITLE`, `LANGUAGE_ID`, `ZONE_ID`) VALUES (453,'2022-05-02 12:48:07','2022-05-02 12:48:07',NULL,NULL,'Nevada',NULL,3,153);
INSERT INTO `zone_description` (`DESCRIPTION_ID`, `DATE_CREATED`, `DATE_MODIFIED`, `UPDT_ID`, `DESCRIPTION`, `NAME`, `TITLE`, `LANGUAGE_ID`, `ZONE_ID`) VALUES (454,'2022-05-02 12:48:07','2022-05-02 12:48:07',NULL,NULL,'Nidwalden',NULL,1,154);
INSERT INTO `zone_description` (`DESCRIPTION_ID`, `DATE_CREATED`, `DATE_MODIFIED`, `UPDT_ID`, `DESCRIPTION`, `NAME`, `TITLE`, `LANGUAGE_ID`, `ZONE_ID`) VALUES (455,'2022-05-02 12:48:07','2022-05-02 12:48:07',NULL,NULL,'Nidwalden',NULL,2,154);
INSERT INTO `zone_description` (`DESCRIPTION_ID`, `DATE_CREATED`, `DATE_MODIFIED`, `UPDT_ID`, `DESCRIPTION`, `NAME`, `TITLE`, `LANGUAGE_ID`, `ZONE_ID`) VALUES (456,'2022-05-02 12:48:07','2022-05-02 12:48:07',NULL,NULL,'Nidwalden',NULL,3,154);
INSERT INTO `zone_description` (`DESCRIPTION_ID`, `DATE_CREATED`, `DATE_MODIFIED`, `UPDT_ID`, `DESCRIPTION`, `NAME`, `TITLE`, `LANGUAGE_ID`, `ZONE_ID`) VALUES (457,'2022-05-02 12:48:07','2022-05-02 12:48:07',NULL,NULL,'Washington',NULL,1,155);
INSERT INTO `zone_description` (`DESCRIPTION_ID`, `DATE_CREATED`, `DATE_MODIFIED`, `UPDT_ID`, `DESCRIPTION`, `NAME`, `TITLE`, `LANGUAGE_ID`, `ZONE_ID`) VALUES (458,'2022-05-02 12:48:07','2022-05-02 12:48:07',NULL,NULL,'Washington',NULL,2,155);
INSERT INTO `zone_description` (`DESCRIPTION_ID`, `DATE_CREATED`, `DATE_MODIFIED`, `UPDT_ID`, `DESCRIPTION`, `NAME`, `TITLE`, `LANGUAGE_ID`, `ZONE_ID`) VALUES (459,'2022-05-02 12:48:07','2022-05-02 12:48:07',NULL,NULL,'Washington',NULL,3,155);
INSERT INTO `zone_description` (`DESCRIPTION_ID`, `DATE_CREATED`, `DATE_MODIFIED`, `UPDT_ID`, `DESCRIPTION`, `NAME`, `TITLE`, `LANGUAGE_ID`, `ZONE_ID`) VALUES (460,'2022-05-02 12:48:07','2022-05-02 12:48:07',NULL,NULL,'New York',NULL,1,156);
INSERT INTO `zone_description` (`DESCRIPTION_ID`, `DATE_CREATED`, `DATE_MODIFIED`, `UPDT_ID`, `DESCRIPTION`, `NAME`, `TITLE`, `LANGUAGE_ID`, `ZONE_ID`) VALUES (461,'2022-05-02 12:48:07','2022-05-02 12:48:07',NULL,NULL,'New York',NULL,2,156);
INSERT INTO `zone_description` (`DESCRIPTION_ID`, `DATE_CREATED`, `DATE_MODIFIED`, `UPDT_ID`, `DESCRIPTION`, `NAME`, `TITLE`, `LANGUAGE_ID`, `ZONE_ID`) VALUES (462,'2022-05-02 12:48:07','2022-05-02 12:48:07',NULL,NULL,'New York',NULL,3,156);
INSERT INTO `zone_description` (`DESCRIPTION_ID`, `DATE_CREATED`, `DATE_MODIFIED`, `UPDT_ID`, `DESCRIPTION`, `NAME`, `TITLE`, `LANGUAGE_ID`, `ZONE_ID`) VALUES (463,'2022-05-02 12:48:07','2022-05-02 12:48:07',NULL,NULL,'Granada',NULL,1,157);
INSERT INTO `zone_description` (`DESCRIPTION_ID`, `DATE_CREATED`, `DATE_MODIFIED`, `UPDT_ID`, `DESCRIPTION`, `NAME`, `TITLE`, `LANGUAGE_ID`, `ZONE_ID`) VALUES (464,'2022-05-02 12:48:07','2022-05-02 12:48:07',NULL,NULL,'Granada',NULL,2,157);
INSERT INTO `zone_description` (`DESCRIPTION_ID`, `DATE_CREATED`, `DATE_MODIFIED`, `UPDT_ID`, `DESCRIPTION`, `NAME`, `TITLE`, `LANGUAGE_ID`, `ZONE_ID`) VALUES (465,'2022-05-02 12:48:07','2022-05-02 12:48:07',NULL,NULL,'Granada',NULL,3,157);
INSERT INTO `zone_description` (`DESCRIPTION_ID`, `DATE_CREATED`, `DATE_MODIFIED`, `UPDT_ID`, `DESCRIPTION`, `NAME`, `TITLE`, `LANGUAGE_ID`, `ZONE_ID`) VALUES (466,'2022-05-02 12:48:07','2022-05-02 12:48:07',NULL,NULL,'Soria',NULL,1,158);
INSERT INTO `zone_description` (`DESCRIPTION_ID`, `DATE_CREATED`, `DATE_MODIFIED`, `UPDT_ID`, `DESCRIPTION`, `NAME`, `TITLE`, `LANGUAGE_ID`, `ZONE_ID`) VALUES (467,'2022-05-02 12:48:07','2022-05-02 12:48:07',NULL,NULL,'Soria',NULL,2,158);
INSERT INTO `zone_description` (`DESCRIPTION_ID`, `DATE_CREATED`, `DATE_MODIFIED`, `UPDT_ID`, `DESCRIPTION`, `NAME`, `TITLE`, `LANGUAGE_ID`, `ZONE_ID`) VALUES (468,'2022-05-02 12:48:07','2022-05-02 12:48:07',NULL,NULL,'Soria',NULL,3,158);
INSERT INTO `zone_description` (`DESCRIPTION_ID`, `DATE_CREATED`, `DATE_MODIFIED`, `UPDT_ID`, `DESCRIPTION`, `NAME`, `TITLE`, `LANGUAGE_ID`, `ZONE_ID`) VALUES (469,'2022-05-02 12:48:07','2022-05-02 12:48:07',NULL,NULL,'Freiburg',NULL,1,159);
INSERT INTO `zone_description` (`DESCRIPTION_ID`, `DATE_CREATED`, `DATE_MODIFIED`, `UPDT_ID`, `DESCRIPTION`, `NAME`, `TITLE`, `LANGUAGE_ID`, `ZONE_ID`) VALUES (470,'2022-05-02 12:48:07','2022-05-02 12:48:07',NULL,NULL,'Freiburg',NULL,2,159);
INSERT INTO `zone_description` (`DESCRIPTION_ID`, `DATE_CREATED`, `DATE_MODIFIED`, `UPDT_ID`, `DESCRIPTION`, `NAME`, `TITLE`, `LANGUAGE_ID`, `ZONE_ID`) VALUES (471,'2022-05-02 12:48:07','2022-05-02 12:48:07',NULL,NULL,'Freiburg',NULL,3,159);
INSERT INTO `zone_description` (`DESCRIPTION_ID`, `DATE_CREATED`, `DATE_MODIFIED`, `UPDT_ID`, `DESCRIPTION`, `NAME`, `TITLE`, `LANGUAGE_ID`, `ZONE_ID`) VALUES (472,'2022-05-02 12:48:07','2022-05-02 12:48:07',NULL,NULL,'Rheinland-Pfalz',NULL,1,160);
INSERT INTO `zone_description` (`DESCRIPTION_ID`, `DATE_CREATED`, `DATE_MODIFIED`, `UPDT_ID`, `DESCRIPTION`, `NAME`, `TITLE`, `LANGUAGE_ID`, `ZONE_ID`) VALUES (473,'2022-05-02 12:48:08','2022-05-02 12:48:08',NULL,NULL,'Rheinland-Pfalz',NULL,2,160);
INSERT INTO `zone_description` (`DESCRIPTION_ID`, `DATE_CREATED`, `DATE_MODIFIED`, `UPDT_ID`, `DESCRIPTION`, `NAME`, `TITLE`, `LANGUAGE_ID`, `ZONE_ID`) VALUES (474,'2022-05-02 12:48:08','2022-05-02 12:48:08',NULL,NULL,'Rheinland-Pfalz',NULL,3,160);
INSERT INTO `zone_description` (`DESCRIPTION_ID`, `DATE_CREATED`, `DATE_MODIFIED`, `UPDT_ID`, `DESCRIPTION`, `NAME`, `TITLE`, `LANGUAGE_ID`, `ZONE_ID`) VALUES (475,'2022-05-02 12:48:08','2022-05-02 12:48:08',NULL,NULL,'Ourense',NULL,1,161);
INSERT INTO `zone_description` (`DESCRIPTION_ID`, `DATE_CREATED`, `DATE_MODIFIED`, `UPDT_ID`, `DESCRIPTION`, `NAME`, `TITLE`, `LANGUAGE_ID`, `ZONE_ID`) VALUES (476,'2022-05-02 12:48:08','2022-05-02 12:48:08',NULL,NULL,'Ourense',NULL,2,161);
INSERT INTO `zone_description` (`DESCRIPTION_ID`, `DATE_CREATED`, `DATE_MODIFIED`, `UPDT_ID`, `DESCRIPTION`, `NAME`, `TITLE`, `LANGUAGE_ID`, `ZONE_ID`) VALUES (477,'2022-05-02 12:48:08','2022-05-02 12:48:08',NULL,NULL,'Ourense',NULL,3,161);
INSERT INTO `zone_description` (`DESCRIPTION_ID`, `DATE_CREATED`, `DATE_MODIFIED`, `UPDT_ID`, `DESCRIPTION`, `NAME`, `TITLE`, `LANGUAGE_ID`, `ZONE_ID`) VALUES (478,'2022-05-02 12:48:08','2022-05-02 12:48:08',NULL,NULL,'Wisconsin',NULL,1,162);
INSERT INTO `zone_description` (`DESCRIPTION_ID`, `DATE_CREATED`, `DATE_MODIFIED`, `UPDT_ID`, `DESCRIPTION`, `NAME`, `TITLE`, `LANGUAGE_ID`, `ZONE_ID`) VALUES (479,'2022-05-02 12:48:08','2022-05-02 12:48:08',NULL,NULL,'Wisconsin',NULL,2,162);
INSERT INTO `zone_description` (`DESCRIPTION_ID`, `DATE_CREATED`, `DATE_MODIFIED`, `UPDT_ID`, `DESCRIPTION`, `NAME`, `TITLE`, `LANGUAGE_ID`, `ZONE_ID`) VALUES (480,'2022-05-02 12:48:08','2022-05-02 12:48:08',NULL,NULL,'Wisconsin',NULL,3,162);
INSERT INTO `zone_description` (`DESCRIPTION_ID`, `DATE_CREATED`, `DATE_MODIFIED`, `UPDT_ID`, `DESCRIPTION`, `NAME`, `TITLE`, `LANGUAGE_ID`, `ZONE_ID`) VALUES (481,'2022-05-02 12:48:08','2022-05-02 12:48:08',NULL,NULL,'Ohio',NULL,1,163);
INSERT INTO `zone_description` (`DESCRIPTION_ID`, `DATE_CREATED`, `DATE_MODIFIED`, `UPDT_ID`, `DESCRIPTION`, `NAME`, `TITLE`, `LANGUAGE_ID`, `ZONE_ID`) VALUES (482,'2022-05-02 12:48:08','2022-05-02 12:48:08',NULL,NULL,'Ohio',NULL,2,163);
INSERT INTO `zone_description` (`DESCRIPTION_ID`, `DATE_CREATED`, `DATE_MODIFIED`, `UPDT_ID`, `DESCRIPTION`, `NAME`, `TITLE`, `LANGUAGE_ID`, `ZONE_ID`) VALUES (483,'2022-05-02 12:48:08','2022-05-02 12:48:08',NULL,NULL,'Ohio',NULL,3,163);
INSERT INTO `zone_description` (`DESCRIPTION_ID`, `DATE_CREATED`, `DATE_MODIFIED`, `UPDT_ID`, `DESCRIPTION`, `NAME`, `TITLE`, `LANGUAGE_ID`, `ZONE_ID`) VALUES (484,'2022-05-02 12:48:08','2022-05-02 12:48:08',NULL,NULL,'Georgia',NULL,1,164);
INSERT INTO `zone_description` (`DESCRIPTION_ID`, `DATE_CREATED`, `DATE_MODIFIED`, `UPDT_ID`, `DESCRIPTION`, `NAME`, `TITLE`, `LANGUAGE_ID`, `ZONE_ID`) VALUES (485,'2022-05-02 12:48:08','2022-05-02 12:48:08',NULL,NULL,'Georgie',NULL,2,164);
INSERT INTO `zone_description` (`DESCRIPTION_ID`, `DATE_CREATED`, `DATE_MODIFIED`, `UPDT_ID`, `DESCRIPTION`, `NAME`, `TITLE`, `LANGUAGE_ID`, `ZONE_ID`) VALUES (486,'2022-05-02 12:48:08','2022-05-02 12:48:08',NULL,NULL,'Georgia',NULL,3,164);
INSERT INTO `zone_description` (`DESCRIPTION_ID`, `DATE_CREATED`, `DATE_MODIFIED`, `UPDT_ID`, `DESCRIPTION`, `NAME`, `TITLE`, `LANGUAGE_ID`, `ZONE_ID`) VALUES (487,'2022-05-02 12:48:08','2022-05-02 12:48:08',NULL,NULL,'Murcia',NULL,1,165);
INSERT INTO `zone_description` (`DESCRIPTION_ID`, `DATE_CREATED`, `DATE_MODIFIED`, `UPDT_ID`, `DESCRIPTION`, `NAME`, `TITLE`, `LANGUAGE_ID`, `ZONE_ID`) VALUES (488,'2022-05-02 12:48:08','2022-05-02 12:48:08',NULL,NULL,'Murcia',NULL,2,165);
INSERT INTO `zone_description` (`DESCRIPTION_ID`, `DATE_CREATED`, `DATE_MODIFIED`, `UPDT_ID`, `DESCRIPTION`, `NAME`, `TITLE`, `LANGUAGE_ID`, `ZONE_ID`) VALUES (489,'2022-05-02 12:48:08','2022-05-02 12:48:08',NULL,NULL,'Murcia',NULL,3,165);
INSERT INTO `zone_description` (`DESCRIPTION_ID`, `DATE_CREATED`, `DATE_MODIFIED`, `UPDT_ID`, `DESCRIPTION`, `NAME`, `TITLE`, `LANGUAGE_ID`, `ZONE_ID`) VALUES (490,'2022-05-02 12:48:08','2022-05-02 12:48:08',NULL,NULL,'Oklahoma',NULL,1,166);
INSERT INTO `zone_description` (`DESCRIPTION_ID`, `DATE_CREATED`, `DATE_MODIFIED`, `UPDT_ID`, `DESCRIPTION`, `NAME`, `TITLE`, `LANGUAGE_ID`, `ZONE_ID`) VALUES (491,'2022-05-02 12:48:08','2022-05-02 12:48:08',NULL,NULL,'Oklahoma',NULL,2,166);
INSERT INTO `zone_description` (`DESCRIPTION_ID`, `DATE_CREATED`, `DATE_MODIFIED`, `UPDT_ID`, `DESCRIPTION`, `NAME`, `TITLE`, `LANGUAGE_ID`, `ZONE_ID`) VALUES (492,'2022-05-02 12:48:08','2022-05-02 12:48:08',NULL,NULL,'Oklahoma',NULL,3,166);
INSERT INTO `zone_description` (`DESCRIPTION_ID`, `DATE_CREATED`, `DATE_MODIFIED`, `UPDT_ID`, `DESCRIPTION`, `NAME`, `TITLE`, `LANGUAGE_ID`, `ZONE_ID`) VALUES (493,'2022-05-02 12:48:08','2022-05-02 12:48:08',NULL,NULL,'Genf',NULL,1,167);
INSERT INTO `zone_description` (`DESCRIPTION_ID`, `DATE_CREATED`, `DATE_MODIFIED`, `UPDT_ID`, `DESCRIPTION`, `NAME`, `TITLE`, `LANGUAGE_ID`, `ZONE_ID`) VALUES (494,'2022-05-02 12:48:08','2022-05-02 12:48:08',NULL,NULL,'Genf',NULL,2,167);
INSERT INTO `zone_description` (`DESCRIPTION_ID`, `DATE_CREATED`, `DATE_MODIFIED`, `UPDT_ID`, `DESCRIPTION`, `NAME`, `TITLE`, `LANGUAGE_ID`, `ZONE_ID`) VALUES (495,'2022-05-02 12:48:08','2022-05-02 12:48:08',NULL,NULL,'Genf',NULL,3,167);
INSERT INTO `zone_description` (`DESCRIPTION_ID`, `DATE_CREATED`, `DATE_MODIFIED`, `UPDT_ID`, `DESCRIPTION`, `NAME`, `TITLE`, `LANGUAGE_ID`, `ZONE_ID`) VALUES (496,'2022-05-02 12:48:08','2022-05-02 12:48:08',NULL,NULL,'West Virginia',NULL,1,168);
INSERT INTO `zone_description` (`DESCRIPTION_ID`, `DATE_CREATED`, `DATE_MODIFIED`, `UPDT_ID`, `DESCRIPTION`, `NAME`, `TITLE`, `LANGUAGE_ID`, `ZONE_ID`) VALUES (497,'2022-05-02 12:48:08','2022-05-02 12:48:08',NULL,NULL,'West Virginia',NULL,2,168);
INSERT INTO `zone_description` (`DESCRIPTION_ID`, `DATE_CREATED`, `DATE_MODIFIED`, `UPDT_ID`, `DESCRIPTION`, `NAME`, `TITLE`, `LANGUAGE_ID`, `ZONE_ID`) VALUES (498,'2022-05-02 12:48:08','2022-05-02 12:48:08',NULL,NULL,'West Virginia',NULL,3,168);
INSERT INTO `zone_description` (`DESCRIPTION_ID`, `DATE_CREATED`, `DATE_MODIFIED`, `UPDT_ID`, `DESCRIPTION`, `NAME`, `TITLE`, `LANGUAGE_ID`, `ZONE_ID`) VALUES (499,'2022-05-02 12:48:08','2022-05-02 12:48:08',NULL,NULL,'Ontario',NULL,1,169);
INSERT INTO `zone_description` (`DESCRIPTION_ID`, `DATE_CREATED`, `DATE_MODIFIED`, `UPDT_ID`, `DESCRIPTION`, `NAME`, `TITLE`, `LANGUAGE_ID`, `ZONE_ID`) VALUES (500,'2022-05-02 12:48:08','2022-05-02 12:48:08',NULL,NULL,'Ontario',NULL,2,169);
INSERT INTO `zone_description` (`DESCRIPTION_ID`, `DATE_CREATED`, `DATE_MODIFIED`, `UPDT_ID`, `DESCRIPTION`, `NAME`, `TITLE`, `LANGUAGE_ID`, `ZONE_ID`) VALUES (501,'2022-05-02 12:48:08','2022-05-02 12:48:08',NULL,NULL,'Ontario',NULL,3,169);
INSERT INTO `zone_description` (`DESCRIPTION_ID`, `DATE_CREATED`, `DATE_MODIFIED`, `UPDT_ID`, `DESCRIPTION`, `NAME`, `TITLE`, `LANGUAGE_ID`, `ZONE_ID`) VALUES (502,'2022-05-02 12:48:08','2022-05-02 12:48:08',NULL,NULL,'Oberosterreich',NULL,1,170);
INSERT INTO `zone_description` (`DESCRIPTION_ID`, `DATE_CREATED`, `DATE_MODIFIED`, `UPDT_ID`, `DESCRIPTION`, `NAME`, `TITLE`, `LANGUAGE_ID`, `ZONE_ID`) VALUES (503,'2022-05-02 12:48:08','2022-05-02 12:48:08',NULL,NULL,'Oberosterreich',NULL,2,170);
INSERT INTO `zone_description` (`DESCRIPTION_ID`, `DATE_CREATED`, `DATE_MODIFIED`, `UPDT_ID`, `DESCRIPTION`, `NAME`, `TITLE`, `LANGUAGE_ID`, `ZONE_ID`) VALUES (504,'2022-05-02 12:48:09','2022-05-02 12:48:09',NULL,NULL,'Oberosterreich',NULL,3,170);
INSERT INTO `zone_description` (`DESCRIPTION_ID`, `DATE_CREATED`, `DATE_MODIFIED`, `UPDT_ID`, `DESCRIPTION`, `NAME`, `TITLE`, `LANGUAGE_ID`, `ZONE_ID`) VALUES (505,'2022-05-02 12:48:09','2022-05-02 12:48:09',NULL,NULL,'Wyoming',NULL,1,171);
INSERT INTO `zone_description` (`DESCRIPTION_ID`, `DATE_CREATED`, `DATE_MODIFIED`, `UPDT_ID`, `DESCRIPTION`, `NAME`, `TITLE`, `LANGUAGE_ID`, `ZONE_ID`) VALUES (506,'2022-05-02 12:48:09','2022-05-02 12:48:09',NULL,NULL,'Wyoming',NULL,2,171);
INSERT INTO `zone_description` (`DESCRIPTION_ID`, `DATE_CREATED`, `DATE_MODIFIED`, `UPDT_ID`, `DESCRIPTION`, `NAME`, `TITLE`, `LANGUAGE_ID`, `ZONE_ID`) VALUES (507,'2022-05-02 12:48:09','2022-05-02 12:48:09',NULL,NULL,'Wyoming',NULL,3,171);
INSERT INTO `zone_description` (`DESCRIPTION_ID`, `DATE_CREATED`, `DATE_MODIFIED`, `UPDT_ID`, `DESCRIPTION`, `NAME`, `TITLE`, `LANGUAGE_ID`, `ZONE_ID`) VALUES (508,'2022-05-02 12:48:09','2022-05-02 12:48:09',NULL,NULL,'Burgenland',NULL,1,172);
INSERT INTO `zone_description` (`DESCRIPTION_ID`, `DATE_CREATED`, `DATE_MODIFIED`, `UPDT_ID`, `DESCRIPTION`, `NAME`, `TITLE`, `LANGUAGE_ID`, `ZONE_ID`) VALUES (509,'2022-05-02 12:48:09','2022-05-02 12:48:09',NULL,NULL,'Burgenland',NULL,2,172);
INSERT INTO `zone_description` (`DESCRIPTION_ID`, `DATE_CREATED`, `DATE_MODIFIED`, `UPDT_ID`, `DESCRIPTION`, `NAME`, `TITLE`, `LANGUAGE_ID`, `ZONE_ID`) VALUES (510,'2022-05-02 12:48:09','2022-05-02 12:48:09',NULL,NULL,'Burgenland',NULL,3,172);
INSERT INTO `zone_description` (`DESCRIPTION_ID`, `DATE_CREATED`, `DATE_MODIFIED`, `UPDT_ID`, `DESCRIPTION`, `NAME`, `TITLE`, `LANGUAGE_ID`, `ZONE_ID`) VALUES (511,'2022-05-02 12:48:09','2022-05-02 12:48:09',NULL,NULL,'Avila',NULL,1,173);
INSERT INTO `zone_description` (`DESCRIPTION_ID`, `DATE_CREATED`, `DATE_MODIFIED`, `UPDT_ID`, `DESCRIPTION`, `NAME`, `TITLE`, `LANGUAGE_ID`, `ZONE_ID`) VALUES (512,'2022-05-02 12:48:09','2022-05-02 12:48:09',NULL,NULL,'Avila',NULL,2,173);
INSERT INTO `zone_description` (`DESCRIPTION_ID`, `DATE_CREATED`, `DATE_MODIFIED`, `UPDT_ID`, `DESCRIPTION`, `NAME`, `TITLE`, `LANGUAGE_ID`, `ZONE_ID`) VALUES (513,'2022-05-02 12:48:09','2022-05-02 12:48:09',NULL,NULL,'Avila',NULL,3,173);
INSERT INTO `zone_description` (`DESCRIPTION_ID`, `DATE_CREATED`, `DATE_MODIFIED`, `UPDT_ID`, `DESCRIPTION`, `NAME`, `TITLE`, `LANGUAGE_ID`, `ZONE_ID`) VALUES (514,'2022-05-02 12:48:09','2022-05-02 12:48:09',NULL,NULL,'Oregon',NULL,1,174);
INSERT INTO `zone_description` (`DESCRIPTION_ID`, `DATE_CREATED`, `DATE_MODIFIED`, `UPDT_ID`, `DESCRIPTION`, `NAME`, `TITLE`, `LANGUAGE_ID`, `ZONE_ID`) VALUES (515,'2022-05-02 12:48:09','2022-05-02 12:48:09',NULL,NULL,'Oregon',NULL,2,174);
INSERT INTO `zone_description` (`DESCRIPTION_ID`, `DATE_CREATED`, `DATE_MODIFIED`, `UPDT_ID`, `DESCRIPTION`, `NAME`, `TITLE`, `LANGUAGE_ID`, `ZONE_ID`) VALUES (516,'2022-05-02 12:48:09','2022-05-02 12:48:09',NULL,NULL,'Oregon',NULL,3,174);
INSERT INTO `zone_description` (`DESCRIPTION_ID`, `DATE_CREATED`, `DATE_MODIFIED`, `UPDT_ID`, `DESCRIPTION`, `NAME`, `TITLE`, `LANGUAGE_ID`, `ZONE_ID`) VALUES (517,'2022-05-02 12:48:09','2022-05-02 12:48:09',NULL,NULL,'Salamanca',NULL,1,175);
INSERT INTO `zone_description` (`DESCRIPTION_ID`, `DATE_CREATED`, `DATE_MODIFIED`, `UPDT_ID`, `DESCRIPTION`, `NAME`, `TITLE`, `LANGUAGE_ID`, `ZONE_ID`) VALUES (518,'2022-05-02 12:48:09','2022-05-02 12:48:09',NULL,NULL,'Salamanca',NULL,2,175);
INSERT INTO `zone_description` (`DESCRIPTION_ID`, `DATE_CREATED`, `DATE_MODIFIED`, `UPDT_ID`, `DESCRIPTION`, `NAME`, `TITLE`, `LANGUAGE_ID`, `ZONE_ID`) VALUES (519,'2022-05-02 12:48:09','2022-05-02 12:48:09',NULL,NULL,'Salamanca',NULL,3,175);
INSERT INTO `zone_description` (`DESCRIPTION_ID`, `DATE_CREATED`, `DATE_MODIFIED`, `UPDT_ID`, `DESCRIPTION`, `NAME`, `TITLE`, `LANGUAGE_ID`, `ZONE_ID`) VALUES (520,'2022-05-02 12:48:09','2022-05-02 12:48:09',NULL,NULL,'Glarus',NULL,1,176);
INSERT INTO `zone_description` (`DESCRIPTION_ID`, `DATE_CREATED`, `DATE_MODIFIED`, `UPDT_ID`, `DESCRIPTION`, `NAME`, `TITLE`, `LANGUAGE_ID`, `ZONE_ID`) VALUES (521,'2022-05-02 12:48:09','2022-05-02 12:48:09',NULL,NULL,'Glarus',NULL,2,176);
INSERT INTO `zone_description` (`DESCRIPTION_ID`, `DATE_CREATED`, `DATE_MODIFIED`, `UPDT_ID`, `DESCRIPTION`, `NAME`, `TITLE`, `LANGUAGE_ID`, `ZONE_ID`) VALUES (522,'2022-05-02 12:48:09','2022-05-02 12:48:09',NULL,NULL,'Glarus',NULL,3,176);
INSERT INTO `zone_description` (`DESCRIPTION_ID`, `DATE_CREATED`, `DATE_MODIFIED`, `UPDT_ID`, `DESCRIPTION`, `NAME`, `TITLE`, `LANGUAGE_ID`, `ZONE_ID`) VALUES (523,'2022-05-02 12:48:09','2022-05-02 12:48:09',NULL,NULL,'Baleares',NULL,1,177);
INSERT INTO `zone_description` (`DESCRIPTION_ID`, `DATE_CREATED`, `DATE_MODIFIED`, `UPDT_ID`, `DESCRIPTION`, `NAME`, `TITLE`, `LANGUAGE_ID`, `ZONE_ID`) VALUES (524,'2022-05-02 12:48:09','2022-05-02 12:48:09',NULL,NULL,'Baleares',NULL,2,177);
INSERT INTO `zone_description` (`DESCRIPTION_ID`, `DATE_CREATED`, `DATE_MODIFIED`, `UPDT_ID`, `DESCRIPTION`, `NAME`, `TITLE`, `LANGUAGE_ID`, `ZONE_ID`) VALUES (525,'2022-05-02 12:48:09','2022-05-02 12:48:09',NULL,NULL,'Baleares',NULL,3,177);
INSERT INTO `zone_description` (`DESCRIPTION_ID`, `DATE_CREATED`, `DATE_MODIFIED`, `UPDT_ID`, `DESCRIPTION`, `NAME`, `TITLE`, `LANGUAGE_ID`, `ZONE_ID`) VALUES (526,'2022-05-02 12:48:09','2022-05-02 12:48:09',NULL,NULL,'Obwalden',NULL,1,178);
INSERT INTO `zone_description` (`DESCRIPTION_ID`, `DATE_CREATED`, `DATE_MODIFIED`, `UPDT_ID`, `DESCRIPTION`, `NAME`, `TITLE`, `LANGUAGE_ID`, `ZONE_ID`) VALUES (527,'2022-05-02 12:48:09','2022-05-02 12:48:09',NULL,NULL,'Obwalden',NULL,2,178);
INSERT INTO `zone_description` (`DESCRIPTION_ID`, `DATE_CREATED`, `DATE_MODIFIED`, `UPDT_ID`, `DESCRIPTION`, `NAME`, `TITLE`, `LANGUAGE_ID`, `ZONE_ID`) VALUES (528,'2022-05-02 12:48:09','2022-05-02 12:48:09',NULL,NULL,'Obwalden',NULL,3,178);
INSERT INTO `zone_description` (`DESCRIPTION_ID`, `DATE_CREATED`, `DATE_MODIFIED`, `UPDT_ID`, `DESCRIPTION`, `NAME`, `TITLE`, `LANGUAGE_ID`, `ZONE_ID`) VALUES (529,'2022-05-02 12:48:09','2022-05-02 12:48:09',NULL,NULL,'Graubnden',NULL,1,179);
INSERT INTO `zone_description` (`DESCRIPTION_ID`, `DATE_CREATED`, `DATE_MODIFIED`, `UPDT_ID`, `DESCRIPTION`, `NAME`, `TITLE`, `LANGUAGE_ID`, `ZONE_ID`) VALUES (530,'2022-05-02 12:48:09','2022-05-02 12:48:09',NULL,NULL,'Graubnden',NULL,2,179);
INSERT INTO `zone_description` (`DESCRIPTION_ID`, `DATE_CREATED`, `DATE_MODIFIED`, `UPDT_ID`, `DESCRIPTION`, `NAME`, `TITLE`, `LANGUAGE_ID`, `ZONE_ID`) VALUES (531,'2022-05-02 12:48:09','2022-05-02 12:48:09',NULL,NULL,'Graubnden',NULL,3,179);
INSERT INTO `zone_description` (`DESCRIPTION_ID`, `DATE_CREATED`, `DATE_MODIFIED`, `UPDT_ID`, `DESCRIPTION`, `NAME`, `TITLE`, `LANGUAGE_ID`, `ZONE_ID`) VALUES (532,'2022-05-02 12:48:09','2022-05-02 12:48:09',NULL,NULL,'Guam',NULL,1,180);
INSERT INTO `zone_description` (`DESCRIPTION_ID`, `DATE_CREATED`, `DATE_MODIFIED`, `UPDT_ID`, `DESCRIPTION`, `NAME`, `TITLE`, `LANGUAGE_ID`, `ZONE_ID`) VALUES (533,'2022-05-02 12:48:10','2022-05-02 12:48:10',NULL,NULL,'Guam',NULL,2,180);
INSERT INTO `zone_description` (`DESCRIPTION_ID`, `DATE_CREATED`, `DATE_MODIFIED`, `UPDT_ID`, `DESCRIPTION`, `NAME`, `TITLE`, `LANGUAGE_ID`, `ZONE_ID`) VALUES (534,'2022-05-02 12:48:10','2022-05-02 12:48:10',NULL,NULL,'Guam',NULL,3,180);
INSERT INTO `zone_description` (`DESCRIPTION_ID`, `DATE_CREATED`, `DATE_MODIFIED`, `UPDT_ID`, `DESCRIPTION`, `NAME`, `TITLE`, `LANGUAGE_ID`, `ZONE_ID`) VALUES (535,'2022-05-02 12:48:10','2022-05-02 12:48:10',NULL,NULL,'Pennsylvania',NULL,1,181);
INSERT INTO `zone_description` (`DESCRIPTION_ID`, `DATE_CREATED`, `DATE_MODIFIED`, `UPDT_ID`, `DESCRIPTION`, `NAME`, `TITLE`, `LANGUAGE_ID`, `ZONE_ID`) VALUES (536,'2022-05-02 12:48:10','2022-05-02 12:48:10',NULL,NULL,'Pennsylvanie',NULL,2,181);
INSERT INTO `zone_description` (`DESCRIPTION_ID`, `DATE_CREATED`, `DATE_MODIFIED`, `UPDT_ID`, `DESCRIPTION`, `NAME`, `TITLE`, `LANGUAGE_ID`, `ZONE_ID`) VALUES (537,'2022-05-02 12:48:10','2022-05-02 12:48:10',NULL,NULL,'Pennsylvania',NULL,3,181);
INSERT INTO `zone_description` (`DESCRIPTION_ID`, `DATE_CREATED`, `DATE_MODIFIED`, `UPDT_ID`, `DESCRIPTION`, `NAME`, `TITLE`, `LANGUAGE_ID`, `ZONE_ID`) VALUES (538,'2022-05-02 12:48:10','2022-05-02 12:48:10',NULL,NULL,'Victoria',NULL,1,182);
INSERT INTO `zone_description` (`DESCRIPTION_ID`, `DATE_CREATED`, `DATE_MODIFIED`, `UPDT_ID`, `DESCRIPTION`, `NAME`, `TITLE`, `LANGUAGE_ID`, `ZONE_ID`) VALUES (539,'2022-05-02 12:48:10','2022-05-02 12:48:10',NULL,NULL,'Victoria',NULL,2,182);
INSERT INTO `zone_description` (`DESCRIPTION_ID`, `DATE_CREATED`, `DATE_MODIFIED`, `UPDT_ID`, `DESCRIPTION`, `NAME`, `TITLE`, `LANGUAGE_ID`, `ZONE_ID`) VALUES (540,'2022-05-02 12:48:10','2022-05-02 12:48:10',NULL,NULL,'Victoria',NULL,3,182);
INSERT INTO `zone_description` (`DESCRIPTION_ID`, `DATE_CREATED`, `DATE_MODIFIED`, `UPDT_ID`, `DESCRIPTION`, `NAME`, `TITLE`, `LANGUAGE_ID`, `ZONE_ID`) VALUES (541,'2022-05-02 12:48:10','2022-05-02 12:48:10',NULL,NULL,'Bremen',NULL,1,183);
INSERT INTO `zone_description` (`DESCRIPTION_ID`, `DATE_CREATED`, `DATE_MODIFIED`, `UPDT_ID`, `DESCRIPTION`, `NAME`, `TITLE`, `LANGUAGE_ID`, `ZONE_ID`) VALUES (542,'2022-05-02 12:48:10','2022-05-02 12:48:10',NULL,NULL,'Bremen',NULL,2,183);
INSERT INTO `zone_description` (`DESCRIPTION_ID`, `DATE_CREATED`, `DATE_MODIFIED`, `UPDT_ID`, `DESCRIPTION`, `NAME`, `TITLE`, `LANGUAGE_ID`, `ZONE_ID`) VALUES (543,'2022-05-02 12:48:10','2022-05-02 12:48:10',NULL,NULL,'Bremen',NULL,3,183);
INSERT INTO `zone_description` (`DESCRIPTION_ID`, `DATE_CREATED`, `DATE_MODIFIED`, `UPDT_ID`, `DESCRIPTION`, `NAME`, `TITLE`, `LANGUAGE_ID`, `ZONE_ID`) VALUES (544,'2022-05-02 12:48:10','2022-05-02 12:48:10',NULL,NULL,'Prince Edward Island',NULL,1,184);
INSERT INTO `zone_description` (`DESCRIPTION_ID`, `DATE_CREATED`, `DATE_MODIFIED`, `UPDT_ID`, `DESCRIPTION`, `NAME`, `TITLE`, `LANGUAGE_ID`, `ZONE_ID`) VALUES (545,'2022-05-02 12:48:10','2022-05-02 12:48:10',NULL,NULL,'Île-du-Prince-Édouard',NULL,2,184);
INSERT INTO `zone_description` (`DESCRIPTION_ID`, `DATE_CREATED`, `DATE_MODIFIED`, `UPDT_ID`, `DESCRIPTION`, `NAME`, `TITLE`, `LANGUAGE_ID`, `ZONE_ID`) VALUES (546,'2022-05-02 12:48:10','2022-05-02 12:48:10',NULL,NULL,'Prince Edward Island',NULL,3,184);
INSERT INTO `zone_description` (`DESCRIPTION_ID`, `DATE_CREATED`, `DATE_MODIFIED`, `UPDT_ID`, `DESCRIPTION`, `NAME`, `TITLE`, `LANGUAGE_ID`, `ZONE_ID`) VALUES (547,'2022-05-02 12:48:10','2022-05-02 12:48:10',NULL,NULL,'Brandenburg',NULL,1,185);
INSERT INTO `zone_description` (`DESCRIPTION_ID`, `DATE_CREATED`, `DATE_MODIFIED`, `UPDT_ID`, `DESCRIPTION`, `NAME`, `TITLE`, `LANGUAGE_ID`, `ZONE_ID`) VALUES (548,'2022-05-02 12:48:10','2022-05-02 12:48:10',NULL,NULL,'Brandenburg',NULL,2,185);
INSERT INTO `zone_description` (`DESCRIPTION_ID`, `DATE_CREATED`, `DATE_MODIFIED`, `UPDT_ID`, `DESCRIPTION`, `NAME`, `TITLE`, `LANGUAGE_ID`, `ZONE_ID`) VALUES (549,'2022-05-02 12:48:10','2022-05-02 12:48:10',NULL,NULL,'Brandenburg',NULL,3,185);
INSERT INTO `zone_description` (`DESCRIPTION_ID`, `DATE_CREATED`, `DATE_MODIFIED`, `UPDT_ID`, `DESCRIPTION`, `NAME`, `TITLE`, `LANGUAGE_ID`, `ZONE_ID`) VALUES (550,'2022-05-02 12:48:10','2022-05-02 12:48:10',NULL,NULL,'Hessen',NULL,1,186);
INSERT INTO `zone_description` (`DESCRIPTION_ID`, `DATE_CREATED`, `DATE_MODIFIED`, `UPDT_ID`, `DESCRIPTION`, `NAME`, `TITLE`, `LANGUAGE_ID`, `ZONE_ID`) VALUES (551,'2022-05-02 12:48:10','2022-05-02 12:48:10',NULL,NULL,'Hessen',NULL,2,186);
INSERT INTO `zone_description` (`DESCRIPTION_ID`, `DATE_CREATED`, `DATE_MODIFIED`, `UPDT_ID`, `DESCRIPTION`, `NAME`, `TITLE`, `LANGUAGE_ID`, `ZONE_ID`) VALUES (552,'2022-05-02 12:48:10','2022-05-02 12:48:10',NULL,NULL,'Hessen',NULL,3,186);
INSERT INTO `zone_description` (`DESCRIPTION_ID`, `DATE_CREATED`, `DATE_MODIFIED`, `UPDT_ID`, `DESCRIPTION`, `NAME`, `TITLE`, `LANGUAGE_ID`, `ZONE_ID`) VALUES (553,'2022-05-02 12:48:10','2022-05-02 12:48:10',NULL,NULL,'Almeria',NULL,1,187);
INSERT INTO `zone_description` (`DESCRIPTION_ID`, `DATE_CREATED`, `DATE_MODIFIED`, `UPDT_ID`, `DESCRIPTION`, `NAME`, `TITLE`, `LANGUAGE_ID`, `ZONE_ID`) VALUES (554,'2022-05-02 12:48:10','2022-05-02 12:48:10',NULL,NULL,'Almeria',NULL,2,187);
INSERT INTO `zone_description` (`DESCRIPTION_ID`, `DATE_CREATED`, `DATE_MODIFIED`, `UPDT_ID`, `DESCRIPTION`, `NAME`, `TITLE`, `LANGUAGE_ID`, `ZONE_ID`) VALUES (555,'2022-05-02 12:48:10','2022-05-02 12:48:10',NULL,NULL,'Almeria',NULL,3,187);
INSERT INTO `zone_description` (`DESCRIPTION_ID`, `DATE_CREATED`, `DATE_MODIFIED`, `UPDT_ID`, `DESCRIPTION`, `NAME`, `TITLE`, `LANGUAGE_ID`, `ZONE_ID`) VALUES (556,'2022-05-02 12:48:10','2022-05-02 12:48:10',NULL,NULL,'Baden-Wrttemberg',NULL,1,188);
INSERT INTO `zone_description` (`DESCRIPTION_ID`, `DATE_CREATED`, `DATE_MODIFIED`, `UPDT_ID`, `DESCRIPTION`, `NAME`, `TITLE`, `LANGUAGE_ID`, `ZONE_ID`) VALUES (557,'2022-05-02 12:48:10','2022-05-02 12:48:10',NULL,NULL,'Baden-Wrttemberg',NULL,2,188);
INSERT INTO `zone_description` (`DESCRIPTION_ID`, `DATE_CREATED`, `DATE_MODIFIED`, `UPDT_ID`, `DESCRIPTION`, `NAME`, `TITLE`, `LANGUAGE_ID`, `ZONE_ID`) VALUES (558,'2022-05-02 12:48:10','2022-05-02 12:48:10',NULL,NULL,'Baden-Wrttemberg',NULL,3,188);
INSERT INTO `zone_description` (`DESCRIPTION_ID`, `DATE_CREATED`, `DATE_MODIFIED`, `UPDT_ID`, `DESCRIPTION`, `NAME`, `TITLE`, `LANGUAGE_ID`, `ZONE_ID`) VALUES (559,'2022-05-02 12:48:10','2022-05-02 12:48:10',NULL,NULL,'Bayern',NULL,1,189);
INSERT INTO `zone_description` (`DESCRIPTION_ID`, `DATE_CREATED`, `DATE_MODIFIED`, `UPDT_ID`, `DESCRIPTION`, `NAME`, `TITLE`, `LANGUAGE_ID`, `ZONE_ID`) VALUES (560,'2022-05-02 12:48:11','2022-05-02 12:48:11',NULL,NULL,'Bayern',NULL,2,189);
INSERT INTO `zone_description` (`DESCRIPTION_ID`, `DATE_CREATED`, `DATE_MODIFIED`, `UPDT_ID`, `DESCRIPTION`, `NAME`, `TITLE`, `LANGUAGE_ID`, `ZONE_ID`) VALUES (561,'2022-05-02 12:48:11','2022-05-02 12:48:11',NULL,NULL,'Bayern',NULL,3,189);
INSERT INTO `zone_description` (`DESCRIPTION_ID`, `DATE_CREATED`, `DATE_MODIFIED`, `UPDT_ID`, `DESCRIPTION`, `NAME`, `TITLE`, `LANGUAGE_ID`, `ZONE_ID`) VALUES (562,'2022-05-02 12:48:11','2022-05-02 12:48:11',NULL,NULL,'Navarra',NULL,1,190);
INSERT INTO `zone_description` (`DESCRIPTION_ID`, `DATE_CREATED`, `DATE_MODIFIED`, `UPDT_ID`, `DESCRIPTION`, `NAME`, `TITLE`, `LANGUAGE_ID`, `ZONE_ID`) VALUES (563,'2022-05-02 12:48:11','2022-05-02 12:48:11',NULL,NULL,'Navarra',NULL,2,190);
INSERT INTO `zone_description` (`DESCRIPTION_ID`, `DATE_CREATED`, `DATE_MODIFIED`, `UPDT_ID`, `DESCRIPTION`, `NAME`, `TITLE`, `LANGUAGE_ID`, `ZONE_ID`) VALUES (564,'2022-05-02 12:48:11','2022-05-02 12:48:11',NULL,NULL,'Navarra',NULL,3,190);
INSERT INTO `zone_description` (`DESCRIPTION_ID`, `DATE_CREATED`, `DATE_MODIFIED`, `UPDT_ID`, `DESCRIPTION`, `NAME`, `TITLE`, `LANGUAGE_ID`, `ZONE_ID`) VALUES (565,'2022-05-02 12:48:11','2022-05-02 12:48:11',NULL,NULL,'Valencia',NULL,1,191);
INSERT INTO `zone_description` (`DESCRIPTION_ID`, `DATE_CREATED`, `DATE_MODIFIED`, `UPDT_ID`, `DESCRIPTION`, `NAME`, `TITLE`, `LANGUAGE_ID`, `ZONE_ID`) VALUES (566,'2022-05-02 12:48:11','2022-05-02 12:48:11',NULL,NULL,'Valencia',NULL,2,191);
INSERT INTO `zone_description` (`DESCRIPTION_ID`, `DATE_CREATED`, `DATE_MODIFIED`, `UPDT_ID`, `DESCRIPTION`, `NAME`, `TITLE`, `LANGUAGE_ID`, `ZONE_ID`) VALUES (567,'2022-05-02 12:48:11','2022-05-02 12:48:11',NULL,NULL,'Valencia',NULL,3,191);
INSERT INTO `zone_description` (`DESCRIPTION_ID`, `DATE_CREATED`, `DATE_MODIFIED`, `UPDT_ID`, `DESCRIPTION`, `NAME`, `TITLE`, `LANGUAGE_ID`, `ZONE_ID`) VALUES (568,'2022-05-02 12:48:11','2022-05-02 12:48:11',NULL,NULL,'Schleswig-Holstein',NULL,1,192);
INSERT INTO `zone_description` (`DESCRIPTION_ID`, `DATE_CREATED`, `DATE_MODIFIED`, `UPDT_ID`, `DESCRIPTION`, `NAME`, `TITLE`, `LANGUAGE_ID`, `ZONE_ID`) VALUES (569,'2022-05-02 12:48:11','2022-05-02 12:48:11',NULL,NULL,'Schleswig-Holstein',NULL,2,192);
INSERT INTO `zone_description` (`DESCRIPTION_ID`, `DATE_CREATED`, `DATE_MODIFIED`, `UPDT_ID`, `DESCRIPTION`, `NAME`, `TITLE`, `LANGUAGE_ID`, `ZONE_ID`) VALUES (570,'2022-05-02 12:48:11','2022-05-02 12:48:11',NULL,NULL,'Schleswig-Holstein',NULL,3,192);
INSERT INTO `zone_description` (`DESCRIPTION_ID`, `DATE_CREATED`, `DATE_MODIFIED`, `UPDT_ID`, `DESCRIPTION`, `NAME`, `TITLE`, `LANGUAGE_ID`, `ZONE_ID`) VALUES (571,'2022-05-02 12:48:11','2022-05-02 12:48:11',NULL,NULL,'Andhra Pradesh',NULL,1,193);
INSERT INTO `zone_description` (`DESCRIPTION_ID`, `DATE_CREATED`, `DATE_MODIFIED`, `UPDT_ID`, `DESCRIPTION`, `NAME`, `TITLE`, `LANGUAGE_ID`, `ZONE_ID`) VALUES (572,'2022-05-02 12:48:11','2022-05-02 12:48:11',NULL,NULL,'Andhra Pradesh',NULL,2,193);
INSERT INTO `zone_description` (`DESCRIPTION_ID`, `DATE_CREATED`, `DATE_MODIFIED`, `UPDT_ID`, `DESCRIPTION`, `NAME`, `TITLE`, `LANGUAGE_ID`, `ZONE_ID`) VALUES (573,'2022-05-02 12:48:11','2022-05-02 12:48:11',NULL,NULL,'Andhra Pradesh',NULL,3,193);
INSERT INTO `zone_description` (`DESCRIPTION_ID`, `DATE_CREATED`, `DATE_MODIFIED`, `UPDT_ID`, `DESCRIPTION`, `NAME`, `TITLE`, `LANGUAGE_ID`, `ZONE_ID`) VALUES (574,'2022-05-02 12:48:11','2022-05-02 12:48:11',NULL,NULL,'Arunachal Pradesh',NULL,1,194);
INSERT INTO `zone_description` (`DESCRIPTION_ID`, `DATE_CREATED`, `DATE_MODIFIED`, `UPDT_ID`, `DESCRIPTION`, `NAME`, `TITLE`, `LANGUAGE_ID`, `ZONE_ID`) VALUES (575,'2022-05-02 12:48:11','2022-05-02 12:48:11',NULL,NULL,'Arunachal Pradesh',NULL,2,194);
INSERT INTO `zone_description` (`DESCRIPTION_ID`, `DATE_CREATED`, `DATE_MODIFIED`, `UPDT_ID`, `DESCRIPTION`, `NAME`, `TITLE`, `LANGUAGE_ID`, `ZONE_ID`) VALUES (576,'2022-05-02 12:48:11','2022-05-02 12:48:11',NULL,NULL,'Arunachal Pradesh',NULL,3,194);
INSERT INTO `zone_description` (`DESCRIPTION_ID`, `DATE_CREATED`, `DATE_MODIFIED`, `UPDT_ID`, `DESCRIPTION`, `NAME`, `TITLE`, `LANGUAGE_ID`, `ZONE_ID`) VALUES (577,'2022-05-02 12:48:11','2022-05-02 12:48:11',NULL,NULL,'Assam',NULL,1,195);
INSERT INTO `zone_description` (`DESCRIPTION_ID`, `DATE_CREATED`, `DATE_MODIFIED`, `UPDT_ID`, `DESCRIPTION`, `NAME`, `TITLE`, `LANGUAGE_ID`, `ZONE_ID`) VALUES (578,'2022-05-02 12:48:11','2022-05-02 12:48:11',NULL,NULL,'Assam',NULL,2,195);
INSERT INTO `zone_description` (`DESCRIPTION_ID`, `DATE_CREATED`, `DATE_MODIFIED`, `UPDT_ID`, `DESCRIPTION`, `NAME`, `TITLE`, `LANGUAGE_ID`, `ZONE_ID`) VALUES (579,'2022-05-02 12:48:11','2022-05-02 12:48:11',NULL,NULL,'Assam',NULL,3,195);
INSERT INTO `zone_description` (`DESCRIPTION_ID`, `DATE_CREATED`, `DATE_MODIFIED`, `UPDT_ID`, `DESCRIPTION`, `NAME`, `TITLE`, `LANGUAGE_ID`, `ZONE_ID`) VALUES (580,'2022-05-02 12:48:11','2022-05-02 12:48:11',NULL,NULL,'Bihar',NULL,1,196);
INSERT INTO `zone_description` (`DESCRIPTION_ID`, `DATE_CREATED`, `DATE_MODIFIED`, `UPDT_ID`, `DESCRIPTION`, `NAME`, `TITLE`, `LANGUAGE_ID`, `ZONE_ID`) VALUES (581,'2022-05-02 12:48:11','2022-05-02 12:48:11',NULL,NULL,'Bihar',NULL,2,196);
INSERT INTO `zone_description` (`DESCRIPTION_ID`, `DATE_CREATED`, `DATE_MODIFIED`, `UPDT_ID`, `DESCRIPTION`, `NAME`, `TITLE`, `LANGUAGE_ID`, `ZONE_ID`) VALUES (582,'2022-05-02 12:48:11','2022-05-02 12:48:11',NULL,NULL,'Bihar',NULL,3,196);
INSERT INTO `zone_description` (`DESCRIPTION_ID`, `DATE_CREATED`, `DATE_MODIFIED`, `UPDT_ID`, `DESCRIPTION`, `NAME`, `TITLE`, `LANGUAGE_ID`, `ZONE_ID`) VALUES (583,'2022-05-02 12:48:11','2022-05-02 12:48:11',NULL,NULL,'Chhattisgarh',NULL,1,197);
INSERT INTO `zone_description` (`DESCRIPTION_ID`, `DATE_CREATED`, `DATE_MODIFIED`, `UPDT_ID`, `DESCRIPTION`, `NAME`, `TITLE`, `LANGUAGE_ID`, `ZONE_ID`) VALUES (584,'2022-05-02 12:48:11','2022-05-02 12:48:11',NULL,NULL,'Chhattisgarh',NULL,2,197);
INSERT INTO `zone_description` (`DESCRIPTION_ID`, `DATE_CREATED`, `DATE_MODIFIED`, `UPDT_ID`, `DESCRIPTION`, `NAME`, `TITLE`, `LANGUAGE_ID`, `ZONE_ID`) VALUES (585,'2022-05-02 12:48:12','2022-05-02 12:48:12',NULL,NULL,'Chhattisgarh',NULL,3,197);
INSERT INTO `zone_description` (`DESCRIPTION_ID`, `DATE_CREATED`, `DATE_MODIFIED`, `UPDT_ID`, `DESCRIPTION`, `NAME`, `TITLE`, `LANGUAGE_ID`, `ZONE_ID`) VALUES (586,'2022-05-02 12:48:12','2022-05-02 12:48:12',NULL,NULL,'Goa',NULL,1,198);
INSERT INTO `zone_description` (`DESCRIPTION_ID`, `DATE_CREATED`, `DATE_MODIFIED`, `UPDT_ID`, `DESCRIPTION`, `NAME`, `TITLE`, `LANGUAGE_ID`, `ZONE_ID`) VALUES (587,'2022-05-02 12:48:12','2022-05-02 12:48:12',NULL,NULL,'Goa',NULL,2,198);
INSERT INTO `zone_description` (`DESCRIPTION_ID`, `DATE_CREATED`, `DATE_MODIFIED`, `UPDT_ID`, `DESCRIPTION`, `NAME`, `TITLE`, `LANGUAGE_ID`, `ZONE_ID`) VALUES (588,'2022-05-02 12:48:12','2022-05-02 12:48:12',NULL,NULL,'Goa',NULL,3,198);
INSERT INTO `zone_description` (`DESCRIPTION_ID`, `DATE_CREATED`, `DATE_MODIFIED`, `UPDT_ID`, `DESCRIPTION`, `NAME`, `TITLE`, `LANGUAGE_ID`, `ZONE_ID`) VALUES (589,'2022-05-02 12:48:12','2022-05-02 12:48:12',NULL,NULL,'Gujarat',NULL,1,199);
INSERT INTO `zone_description` (`DESCRIPTION_ID`, `DATE_CREATED`, `DATE_MODIFIED`, `UPDT_ID`, `DESCRIPTION`, `NAME`, `TITLE`, `LANGUAGE_ID`, `ZONE_ID`) VALUES (590,'2022-05-02 12:48:12','2022-05-02 12:48:12',NULL,NULL,'Gujarat',NULL,2,199);
INSERT INTO `zone_description` (`DESCRIPTION_ID`, `DATE_CREATED`, `DATE_MODIFIED`, `UPDT_ID`, `DESCRIPTION`, `NAME`, `TITLE`, `LANGUAGE_ID`, `ZONE_ID`) VALUES (591,'2022-05-02 12:48:12','2022-05-02 12:48:12',NULL,NULL,'Gujarat',NULL,3,199);
INSERT INTO `zone_description` (`DESCRIPTION_ID`, `DATE_CREATED`, `DATE_MODIFIED`, `UPDT_ID`, `DESCRIPTION`, `NAME`, `TITLE`, `LANGUAGE_ID`, `ZONE_ID`) VALUES (592,'2022-05-02 12:48:12','2022-05-02 12:48:12',NULL,NULL,'Haryana',NULL,1,200);
INSERT INTO `zone_description` (`DESCRIPTION_ID`, `DATE_CREATED`, `DATE_MODIFIED`, `UPDT_ID`, `DESCRIPTION`, `NAME`, `TITLE`, `LANGUAGE_ID`, `ZONE_ID`) VALUES (593,'2022-05-02 12:48:12','2022-05-02 12:48:12',NULL,NULL,'Haryana',NULL,2,200);
INSERT INTO `zone_description` (`DESCRIPTION_ID`, `DATE_CREATED`, `DATE_MODIFIED`, `UPDT_ID`, `DESCRIPTION`, `NAME`, `TITLE`, `LANGUAGE_ID`, `ZONE_ID`) VALUES (594,'2022-05-02 12:48:12','2022-05-02 12:48:12',NULL,NULL,'Haryana',NULL,3,200);
INSERT INTO `zone_description` (`DESCRIPTION_ID`, `DATE_CREATED`, `DATE_MODIFIED`, `UPDT_ID`, `DESCRIPTION`, `NAME`, `TITLE`, `LANGUAGE_ID`, `ZONE_ID`) VALUES (595,'2022-05-02 12:48:12','2022-05-02 12:48:12',NULL,NULL,'Himachal Pradesh',NULL,1,201);
INSERT INTO `zone_description` (`DESCRIPTION_ID`, `DATE_CREATED`, `DATE_MODIFIED`, `UPDT_ID`, `DESCRIPTION`, `NAME`, `TITLE`, `LANGUAGE_ID`, `ZONE_ID`) VALUES (596,'2022-05-02 12:48:12','2022-05-02 12:48:12',NULL,NULL,'Himachal Pradesh',NULL,2,201);
INSERT INTO `zone_description` (`DESCRIPTION_ID`, `DATE_CREATED`, `DATE_MODIFIED`, `UPDT_ID`, `DESCRIPTION`, `NAME`, `TITLE`, `LANGUAGE_ID`, `ZONE_ID`) VALUES (597,'2022-05-02 12:48:12','2022-05-02 12:48:12',NULL,NULL,'Himachal Pradesh',NULL,3,201);
INSERT INTO `zone_description` (`DESCRIPTION_ID`, `DATE_CREATED`, `DATE_MODIFIED`, `UPDT_ID`, `DESCRIPTION`, `NAME`, `TITLE`, `LANGUAGE_ID`, `ZONE_ID`) VALUES (598,'2022-05-02 12:48:12','2022-05-02 12:48:12',NULL,NULL,'Jharkhand',NULL,1,202);
INSERT INTO `zone_description` (`DESCRIPTION_ID`, `DATE_CREATED`, `DATE_MODIFIED`, `UPDT_ID`, `DESCRIPTION`, `NAME`, `TITLE`, `LANGUAGE_ID`, `ZONE_ID`) VALUES (599,'2022-05-02 12:48:12','2022-05-02 12:48:12',NULL,NULL,'Jharkhand',NULL,2,202);
INSERT INTO `zone_description` (`DESCRIPTION_ID`, `DATE_CREATED`, `DATE_MODIFIED`, `UPDT_ID`, `DESCRIPTION`, `NAME`, `TITLE`, `LANGUAGE_ID`, `ZONE_ID`) VALUES (600,'2022-05-02 12:48:12','2022-05-02 12:48:12',NULL,NULL,'Jharkhand',NULL,3,202);
INSERT INTO `zone_description` (`DESCRIPTION_ID`, `DATE_CREATED`, `DATE_MODIFIED`, `UPDT_ID`, `DESCRIPTION`, `NAME`, `TITLE`, `LANGUAGE_ID`, `ZONE_ID`) VALUES (601,'2022-05-02 12:48:12','2022-05-02 12:48:12',NULL,NULL,'Karnataka',NULL,1,203);
INSERT INTO `zone_description` (`DESCRIPTION_ID`, `DATE_CREATED`, `DATE_MODIFIED`, `UPDT_ID`, `DESCRIPTION`, `NAME`, `TITLE`, `LANGUAGE_ID`, `ZONE_ID`) VALUES (602,'2022-05-02 12:48:12','2022-05-02 12:48:12',NULL,NULL,'Karnataka',NULL,2,203);
INSERT INTO `zone_description` (`DESCRIPTION_ID`, `DATE_CREATED`, `DATE_MODIFIED`, `UPDT_ID`, `DESCRIPTION`, `NAME`, `TITLE`, `LANGUAGE_ID`, `ZONE_ID`) VALUES (603,'2022-05-02 12:48:12','2022-05-02 12:48:12',NULL,NULL,'Karnataka',NULL,3,203);
INSERT INTO `zone_description` (`DESCRIPTION_ID`, `DATE_CREATED`, `DATE_MODIFIED`, `UPDT_ID`, `DESCRIPTION`, `NAME`, `TITLE`, `LANGUAGE_ID`, `ZONE_ID`) VALUES (604,'2022-05-02 12:48:12','2022-05-02 12:48:12',NULL,NULL,'Kerala',NULL,1,204);
INSERT INTO `zone_description` (`DESCRIPTION_ID`, `DATE_CREATED`, `DATE_MODIFIED`, `UPDT_ID`, `DESCRIPTION`, `NAME`, `TITLE`, `LANGUAGE_ID`, `ZONE_ID`) VALUES (605,'2022-05-02 12:48:12','2022-05-02 12:48:12',NULL,NULL,'Kerala',NULL,2,204);
INSERT INTO `zone_description` (`DESCRIPTION_ID`, `DATE_CREATED`, `DATE_MODIFIED`, `UPDT_ID`, `DESCRIPTION`, `NAME`, `TITLE`, `LANGUAGE_ID`, `ZONE_ID`) VALUES (606,'2022-05-02 12:48:12','2022-05-02 12:48:12',NULL,NULL,'Kerala',NULL,3,204);
INSERT INTO `zone_description` (`DESCRIPTION_ID`, `DATE_CREATED`, `DATE_MODIFIED`, `UPDT_ID`, `DESCRIPTION`, `NAME`, `TITLE`, `LANGUAGE_ID`, `ZONE_ID`) VALUES (607,'2022-05-02 12:48:12','2022-05-02 12:48:12',NULL,NULL,'Madhya Pradesh',NULL,1,205);
INSERT INTO `zone_description` (`DESCRIPTION_ID`, `DATE_CREATED`, `DATE_MODIFIED`, `UPDT_ID`, `DESCRIPTION`, `NAME`, `TITLE`, `LANGUAGE_ID`, `ZONE_ID`) VALUES (608,'2022-05-02 12:48:13','2022-05-02 12:48:13',NULL,NULL,'Madhya Pradesh',NULL,2,205);
INSERT INTO `zone_description` (`DESCRIPTION_ID`, `DATE_CREATED`, `DATE_MODIFIED`, `UPDT_ID`, `DESCRIPTION`, `NAME`, `TITLE`, `LANGUAGE_ID`, `ZONE_ID`) VALUES (609,'2022-05-02 12:48:13','2022-05-02 12:48:13',NULL,NULL,'Madhya Pradesh',NULL,3,205);
INSERT INTO `zone_description` (`DESCRIPTION_ID`, `DATE_CREATED`, `DATE_MODIFIED`, `UPDT_ID`, `DESCRIPTION`, `NAME`, `TITLE`, `LANGUAGE_ID`, `ZONE_ID`) VALUES (610,'2022-05-02 12:48:13','2022-05-02 12:48:13',NULL,NULL,'Maharashtra',NULL,1,206);
INSERT INTO `zone_description` (`DESCRIPTION_ID`, `DATE_CREATED`, `DATE_MODIFIED`, `UPDT_ID`, `DESCRIPTION`, `NAME`, `TITLE`, `LANGUAGE_ID`, `ZONE_ID`) VALUES (611,'2022-05-02 12:48:13','2022-05-02 12:48:13',NULL,NULL,'Maharashtra',NULL,2,206);
INSERT INTO `zone_description` (`DESCRIPTION_ID`, `DATE_CREATED`, `DATE_MODIFIED`, `UPDT_ID`, `DESCRIPTION`, `NAME`, `TITLE`, `LANGUAGE_ID`, `ZONE_ID`) VALUES (612,'2022-05-02 12:48:13','2022-05-02 12:48:13',NULL,NULL,'Maharashtra',NULL,3,206);
INSERT INTO `zone_description` (`DESCRIPTION_ID`, `DATE_CREATED`, `DATE_MODIFIED`, `UPDT_ID`, `DESCRIPTION`, `NAME`, `TITLE`, `LANGUAGE_ID`, `ZONE_ID`) VALUES (613,'2022-05-02 12:48:13','2022-05-02 12:48:13',NULL,NULL,'Manipur',NULL,1,207);
INSERT INTO `zone_description` (`DESCRIPTION_ID`, `DATE_CREATED`, `DATE_MODIFIED`, `UPDT_ID`, `DESCRIPTION`, `NAME`, `TITLE`, `LANGUAGE_ID`, `ZONE_ID`) VALUES (614,'2022-05-02 12:48:13','2022-05-02 12:48:13',NULL,NULL,'Manipur',NULL,2,207);
INSERT INTO `zone_description` (`DESCRIPTION_ID`, `DATE_CREATED`, `DATE_MODIFIED`, `UPDT_ID`, `DESCRIPTION`, `NAME`, `TITLE`, `LANGUAGE_ID`, `ZONE_ID`) VALUES (615,'2022-05-02 12:48:13','2022-05-02 12:48:13',NULL,NULL,'Manipur',NULL,3,207);
INSERT INTO `zone_description` (`DESCRIPTION_ID`, `DATE_CREATED`, `DATE_MODIFIED`, `UPDT_ID`, `DESCRIPTION`, `NAME`, `TITLE`, `LANGUAGE_ID`, `ZONE_ID`) VALUES (616,'2022-05-02 12:48:13','2022-05-02 12:48:13',NULL,NULL,'Meghalaya',NULL,1,208);
INSERT INTO `zone_description` (`DESCRIPTION_ID`, `DATE_CREATED`, `DATE_MODIFIED`, `UPDT_ID`, `DESCRIPTION`, `NAME`, `TITLE`, `LANGUAGE_ID`, `ZONE_ID`) VALUES (617,'2022-05-02 12:48:13','2022-05-02 12:48:13',NULL,NULL,'Meghalaya',NULL,2,208);
INSERT INTO `zone_description` (`DESCRIPTION_ID`, `DATE_CREATED`, `DATE_MODIFIED`, `UPDT_ID`, `DESCRIPTION`, `NAME`, `TITLE`, `LANGUAGE_ID`, `ZONE_ID`) VALUES (618,'2022-05-02 12:48:13','2022-05-02 12:48:13',NULL,NULL,'Meghalaya',NULL,3,208);
INSERT INTO `zone_description` (`DESCRIPTION_ID`, `DATE_CREATED`, `DATE_MODIFIED`, `UPDT_ID`, `DESCRIPTION`, `NAME`, `TITLE`, `LANGUAGE_ID`, `ZONE_ID`) VALUES (619,'2022-05-02 12:48:13','2022-05-02 12:48:13',NULL,NULL,'Mizoram',NULL,1,209);
INSERT INTO `zone_description` (`DESCRIPTION_ID`, `DATE_CREATED`, `DATE_MODIFIED`, `UPDT_ID`, `DESCRIPTION`, `NAME`, `TITLE`, `LANGUAGE_ID`, `ZONE_ID`) VALUES (620,'2022-05-02 12:48:13','2022-05-02 12:48:13',NULL,NULL,'Mizoram',NULL,2,209);
INSERT INTO `zone_description` (`DESCRIPTION_ID`, `DATE_CREATED`, `DATE_MODIFIED`, `UPDT_ID`, `DESCRIPTION`, `NAME`, `TITLE`, `LANGUAGE_ID`, `ZONE_ID`) VALUES (621,'2022-05-02 12:48:13','2022-05-02 12:48:13',NULL,NULL,'Mizoram',NULL,3,209);
INSERT INTO `zone_description` (`DESCRIPTION_ID`, `DATE_CREATED`, `DATE_MODIFIED`, `UPDT_ID`, `DESCRIPTION`, `NAME`, `TITLE`, `LANGUAGE_ID`, `ZONE_ID`) VALUES (622,'2022-05-02 12:48:13','2022-05-02 12:48:13',NULL,NULL,'Nagaland',NULL,1,210);
INSERT INTO `zone_description` (`DESCRIPTION_ID`, `DATE_CREATED`, `DATE_MODIFIED`, `UPDT_ID`, `DESCRIPTION`, `NAME`, `TITLE`, `LANGUAGE_ID`, `ZONE_ID`) VALUES (623,'2022-05-02 12:48:13','2022-05-02 12:48:13',NULL,NULL,'Nagaland',NULL,2,210);
INSERT INTO `zone_description` (`DESCRIPTION_ID`, `DATE_CREATED`, `DATE_MODIFIED`, `UPDT_ID`, `DESCRIPTION`, `NAME`, `TITLE`, `LANGUAGE_ID`, `ZONE_ID`) VALUES (624,'2022-05-02 12:48:13','2022-05-02 12:48:13',NULL,NULL,'Nagaland',NULL,3,210);
INSERT INTO `zone_description` (`DESCRIPTION_ID`, `DATE_CREATED`, `DATE_MODIFIED`, `UPDT_ID`, `DESCRIPTION`, `NAME`, `TITLE`, `LANGUAGE_ID`, `ZONE_ID`) VALUES (625,'2022-05-02 12:48:13','2022-05-02 12:48:13',NULL,NULL,'Odisha',NULL,1,211);
INSERT INTO `zone_description` (`DESCRIPTION_ID`, `DATE_CREATED`, `DATE_MODIFIED`, `UPDT_ID`, `DESCRIPTION`, `NAME`, `TITLE`, `LANGUAGE_ID`, `ZONE_ID`) VALUES (626,'2022-05-02 12:48:13','2022-05-02 12:48:13',NULL,NULL,'Odisha',NULL,2,211);
INSERT INTO `zone_description` (`DESCRIPTION_ID`, `DATE_CREATED`, `DATE_MODIFIED`, `UPDT_ID`, `DESCRIPTION`, `NAME`, `TITLE`, `LANGUAGE_ID`, `ZONE_ID`) VALUES (627,'2022-05-02 12:48:13','2022-05-02 12:48:13',NULL,NULL,'Odisha',NULL,3,211);
INSERT INTO `zone_description` (`DESCRIPTION_ID`, `DATE_CREATED`, `DATE_MODIFIED`, `UPDT_ID`, `DESCRIPTION`, `NAME`, `TITLE`, `LANGUAGE_ID`, `ZONE_ID`) VALUES (628,'2022-05-02 12:48:13','2022-05-02 12:48:13',NULL,NULL,'Punjab',NULL,1,212);
INSERT INTO `zone_description` (`DESCRIPTION_ID`, `DATE_CREATED`, `DATE_MODIFIED`, `UPDT_ID`, `DESCRIPTION`, `NAME`, `TITLE`, `LANGUAGE_ID`, `ZONE_ID`) VALUES (629,'2022-05-02 12:48:13','2022-05-02 12:48:13',NULL,NULL,'Punjab',NULL,2,212);
INSERT INTO `zone_description` (`DESCRIPTION_ID`, `DATE_CREATED`, `DATE_MODIFIED`, `UPDT_ID`, `DESCRIPTION`, `NAME`, `TITLE`, `LANGUAGE_ID`, `ZONE_ID`) VALUES (630,'2022-05-02 12:48:13','2022-05-02 12:48:13',NULL,NULL,'Punjab',NULL,3,212);
INSERT INTO `zone_description` (`DESCRIPTION_ID`, `DATE_CREATED`, `DATE_MODIFIED`, `UPDT_ID`, `DESCRIPTION`, `NAME`, `TITLE`, `LANGUAGE_ID`, `ZONE_ID`) VALUES (631,'2022-05-02 12:48:13','2022-05-02 12:48:13',NULL,NULL,'Rajasthan',NULL,1,213);
INSERT INTO `zone_description` (`DESCRIPTION_ID`, `DATE_CREATED`, `DATE_MODIFIED`, `UPDT_ID`, `DESCRIPTION`, `NAME`, `TITLE`, `LANGUAGE_ID`, `ZONE_ID`) VALUES (632,'2022-05-02 12:48:13','2022-05-02 12:48:13',NULL,NULL,'Rajasthan',NULL,2,213);
INSERT INTO `zone_description` (`DESCRIPTION_ID`, `DATE_CREATED`, `DATE_MODIFIED`, `UPDT_ID`, `DESCRIPTION`, `NAME`, `TITLE`, `LANGUAGE_ID`, `ZONE_ID`) VALUES (633,'2022-05-02 12:48:13','2022-05-02 12:48:13',NULL,NULL,'Rajasthan',NULL,3,213);
INSERT INTO `zone_description` (`DESCRIPTION_ID`, `DATE_CREATED`, `DATE_MODIFIED`, `UPDT_ID`, `DESCRIPTION`, `NAME`, `TITLE`, `LANGUAGE_ID`, `ZONE_ID`) VALUES (634,'2022-05-02 12:48:13','2022-05-02 12:48:13',NULL,NULL,'Sikkim',NULL,1,214);
INSERT INTO `zone_description` (`DESCRIPTION_ID`, `DATE_CREATED`, `DATE_MODIFIED`, `UPDT_ID`, `DESCRIPTION`, `NAME`, `TITLE`, `LANGUAGE_ID`, `ZONE_ID`) VALUES (635,'2022-05-02 12:48:14','2022-05-02 12:48:14',NULL,NULL,'Sikkim',NULL,2,214);
INSERT INTO `zone_description` (`DESCRIPTION_ID`, `DATE_CREATED`, `DATE_MODIFIED`, `UPDT_ID`, `DESCRIPTION`, `NAME`, `TITLE`, `LANGUAGE_ID`, `ZONE_ID`) VALUES (636,'2022-05-02 12:48:14','2022-05-02 12:48:14',NULL,NULL,'Sikkim',NULL,3,214);
INSERT INTO `zone_description` (`DESCRIPTION_ID`, `DATE_CREATED`, `DATE_MODIFIED`, `UPDT_ID`, `DESCRIPTION`, `NAME`, `TITLE`, `LANGUAGE_ID`, `ZONE_ID`) VALUES (637,'2022-05-02 12:48:14','2022-05-02 12:48:14',NULL,NULL,'Tamil Nadu',NULL,1,215);
INSERT INTO `zone_description` (`DESCRIPTION_ID`, `DATE_CREATED`, `DATE_MODIFIED`, `UPDT_ID`, `DESCRIPTION`, `NAME`, `TITLE`, `LANGUAGE_ID`, `ZONE_ID`) VALUES (638,'2022-05-02 12:48:14','2022-05-02 12:48:14',NULL,NULL,'Tamil Nadu',NULL,2,215);
INSERT INTO `zone_description` (`DESCRIPTION_ID`, `DATE_CREATED`, `DATE_MODIFIED`, `UPDT_ID`, `DESCRIPTION`, `NAME`, `TITLE`, `LANGUAGE_ID`, `ZONE_ID`) VALUES (639,'2022-05-02 12:48:14','2022-05-02 12:48:14',NULL,NULL,'Tamil Nadu',NULL,3,215);
INSERT INTO `zone_description` (`DESCRIPTION_ID`, `DATE_CREATED`, `DATE_MODIFIED`, `UPDT_ID`, `DESCRIPTION`, `NAME`, `TITLE`, `LANGUAGE_ID`, `ZONE_ID`) VALUES (640,'2022-05-02 12:48:14','2022-05-02 12:48:14',NULL,NULL,'Telangana',NULL,1,216);
INSERT INTO `zone_description` (`DESCRIPTION_ID`, `DATE_CREATED`, `DATE_MODIFIED`, `UPDT_ID`, `DESCRIPTION`, `NAME`, `TITLE`, `LANGUAGE_ID`, `ZONE_ID`) VALUES (641,'2022-05-02 12:48:14','2022-05-02 12:48:14',NULL,NULL,'Telangana',NULL,2,216);
INSERT INTO `zone_description` (`DESCRIPTION_ID`, `DATE_CREATED`, `DATE_MODIFIED`, `UPDT_ID`, `DESCRIPTION`, `NAME`, `TITLE`, `LANGUAGE_ID`, `ZONE_ID`) VALUES (642,'2022-05-02 12:48:14','2022-05-02 12:48:14',NULL,NULL,'Telangana',NULL,3,216);
INSERT INTO `zone_description` (`DESCRIPTION_ID`, `DATE_CREATED`, `DATE_MODIFIED`, `UPDT_ID`, `DESCRIPTION`, `NAME`, `TITLE`, `LANGUAGE_ID`, `ZONE_ID`) VALUES (643,'2022-05-02 12:48:14','2022-05-02 12:48:14',NULL,NULL,'Tripura',NULL,1,217);
INSERT INTO `zone_description` (`DESCRIPTION_ID`, `DATE_CREATED`, `DATE_MODIFIED`, `UPDT_ID`, `DESCRIPTION`, `NAME`, `TITLE`, `LANGUAGE_ID`, `ZONE_ID`) VALUES (644,'2022-05-02 12:48:14','2022-05-02 12:48:14',NULL,NULL,'Tripura',NULL,2,217);
INSERT INTO `zone_description` (`DESCRIPTION_ID`, `DATE_CREATED`, `DATE_MODIFIED`, `UPDT_ID`, `DESCRIPTION`, `NAME`, `TITLE`, `LANGUAGE_ID`, `ZONE_ID`) VALUES (645,'2022-05-02 12:48:14','2022-05-02 12:48:14',NULL,NULL,'Tripura',NULL,3,217);
INSERT INTO `zone_description` (`DESCRIPTION_ID`, `DATE_CREATED`, `DATE_MODIFIED`, `UPDT_ID`, `DESCRIPTION`, `NAME`, `TITLE`, `LANGUAGE_ID`, `ZONE_ID`) VALUES (646,'2022-05-02 12:48:14','2022-05-02 12:48:14',NULL,NULL,'Uttarakhand',NULL,1,218);
INSERT INTO `zone_description` (`DESCRIPTION_ID`, `DATE_CREATED`, `DATE_MODIFIED`, `UPDT_ID`, `DESCRIPTION`, `NAME`, `TITLE`, `LANGUAGE_ID`, `ZONE_ID`) VALUES (647,'2022-05-02 12:48:14','2022-05-02 12:48:14',NULL,NULL,'Uttarakhand',NULL,2,218);
INSERT INTO `zone_description` (`DESCRIPTION_ID`, `DATE_CREATED`, `DATE_MODIFIED`, `UPDT_ID`, `DESCRIPTION`, `NAME`, `TITLE`, `LANGUAGE_ID`, `ZONE_ID`) VALUES (648,'2022-05-02 12:48:14','2022-05-02 12:48:14',NULL,NULL,'Uttarakhand',NULL,3,218);
INSERT INTO `zone_description` (`DESCRIPTION_ID`, `DATE_CREATED`, `DATE_MODIFIED`, `UPDT_ID`, `DESCRIPTION`, `NAME`, `TITLE`, `LANGUAGE_ID`, `ZONE_ID`) VALUES (649,'2022-05-02 12:48:14','2022-05-02 12:48:14',NULL,NULL,'West Bengal',NULL,1,219);
INSERT INTO `zone_description` (`DESCRIPTION_ID`, `DATE_CREATED`, `DATE_MODIFIED`, `UPDT_ID`, `DESCRIPTION`, `NAME`, `TITLE`, `LANGUAGE_ID`, `ZONE_ID`) VALUES (650,'2022-05-02 12:48:14','2022-05-02 12:48:14',NULL,NULL,'West Bengal',NULL,2,219);
INSERT INTO `zone_description` (`DESCRIPTION_ID`, `DATE_CREATED`, `DATE_MODIFIED`, `UPDT_ID`, `DESCRIPTION`, `NAME`, `TITLE`, `LANGUAGE_ID`, `ZONE_ID`) VALUES (651,'2022-05-02 12:48:14','2022-05-02 12:48:14',NULL,NULL,'West Bengal',NULL,3,219);

/*!40101 SET SQL_MODE=@OLD_SQL_MODE */;
/*!40014 SET FOREIGN_KEY_CHECKS=@OLD_FOREIGN_KEY_CHECKS */;
/*!40014 SET UNIQUE_CHECKS=@OLD_UNIQUE_CHECKS */;
/*!40101 SET CHARACTER_SET_CLIENT=@OLD_CHARACTER_SET_CLIENT */;
/*!40101 SET CHARACTER_SET_RESULTS=@OLD_CHARACTER_SET_RESULTS */;
/*!40101 SET COLLATION_CONNECTION=@OLD_COLLATION_CONNECTION */;
/*!40111 SET SQL_NOTES=@OLD_SQL_NOTES */;

-- Dump completed
